"File","Term","Present","Status"
"01_CORE\material_identity.md","base material","True","TERM_PRESENT_CONTEXT_REVIEW_REQUIRED"
"01_CORE\material_identity.md","physical identity","True","TERM_PRESENT_CONTEXT_REVIEW_REQUIRED"
"01_CORE\material_identity.md","texture","True","TERM_PRESENT_CONTEXT_REVIEW_REQUIRED"
"01_CORE\material_identity.md","behavior","True","TERM_PRESENT_CONTEXT_REVIEW_REQUIRED"
"01_CORE\material_identity.md","construction","True","TERM_PRESENT_CONTEXT_REVIEW_REQUIRED"
"01_CORE\material_identity.md","substitution","True","TERM_PRESENT_CONTEXT_REVIEW_REQUIRED"
"06_STATES\material_state_model.md","dry","True","TERM_PRESENT_CONTEXT_REVIEW_REQUIRED"
"06_STATES\material_state_model.md","wet","True","TERM_PRESENT_CONTEXT_REVIEW_REQUIRED"
"06_STATES\material_state_model.md","persistence","True","TERM_PRESENT_CONTEXT_REVIEW_REQUIRED"
"06_STATES\material_state_model.md","cause","True","TERM_PRESENT_CONTEXT_REVIEW_REQUIRED"
"06_STATES\material_state_model.md","state","True","TERM_PRESENT_CONTEXT_REVIEW_REQUIRED"
"02_MATERIAL_DATABASE\03_source_and_evidence_rules.md","function","True","TERM_PRESENT_CONTEXT_REVIEW_REQUIRED"
"02_MATERIAL_DATABASE\03_source_and_evidence_rules.md","environment","True","TERM_PRESENT_CONTEXT_REVIEW_REQUIRED"
"02_MATERIAL_DATABASE\03_source_and_evidence_rules.md","physical plausibility","True","TERM_PRESENT_CONTEXT_REVIEW_REQUIRED"
"02_MATERIAL_DATABASE\03_source_and_evidence_rules.md","continuity","True","TERM_PRESENT_CONTEXT_REVIEW_REQUIRED"
"02_MATERIAL_DATABASE\03_source_and_evidence_rules.md","feasibility","True","TERM_PRESENT_CONTEXT_REVIEW_REQUIRED"
"02_MATERIAL_DATABASE\03_source_and_evidence_rules.md","reconstruction","True","TERM_PRESENT_CONTEXT_REVIEW_REQUIRED"
"01_CORE\material_master.md","domain","True","TERM_PRESENT_CONTEXT_REVIEW_REQUIRED"
"01_CORE\material_master.md","generic shader","True","TERM_PRESENT_CONTEXT_REVIEW_REQUIRED"
"01_CORE\material_master.md","material identity","True","TERM_PRESENT_CONTEXT_REVIEW_REQUIRED"
"01_CORE\material_master.md","continuity","True","TERM_PRESENT_CONTEXT_REVIEW_REQUIRED"
