"file_name","extension","bytes","empty","has_material_id_field","has_identity_field","has_status_field","has_evidence_field","first_heading"
"00_database_index.md",".md","4535","False","False","False","False","True","MATERIAL DATABASE — INDEX"
"01_material_record_standard.md",".md","2454","False","False","False","False","True","MATERIAL RECORD STANDARD"
"02_material_id_rules.md",".md","1407","False","False","False","False","True","MATERIAL ID RULES"
"03_source_and_evidence_rules.md",".md","1594","False","False","False","False","True","SOURCE AND EVIDENCE RULES"
"04_initial_research_sources.md",".md","1477","False","False","False","False","True","INITIAL RESEARCH SOURCES"
"10_stone_rocks.md",".md","2134","False","False","False","False","True","STONE AND ROCK MATERIALS"
"11_gemstones_crystals.md",".md","1358","False","False","False","False","True","GEMSTONES, CRYSTALS AND ORNAMENTAL MINERALS"
"12_earth_soil_mud.md",".md","954","False","False","False","False","False","EARTH, SOIL AND MUD"
"13_sand_gravel_aggregate.md",".md","650","False","False","False","False","False","SAND, GRAVEL AND AGGREGATE"
"14_clay_bricks_mortar_plaster.md",".md","1187","False","False","False","False","True","CLAY, BRICK, MORTAR AND PLASTER"
"15_minerals_earth_ornamental_materials.md",".md","1427","False","False","False","False","True","MINERALS, EARTH MATERIALS AND ORNAMENTAL STONES"
"16_charcoal_ash_soot_particulates.md",".md","993","False","False","False","False","False","CHARCOAL, ASH, SOOT AND PARTICULATE MATERIALS"
"17_water_and_aqueous_materials.md",".md","967","False","False","False","False","False","WATER AND AQUEOUS MATERIAL IDENTITIES"
"18_cordage_rope_mats_thatch.md",".md","733","False","False","False","False","True","CORDAGE, ROPE, MATS, THATCH AND FIBRE ASSEMBLIES"
"19_writing_record_substrates.md",".md","716","False","False","False","False","False","WRITING, RECORD AND IMAGE SUBSTRATES"
"20_wood_species.md",".md","1263","False","False","False","False","True","WOOD AND TIMBER"
"21_bamboo_reeds_grasses.md",".md","614","False","False","False","False","True","BAMBOO, REEDS, CANE AND GRASSES"
"22_bark_plant_fibres.md",".md","658","False","False","False","False","True","BARK AND PLANT FIBRES"
"30_metals_native.md",".md","1066","False","False","False","False","True","NATIVE AND BASE METALS"
"31_copper_alloys.md",".md","893","False","False","False","False","True","COPPER ALLOYS"
"32_iron_steel.md",".md","951","False","False","False","False","True","IRON AND STEEL"
"33_precious_metals.md",".md","669","False","False","False","False","True","PRECIOUS METALS"
"34_other_historical_metals.md",".md","643","False","False","False","False","True","OTHER HISTORICALLY RELEVANT METALS"
"35_special_historical_materials.md",".md","821","False","False","False","False","True","SPECIAL HISTORICAL MATERIALS"
"36_material_composites_and_layered_systems.md",".md","895","False","False","False","False","True","MATERIAL COMPOSITES AND LAYERED SYSTEMS"
"37_material_data_completeness_audit.md",".md","3366","False","False","False","False","True","MATERIAL DATA COMPLETENESS AUDIT"
"38_material_synonyms_and_translation_control.md",".md","670","False","False","False","False","True","MATERIAL SYNONYMS AND TRANSLATION CONTROL"
"39_material_research_queue.md",".md","482","False","False","False","False","True","MATERIAL RESEARCH QUEUE"
"40_ceramics_faience_glazes.md",".md","791","False","False","False","False","True","CERAMICS, EARTHENWARE, FAience AND GLAZES"
"41_glass_mineral.md",".md","737","False","False","False","False","True","GLASS AND MINERAL GLASS-LIKE MATERIALS"
"50_textile_fibres.md",".md","757","False","False","False","False","True","TEXTILE FIBRES"
"51_yarns_weaves_fabrics.md",".md","785","False","False","False","False","True","YARN, WEAVE AND FABRIC MATERIALS"
"52_textile_finishes.md",".md","438","False","False","False","False","False","TEXTILE FINISHES"
"60_leather_hide.md",".md","520","False","False","False","False","True","LEATHER AND HIDE"
"61_bone_horn_ivory.md",".md","520","False","False","False","False","False","BONE, HORN AND IVORY"
"62_shell_conch_nacre.md",".md","508","False","False","False","False","False","SHELL, CONCH AND NACRE"
"63_feathers_hair_sinew.md",".md","469","False","False","False","False","False","FEATHERS, HAIR AND SINEW"
"70_oils_fats_waxes.md",".md","682","False","False","False","False","True","OILS, FATS AND WAXES"
"71_resins_gums_latex.md",".md","436","False","False","False","False","False","RESINS, GUMS AND LATEX"
"72_adhesives_binders.md",".md","518","False","False","False","False","False","ADHESIVES AND BINDERS"
"80_pigments.md",".md","817","False","False","False","False","True","PIGMENTS AND MINERAL COLOURANTS"
"81_dyes_mordants.md",".md","685","False","False","False","False","True","DYES AND MORDANTS"
"82_coatings_polishes.md",".md","508","False","False","False","False","False","COATINGS, POLISHES AND SURFACE FINISHES"
"90_plant_materials.md",".md","574","False","False","False","False","False","PLANT-DERIVED RAW MATERIALS"
"91_animal_derived_materials.md",".md","352","False","False","False","False","False","ANIMAL-DERIVED MATERIALS"
"92_food_organic_matter.md",".md","669","False","False","False","False","False","FOOD AND ORGANIC MATTER"
"93_composite_historical_materials.md",".md","853","False","False","False","False","True","COMPOSITE AND ENGINEERED HISTORICAL MATERIALS"
"99_material_database_scope_and_gaps.md",".md","1446","False","False","False","False","True","DATABASE SCOPE, GAPS AND FUTURE EXPANSION"
