"LegacyRoot","RelativePath","FileName","Extension","SizeBytes","SHA256","DestinationClass","SourcePath","Status"
"references","references\behavior_references.md","behavior_references.md",".md","0","E3B0C44298FC1C149AFBF4C8996FB92427AE41E4649B934CA495991B7852B855","15_RESEARCH","C:\Users\hpcnd\OneDrive\Desktop\Ramayana\RAMAYAN\ANIMALS\references\behavior_references.md","INVENTORIED"
"references","references\canonical_animal_mentions.md","canonical_animal_mentions.md",".md","0","E3B0C44298FC1C149AFBF4C8996FB92427AE41E4649B934CA495991B7852B855","15_RESEARCH","C:\Users\hpcnd\OneDrive\Desktop\Ramayana\RAMAYAN\ANIMALS\references\canonical_animal_mentions.md","INVENTORIED"
"references","references\habitat_references.md","habitat_references.md",".md","0","E3B0C44298FC1C149AFBF4C8996FB92427AE41E4649B934CA495991B7852B855","15_RESEARCH","C:\Users\hpcnd\OneDrive\Desktop\Ramayana\RAMAYAN\ANIMALS\references\habitat_references.md","INVENTORIED"
"references","references\historical_animal_context.md","historical_animal_context.md",".md","0","E3B0C44298FC1C149AFBF4C8996FB92427AE41E4649B934CA495991B7852B855","15_RESEARCH","C:\Users\hpcnd\OneDrive\Desktop\Ramayana\RAMAYAN\ANIMALS\references\historical_animal_context.md","INVENTORIED"
"references","references\ramcharitmanas_animal_registry.md","ramcharitmanas_animal_registry.md",".md","0","E3B0C44298FC1C149AFBF4C8996FB92427AE41E4649B934CA495991B7852B855","15_RESEARCH","C:\Users\hpcnd\OneDrive\Desktop\Ramayana\RAMAYAN\ANIMALS\references\ramcharitmanas_animal_registry.md","INVENTORIED"
"references","references\secondary_source_animal_registry.md","secondary_source_animal_registry.md",".md","0","E3B0C44298FC1C149AFBF4C8996FB92427AE41E4649B934CA495991B7852B855","15_RESEARCH","C:\Users\hpcnd\OneDrive\Desktop\Ramayana\RAMAYAN\ANIMALS\references\secondary_source_animal_registry.md","INVENTORIED"
"references","references\source_conflicts.md","source_conflicts.md",".md","0","E3B0C44298FC1C149AFBF4C8996FB92427AE41E4649B934CA495991B7852B855","15_RESEARCH","C:\Users\hpcnd\OneDrive\Desktop\Ramayana\RAMAYAN\ANIMALS\references\source_conflicts.md","INVENTORIED"
"references","references\traditional_iconography.md","traditional_iconography.md",".md","0","E3B0C44298FC1C149AFBF4C8996FB92427AE41E4649B934CA495991B7852B855","15_RESEARCH","C:\Users\hpcnd\OneDrive\Desktop\Ramayana\RAMAYAN\ANIMALS\references\traditional_iconography.md","INVENTORIED"
"references","references\visual_references.md","visual_references.md",".md","0","E3B0C44298FC1C149AFBF4C8996FB92427AE41E4649B934CA495991B7852B855","15_RESEARCH","C:\Users\hpcnd\OneDrive\Desktop\Ramayana\RAMAYAN\ANIMALS\references\visual_references.md","INVENTORIED"
"references","references\zoological_references.md","zoological_references.md",".md","0","E3B0C44298FC1C149AFBF4C8996FB92427AE41E4649B934CA495991B7852B855","15_RESEARCH","C:\Users\hpcnd\OneDrive\Desktop\Ramayana\RAMAYAN\ANIMALS\references\zoological_references.md","INVENTORIED"
