"RelativePath","Bytes","BackupPath"
"PRODUCTION_COMPLETION_CHECKLIST.md","1972","C:\Users\hpcnd\OneDrive\Desktop\Ramayana\RAMAYAN\_BACKUPS\MATERIALS_COMPLETE_ONE_GO_20261009_120310\ORIGINALS\PRODUCTION_COMPLETION_CHECKLIST.md"
"README.md","6746","C:\Users\hpcnd\OneDrive\Desktop\Ramayana\RAMAYAN\_BACKUPS\MATERIALS_COMPLETE_ONE_GO_20261009_120310\ORIGINALS\README.md"
"01_CORE\completion_standard.md","952","C:\Users\hpcnd\OneDrive\Desktop\Ramayana\RAMAYAN\_BACKUPS\MATERIALS_COMPLETE_ONE_GO_20261009_120310\ORIGINALS\01_CORE\completion_standard.md"
"01_CORE\legacy_migration_disposition.md","3194","C:\Users\hpcnd\OneDrive\Desktop\Ramayana\RAMAYAN\_BACKUPS\MATERIALS_COMPLETE_ONE_GO_20261009_120310\ORIGINALS\01_CORE\legacy_migration_disposition.md"
"01_CORE\material_data_standard.md","6213","C:\Users\hpcnd\OneDrive\Desktop\Ramayana\RAMAYAN\_BACKUPS\MATERIALS_COMPLETE_ONE_GO_20261009_120310\ORIGINALS\01_CORE\material_data_standard.md"
"01_CORE\material_identity.md","6595","C:\Users\hpcnd\OneDrive\Desktop\Ramayana\RAMAYAN\_BACKUPS\MATERIALS_COMPLETE_ONE_GO_20261009_120310\ORIGINALS\01_CORE\material_identity.md"
"01_CORE\material_master.md","14880","C:\Users\hpcnd\OneDrive\Desktop\Ramayana\RAMAYAN\_BACKUPS\MATERIALS_COMPLETE_ONE_GO_20261009_120310\ORIGINALS\01_CORE\material_master.md"
"01_CORE\material_record_requirements.md","795","C:\Users\hpcnd\OneDrive\Desktop\Ramayana\RAMAYAN\_BACKUPS\MATERIALS_COMPLETE_ONE_GO_20261009_120310\ORIGINALS\01_CORE\material_record_requirements.md"
"01_CORE\material_taxonomy.md","2926","C:\Users\hpcnd\OneDrive\Desktop\Ramayana\RAMAYAN\_BACKUPS\MATERIALS_COMPLETE_ONE_GO_20261009_120310\ORIGINALS\01_CORE\material_taxonomy.md"
"01_CORE\source_classification.md","9855","C:\Users\hpcnd\OneDrive\Desktop\Ramayana\RAMAYAN\_BACKUPS\MATERIALS_COMPLETE_ONE_GO_20261009_120310\ORIGINALS\01_CORE\source_classification.md"
"02_MATERIAL_DATABASE\00_database_index.md","4535","C:\Users\hpcnd\OneDrive\Desktop\Ramayana\RAMAYAN\_BACKUPS\MATERIALS_COMPLETE_ONE_GO_20261009_120310\ORIGINALS\02_MATERIAL_DATABASE\00_database_index.md"
"02_MATERIAL_DATABASE\01_material_record_standard.md","2454","C:\Users\hpcnd\OneDrive\Desktop\Ramayana\RAMAYAN\_BACKUPS\MATERIALS_COMPLETE_ONE_GO_20261009_120310\ORIGINALS\02_MATERIAL_DATABASE\01_material_record_standard.md"
"02_MATERIAL_DATABASE\02_material_id_rules.md","1407","C:\Users\hpcnd\OneDrive\Desktop\Ramayana\RAMAYAN\_BACKUPS\MATERIALS_COMPLETE_ONE_GO_20261009_120310\ORIGINALS\02_MATERIAL_DATABASE\02_material_id_rules.md"
"02_MATERIAL_DATABASE\03_source_and_evidence_rules.md","4574","C:\Users\hpcnd\OneDrive\Desktop\Ramayana\RAMAYAN\_BACKUPS\MATERIALS_COMPLETE_ONE_GO_20261009_120310\ORIGINALS\02_MATERIAL_DATABASE\03_source_and_evidence_rules.md"
"02_MATERIAL_DATABASE\04_initial_research_sources.md","1477","C:\Users\hpcnd\OneDrive\Desktop\Ramayana\RAMAYAN\_BACKUPS\MATERIALS_COMPLETE_ONE_GO_20261009_120310\ORIGINALS\02_MATERIAL_DATABASE\04_initial_research_sources.md"
"02_MATERIAL_DATABASE\10_stone_rocks.md","2134","C:\Users\hpcnd\OneDrive\Desktop\Ramayana\RAMAYAN\_BACKUPS\MATERIALS_COMPLETE_ONE_GO_20261009_120310\ORIGINALS\02_MATERIAL_DATABASE\10_stone_rocks.md"
"02_MATERIAL_DATABASE\11_gemstones_crystals.md","1358","C:\Users\hpcnd\OneDrive\Desktop\Ramayana\RAMAYAN\_BACKUPS\MATERIALS_COMPLETE_ONE_GO_20261009_120310\ORIGINALS\02_MATERIAL_DATABASE\11_gemstones_crystals.md"
"02_MATERIAL_DATABASE\12_earth_soil_mud.md","954","C:\Users\hpcnd\OneDrive\Desktop\Ramayana\RAMAYAN\_BACKUPS\MATERIALS_COMPLETE_ONE_GO_20261009_120310\ORIGINALS\02_MATERIAL_DATABASE\12_earth_soil_mud.md"
"02_MATERIAL_DATABASE\13_sand_gravel_aggregate.md","650","C:\Users\hpcnd\OneDrive\Desktop\Ramayana\RAMAYAN\_BACKUPS\MATERIALS_COMPLETE_ONE_GO_20261009_120310\ORIGINALS\02_MATERIAL_DATABASE\13_sand_gravel_aggregate.md"
"02_MATERIAL_DATABASE\14_clay_bricks_mortar_plaster.md","1187","C:\Users\hpcnd\OneDrive\Desktop\Ramayana\RAMAYAN\_BACKUPS\MATERIALS_COMPLETE_ONE_GO_20261009_120310\ORIGINALS\02_MATERIAL_DATABASE\14_clay_bricks_mortar_plaster.md"
"02_MATERIAL_DATABASE\15_minerals_earth_ornamental_materials.md","1427","C:\Users\hpcnd\OneDrive\Desktop\Ramayana\RAMAYAN\_BACKUPS\MATERIALS_COMPLETE_ONE_GO_20261009_120310\ORIGINALS\02_MATERIAL_DATABASE\15_minerals_earth_ornamental_materials.md"
"02_MATERIAL_DATABASE\16_charcoal_ash_soot_particulates.md","993","C:\Users\hpcnd\OneDrive\Desktop\Ramayana\RAMAYAN\_BACKUPS\MATERIALS_COMPLETE_ONE_GO_20261009_120310\ORIGINALS\02_MATERIAL_DATABASE\16_charcoal_ash_soot_particulates.md"
"02_MATERIAL_DATABASE\17_water_and_aqueous_materials.md","967","C:\Users\hpcnd\OneDrive\Desktop\Ramayana\RAMAYAN\_BACKUPS\MATERIALS_COMPLETE_ONE_GO_20261009_120310\ORIGINALS\02_MATERIAL_DATABASE\17_water_and_aqueous_materials.md"
"02_MATERIAL_DATABASE\18_cordage_rope_mats_thatch.md","733","C:\Users\hpcnd\OneDrive\Desktop\Ramayana\RAMAYAN\_BACKUPS\MATERIALS_COMPLETE_ONE_GO_20261009_120310\ORIGINALS\02_MATERIAL_DATABASE\18_cordage_rope_mats_thatch.md"
"02_MATERIAL_DATABASE\19_writing_record_substrates.md","716","C:\Users\hpcnd\OneDrive\Desktop\Ramayana\RAMAYAN\_BACKUPS\MATERIALS_COMPLETE_ONE_GO_20261009_120310\ORIGINALS\02_MATERIAL_DATABASE\19_writing_record_substrates.md"
"02_MATERIAL_DATABASE\20_wood_species.md","1263","C:\Users\hpcnd\OneDrive\Desktop\Ramayana\RAMAYAN\_BACKUPS\MATERIALS_COMPLETE_ONE_GO_20261009_120310\ORIGINALS\02_MATERIAL_DATABASE\20_wood_species.md"
"02_MATERIAL_DATABASE\21_bamboo_reeds_grasses.md","614","C:\Users\hpcnd\OneDrive\Desktop\Ramayana\RAMAYAN\_BACKUPS\MATERIALS_COMPLETE_ONE_GO_20261009_120310\ORIGINALS\02_MATERIAL_DATABASE\21_bamboo_reeds_grasses.md"
"02_MATERIAL_DATABASE\22_bark_plant_fibres.md","658","C:\Users\hpcnd\OneDrive\Desktop\Ramayana\RAMAYAN\_BACKUPS\MATERIALS_COMPLETE_ONE_GO_20261009_120310\ORIGINALS\02_MATERIAL_DATABASE\22_bark_plant_fibres.md"
"02_MATERIAL_DATABASE\30_metals_native.md","1066","C:\Users\hpcnd\OneDrive\Desktop\Ramayana\RAMAYAN\_BACKUPS\MATERIALS_COMPLETE_ONE_GO_20261009_120310\ORIGINALS\02_MATERIAL_DATABASE\30_metals_native.md"
"02_MATERIAL_DATABASE\31_copper_alloys.md","893","C:\Users\hpcnd\OneDrive\Desktop\Ramayana\RAMAYAN\_BACKUPS\MATERIALS_COMPLETE_ONE_GO_20261009_120310\ORIGINALS\02_MATERIAL_DATABASE\31_copper_alloys.md"
"02_MATERIAL_DATABASE\32_iron_steel.md","951","C:\Users\hpcnd\OneDrive\Desktop\Ramayana\RAMAYAN\_BACKUPS\MATERIALS_COMPLETE_ONE_GO_20261009_120310\ORIGINALS\02_MATERIAL_DATABASE\32_iron_steel.md"
"02_MATERIAL_DATABASE\33_precious_metals.md","669","C:\Users\hpcnd\OneDrive\Desktop\Ramayana\RAMAYAN\_BACKUPS\MATERIALS_COMPLETE_ONE_GO_20261009_120310\ORIGINALS\02_MATERIAL_DATABASE\33_precious_metals.md"
"02_MATERIAL_DATABASE\34_other_historical_metals.md","643","C:\Users\hpcnd\OneDrive\Desktop\Ramayana\RAMAYAN\_BACKUPS\MATERIALS_COMPLETE_ONE_GO_20261009_120310\ORIGINALS\02_MATERIAL_DATABASE\34_other_historical_metals.md"
"02_MATERIAL_DATABASE\35_special_historical_materials.md","821","C:\Users\hpcnd\OneDrive\Desktop\Ramayana\RAMAYAN\_BACKUPS\MATERIALS_COMPLETE_ONE_GO_20261009_120310\ORIGINALS\02_MATERIAL_DATABASE\35_special_historical_materials.md"
"02_MATERIAL_DATABASE\36_material_composites_and_layered_systems.md","895","C:\Users\hpcnd\OneDrive\Desktop\Ramayana\RAMAYAN\_BACKUPS\MATERIALS_COMPLETE_ONE_GO_20261009_120310\ORIGINALS\02_MATERIAL_DATABASE\36_material_composites_and_layered_systems.md"
"02_MATERIAL_DATABASE\37_material_data_completeness_audit.md","3366","C:\Users\hpcnd\OneDrive\Desktop\Ramayana\RAMAYAN\_BACKUPS\MATERIALS_COMPLETE_ONE_GO_20261009_120310\ORIGINALS\02_MATERIAL_DATABASE\37_material_data_completeness_audit.md"
"02_MATERIAL_DATABASE\38_material_synonyms_and_translation_control.md","670","C:\Users\hpcnd\OneDrive\Desktop\Ramayana\RAMAYAN\_BACKUPS\MATERIALS_COMPLETE_ONE_GO_20261009_120310\ORIGINALS\02_MATERIAL_DATABASE\38_material_synonyms_and_translation_control.md"
"02_MATERIAL_DATABASE\39_material_research_queue.md","1198","C:\Users\hpcnd\OneDrive\Desktop\Ramayana\RAMAYAN\_BACKUPS\MATERIALS_COMPLETE_ONE_GO_20261009_120310\ORIGINALS\02_MATERIAL_DATABASE\39_material_research_queue.md"
"02_MATERIAL_DATABASE\40_ceramics_faience_glazes.md","791","C:\Users\hpcnd\OneDrive\Desktop\Ramayana\RAMAYAN\_BACKUPS\MATERIALS_COMPLETE_ONE_GO_20261009_120310\ORIGINALS\02_MATERIAL_DATABASE\40_ceramics_faience_glazes.md"
"02_MATERIAL_DATABASE\41_glass_mineral.md","737","C:\Users\hpcnd\OneDrive\Desktop\Ramayana\RAMAYAN\_BACKUPS\MATERIALS_COMPLETE_ONE_GO_20261009_120310\ORIGINALS\02_MATERIAL_DATABASE\41_glass_mineral.md"
"02_MATERIAL_DATABASE\50_textile_fibres.md","757","C:\Users\hpcnd\OneDrive\Desktop\Ramayana\RAMAYAN\_BACKUPS\MATERIALS_COMPLETE_ONE_GO_20261009_120310\ORIGINALS\02_MATERIAL_DATABASE\50_textile_fibres.md"
"02_MATERIAL_DATABASE\51_yarns_weaves_fabrics.md","785","C:\Users\hpcnd\OneDrive\Desktop\Ramayana\RAMAYAN\_BACKUPS\MATERIALS_COMPLETE_ONE_GO_20261009_120310\ORIGINALS\02_MATERIAL_DATABASE\51_yarns_weaves_fabrics.md"
"02_MATERIAL_DATABASE\52_textile_finishes.md","438","C:\Users\hpcnd\OneDrive\Desktop\Ramayana\RAMAYAN\_BACKUPS\MATERIALS_COMPLETE_ONE_GO_20261009_120310\ORIGINALS\02_MATERIAL_DATABASE\52_textile_finishes.md"
"02_MATERIAL_DATABASE\60_leather_hide.md","520","C:\Users\hpcnd\OneDrive\Desktop\Ramayana\RAMAYAN\_BACKUPS\MATERIALS_COMPLETE_ONE_GO_20261009_120310\ORIGINALS\02_MATERIAL_DATABASE\60_leather_hide.md"
"02_MATERIAL_DATABASE\61_bone_horn_ivory.md","520","C:\Users\hpcnd\OneDrive\Desktop\Ramayana\RAMAYAN\_BACKUPS\MATERIALS_COMPLETE_ONE_GO_20261009_120310\ORIGINALS\02_MATERIAL_DATABASE\61_bone_horn_ivory.md"
"02_MATERIAL_DATABASE\62_shell_conch_nacre.md","508","C:\Users\hpcnd\OneDrive\Desktop\Ramayana\RAMAYAN\_BACKUPS\MATERIALS_COMPLETE_ONE_GO_20261009_120310\ORIGINALS\02_MATERIAL_DATABASE\62_shell_conch_nacre.md"
"02_MATERIAL_DATABASE\63_feathers_hair_sinew.md","469","C:\Users\hpcnd\OneDrive\Desktop\Ramayana\RAMAYAN\_BACKUPS\MATERIALS_COMPLETE_ONE_GO_20261009_120310\ORIGINALS\02_MATERIAL_DATABASE\63_feathers_hair_sinew.md"
"02_MATERIAL_DATABASE\70_oils_fats_waxes.md","682","C:\Users\hpcnd\OneDrive\Desktop\Ramayana\RAMAYAN\_BACKUPS\MATERIALS_COMPLETE_ONE_GO_20261009_120310\ORIGINALS\02_MATERIAL_DATABASE\70_oils_fats_waxes.md"
"02_MATERIAL_DATABASE\71_resins_gums_latex.md","436","C:\Users\hpcnd\OneDrive\Desktop\Ramayana\RAMAYAN\_BACKUPS\MATERIALS_COMPLETE_ONE_GO_20261009_120310\ORIGINALS\02_MATERIAL_DATABASE\71_resins_gums_latex.md"
"02_MATERIAL_DATABASE\72_adhesives_binders.md","518","C:\Users\hpcnd\OneDrive\Desktop\Ramayana\RAMAYAN\_BACKUPS\MATERIALS_COMPLETE_ONE_GO_20261009_120310\ORIGINALS\02_MATERIAL_DATABASE\72_adhesives_binders.md"
"02_MATERIAL_DATABASE\80_pigments.md","817","C:\Users\hpcnd\OneDrive\Desktop\Ramayana\RAMAYAN\_BACKUPS\MATERIALS_COMPLETE_ONE_GO_20261009_120310\ORIGINALS\02_MATERIAL_DATABASE\80_pigments.md"
"02_MATERIAL_DATABASE\81_dyes_mordants.md","685","C:\Users\hpcnd\OneDrive\Desktop\Ramayana\RAMAYAN\_BACKUPS\MATERIALS_COMPLETE_ONE_GO_20261009_120310\ORIGINALS\02_MATERIAL_DATABASE\81_dyes_mordants.md"
"02_MATERIAL_DATABASE\82_coatings_polishes.md","508","C:\Users\hpcnd\OneDrive\Desktop\Ramayana\RAMAYAN\_BACKUPS\MATERIALS_COMPLETE_ONE_GO_20261009_120310\ORIGINALS\02_MATERIAL_DATABASE\82_coatings_polishes.md"
"02_MATERIAL_DATABASE\90_plant_materials.md","574","C:\Users\hpcnd\OneDrive\Desktop\Ramayana\RAMAYAN\_BACKUPS\MATERIALS_COMPLETE_ONE_GO_20261009_120310\ORIGINALS\02_MATERIAL_DATABASE\90_plant_materials.md"
"02_MATERIAL_DATABASE\91_animal_derived_materials.md","352","C:\Users\hpcnd\OneDrive\Desktop\Ramayana\RAMAYAN\_BACKUPS\MATERIALS_COMPLETE_ONE_GO_20261009_120310\ORIGINALS\02_MATERIAL_DATABASE\91_animal_derived_materials.md"
"02_MATERIAL_DATABASE\92_food_organic_matter.md","669","C:\Users\hpcnd\OneDrive\Desktop\Ramayana\RAMAYAN\_BACKUPS\MATERIALS_COMPLETE_ONE_GO_20261009_120310\ORIGINALS\02_MATERIAL_DATABASE\92_food_organic_matter.md"
"02_MATERIAL_DATABASE\93_composite_historical_materials.md","853","C:\Users\hpcnd\OneDrive\Desktop\Ramayana\RAMAYAN\_BACKUPS\MATERIALS_COMPLETE_ONE_GO_20261009_120310\ORIGINALS\02_MATERIAL_DATABASE\93_composite_historical_materials.md"
"02_MATERIAL_DATABASE\99_material_database_scope_and_gaps.md","1446","C:\Users\hpcnd\OneDrive\Desktop\Ramayana\RAMAYAN\_BACKUPS\MATERIALS_COMPLETE_ONE_GO_20261009_120310\ORIGINALS\02_MATERIAL_DATABASE\99_material_database_scope_and_gaps.md"
"02_MATERIAL_DATABASE\material_research_workflow.md","787","C:\Users\hpcnd\OneDrive\Desktop\Ramayana\RAMAYAN\_BACKUPS\MATERIALS_COMPLETE_ONE_GO_20261009_120310\ORIGINALS\02_MATERIAL_DATABASE\material_research_workflow.md"
"03_PHYSICS\acoustic_physics.md","411","C:\Users\hpcnd\OneDrive\Desktop\Ramayana\RAMAYAN\_BACKUPS\MATERIALS_COMPLETE_ONE_GO_20261009_120310\ORIGINALS\03_PHYSICS\acoustic_physics.md"
"03_PHYSICS\bone_horn_shell_physics.md","399","C:\Users\hpcnd\OneDrive\Desktop\Ramayana\RAMAYAN\_BACKUPS\MATERIALS_COMPLETE_ONE_GO_20261009_120310\ORIGINALS\03_PHYSICS\bone_horn_shell_physics.md"
"03_PHYSICS\ceramic_clay_physics.md","425","C:\Users\hpcnd\OneDrive\Desktop\Ramayana\RAMAYAN\_BACKUPS\MATERIALS_COMPLETE_ONE_GO_20261009_120310\ORIGINALS\03_PHYSICS\ceramic_clay_physics.md"
"03_PHYSICS\combustion_fire.md","666","C:\Users\hpcnd\OneDrive\Desktop\Ramayana\RAMAYAN\_BACKUPS\MATERIALS_COMPLETE_ONE_GO_20261009_120310\ORIGINALS\03_PHYSICS\combustion_fire.md"
"03_PHYSICS\deformation.md","365","C:\Users\hpcnd\OneDrive\Desktop\Ramayana\RAMAYAN\_BACKUPS\MATERIALS_COMPLETE_ONE_GO_20261009_120310\ORIGINALS\03_PHYSICS\deformation.md"
"03_PHYSICS\dust_particles_sedimentation.md","380","C:\Users\hpcnd\OneDrive\Desktop\Ramayana\RAMAYAN\_BACKUPS\MATERIALS_COMPLETE_ONE_GO_20261009_120310\ORIGINALS\03_PHYSICS\dust_particles_sedimentation.md"
"03_PHYSICS\elasticity_plasticity.md","542","C:\Users\hpcnd\OneDrive\Desktop\Ramayana\RAMAYAN\_BACKUPS\MATERIALS_COMPLETE_ONE_GO_20261009_120310\ORIGINALS\03_PHYSICS\elasticity_plasticity.md"
"03_PHYSICS\fluid_mechanics.md","432","C:\Users\hpcnd\OneDrive\Desktop\Ramayana\RAMAYAN\_BACKUPS\MATERIALS_COMPLETE_ONE_GO_20261009_120310\ORIGINALS\03_PHYSICS\fluid_mechanics.md"
"03_PHYSICS\fluid_properties.md","373","C:\Users\hpcnd\OneDrive\Desktop\Ramayana\RAMAYAN\_BACKUPS\MATERIALS_COMPLETE_ONE_GO_20261009_120310\ORIGINALS\03_PHYSICS\fluid_properties.md"
"03_PHYSICS\friction_contact_adhesion.md","581","C:\Users\hpcnd\OneDrive\Desktop\Ramayana\RAMAYAN\_BACKUPS\MATERIALS_COMPLETE_ONE_GO_20261009_120310\ORIGINALS\03_PHYSICS\friction_contact_adhesion.md"
"03_PHYSICS\glass_mineral_physics.md","399","C:\Users\hpcnd\OneDrive\Desktop\Ramayana\RAMAYAN\_BACKUPS\MATERIALS_COMPLETE_ONE_GO_20261009_120310\ORIGINALS\03_PHYSICS\glass_mineral_physics.md"
"03_PHYSICS\heat_transfer.md","409","C:\Users\hpcnd\OneDrive\Desktop\Ramayana\RAMAYAN\_BACKUPS\MATERIALS_COMPLETE_ONE_GO_20261009_120310\ORIGINALS\03_PHYSICS\heat_transfer.md"
"03_PHYSICS\humidity_temperature_environment.md","463","C:\Users\hpcnd\OneDrive\Desktop\Ramayana\RAMAYAN\_BACKUPS\MATERIALS_COMPLETE_ONE_GO_20261009_120310\ORIGINALS\03_PHYSICS\humidity_temperature_environment.md"
"03_PHYSICS\impact_momentum_collision.md","459","C:\Users\hpcnd\OneDrive\Desktop\Ramayana\RAMAYAN\_BACKUPS\MATERIALS_COMPLETE_ONE_GO_20261009_120310\ORIGINALS\03_PHYSICS\impact_momentum_collision.md"
"03_PHYSICS\leather_hide_physics.md","347","C:\Users\hpcnd\OneDrive\Desktop\Ramayana\RAMAYAN\_BACKUPS\MATERIALS_COMPLETE_ONE_GO_20261009_120310\ORIGINALS\03_PHYSICS\leather_hide_physics.md"
"03_PHYSICS\mass_density_volume.md","602","C:\Users\hpcnd\OneDrive\Desktop\Ramayana\RAMAYAN\_BACKUPS\MATERIALS_COMPLETE_ONE_GO_20261009_120310\ORIGINALS\03_PHYSICS\mass_density_volume.md"
"03_PHYSICS\measurement_methods.md","480","C:\Users\hpcnd\OneDrive\Desktop\Ramayana\RAMAYAN\_BACKUPS\MATERIALS_COMPLETE_ONE_GO_20261009_120310\ORIGINALS\03_PHYSICS\measurement_methods.md"
"03_PHYSICS\mechanical_properties.md","501","C:\Users\hpcnd\OneDrive\Desktop\Ramayana\RAMAYAN\_BACKUPS\MATERIALS_COMPLETE_ONE_GO_20261009_120310\ORIGINALS\03_PHYSICS\mechanical_properties.md"
"03_PHYSICS\metal_physics.md","459","C:\Users\hpcnd\OneDrive\Desktop\Ramayana\RAMAYAN\_BACKUPS\MATERIALS_COMPLETE_ONE_GO_20261009_120310\ORIGINALS\03_PHYSICS\metal_physics.md"
"03_PHYSICS\model_validation.md","413","C:\Users\hpcnd\OneDrive\Desktop\Ramayana\RAMAYAN\_BACKUPS\MATERIALS_COMPLETE_ONE_GO_20261009_120310\ORIGINALS\03_PHYSICS\model_validation.md"
"03_PHYSICS\numerical_methods.md","359","C:\Users\hpcnd\OneDrive\Desktop\Ramayana\RAMAYAN\_BACKUPS\MATERIALS_COMPLETE_ONE_GO_20261009_120310\ORIGINALS\03_PHYSICS\numerical_methods.md"
"03_PHYSICS\optical_properties.md","424","C:\Users\hpcnd\OneDrive\Desktop\Ramayana\RAMAYAN\_BACKUPS\MATERIALS_COMPLETE_ONE_GO_20261009_120310\ORIGINALS\03_PHYSICS\optical_properties.md"
"03_PHYSICS\organic_material_physics.md","346","C:\Users\hpcnd\OneDrive\Desktop\Ramayana\RAMAYAN\_BACKUPS\MATERIALS_COMPLETE_ONE_GO_20261009_120310\ORIGINALS\03_PHYSICS\organic_material_physics.md"
"03_PHYSICS\phase_change.md","393","C:\Users\hpcnd\OneDrive\Desktop\Ramayana\RAMAYAN\_BACKUPS\MATERIALS_COMPLETE_ONE_GO_20261009_120310\ORIGINALS\03_PHYSICS\phase_change.md"
"03_PHYSICS\physical_models.md","645","C:\Users\hpcnd\OneDrive\Desktop\Ramayana\RAMAYAN\_BACKUPS\MATERIALS_COMPLETE_ONE_GO_20261009_120310\ORIGINALS\03_PHYSICS\physical_models.md"
"03_PHYSICS\physical_provenance.md","586","C:\Users\hpcnd\OneDrive\Desktop\Ramayana\RAMAYAN\_BACKUPS\MATERIALS_COMPLETE_ONE_GO_20261009_120310\ORIGINALS\03_PHYSICS\physical_provenance.md"
"03_PHYSICS\physics_assumption_registry.md","459","C:\Users\hpcnd\OneDrive\Desktop\Ramayana\RAMAYAN\_BACKUPS\MATERIALS_COMPLETE_ONE_GO_20261009_120310\ORIGINALS\03_PHYSICS\physics_assumption_registry.md"
"03_PHYSICS\physics_change_control.md","458","C:\Users\hpcnd\OneDrive\Desktop\Ramayana\RAMAYAN\_BACKUPS\MATERIALS_COMPLETE_ONE_GO_20261009_120310\ORIGINALS\03_PHYSICS\physics_change_control.md"
"03_PHYSICS\physics_completeness_audit.md","1230","C:\Users\hpcnd\OneDrive\Desktop\Ramayana\RAMAYAN\_BACKUPS\MATERIALS_COMPLETE_ONE_GO_20261009_120310\ORIGINALS\03_PHYSICS\physics_completeness_audit.md"
"03_PHYSICS\physics_data_standard.md","1814","C:\Users\hpcnd\OneDrive\Desktop\Ramayana\RAMAYAN\_BACKUPS\MATERIALS_COMPLETE_ONE_GO_20261009_120310\ORIGINALS\03_PHYSICS\physics_data_standard.md"
"03_PHYSICS\physics_failure_modes.md","594","C:\Users\hpcnd\OneDrive\Desktop\Ramayana\RAMAYAN\_BACKUPS\MATERIALS_COMPLETE_ONE_GO_20261009_120310\ORIGINALS\03_PHYSICS\physics_failure_modes.md"
"03_PHYSICS\physics_master.md","4997","C:\Users\hpcnd\OneDrive\Desktop\Ramayana\RAMAYAN\_BACKUPS\MATERIALS_COMPLETE_ONE_GO_20261009_120310\ORIGINALS\03_PHYSICS\physics_master.md"
"03_PHYSICS\physics_reference_registry.md","439","C:\Users\hpcnd\OneDrive\Desktop\Ramayana\RAMAYAN\_BACKUPS\MATERIALS_COMPLETE_ONE_GO_20261009_120310\ORIGINALS\03_PHYSICS\physics_reference_registry.md"
"03_PHYSICS\physics_to_3d_interface.md","310","C:\Users\hpcnd\OneDrive\Desktop\Ramayana\RAMAYAN\_BACKUPS\MATERIALS_COMPLETE_ONE_GO_20261009_120310\ORIGINALS\03_PHYSICS\physics_to_3d_interface.md"
"03_PHYSICS\physics_to_audio_interface.md","253","C:\Users\hpcnd\OneDrive\Desktop\Ramayana\RAMAYAN\_BACKUPS\MATERIALS_COMPLETE_ONE_GO_20261009_120310\ORIGINALS\03_PHYSICS\physics_to_audio_interface.md"
"03_PHYSICS\physics_to_behavior_interface.md","282","C:\Users\hpcnd\OneDrive\Desktop\Ramayana\RAMAYAN\_BACKUPS\MATERIALS_COMPLETE_ONE_GO_20261009_120310\ORIGINALS\03_PHYSICS\physics_to_behavior_interface.md"
"03_PHYSICS\physics_to_lighting_interface.md","328","C:\Users\hpcnd\OneDrive\Desktop\Ramayana\RAMAYAN\_BACKUPS\MATERIALS_COMPLETE_ONE_GO_20261009_120310\ORIGINALS\03_PHYSICS\physics_to_lighting_interface.md"
"03_PHYSICS\physics_to_simulation_interface.md","400","C:\Users\hpcnd\OneDrive\Desktop\Ramayana\RAMAYAN\_BACKUPS\MATERIALS_COMPLETE_ONE_GO_20261009_120310\ORIGINALS\03_PHYSICS\physics_to_simulation_interface.md"
"03_PHYSICS\physics_to_states_interface.md","379","C:\Users\hpcnd\OneDrive\Desktop\Ramayana\RAMAYAN\_BACKUPS\MATERIALS_COMPLETE_ONE_GO_20261009_120310\ORIGINALS\03_PHYSICS\physics_to_states_interface.md"
"03_PHYSICS\physics_to_vfx_interface.md","252","C:\Users\hpcnd\OneDrive\Desktop\Ramayana\RAMAYAN\_BACKUPS\MATERIALS_COMPLETE_ONE_GO_20261009_120310\ORIGINALS\03_PHYSICS\physics_to_vfx_interface.md"
"03_PHYSICS\radiation_absorption_scattering.md","460","C:\Users\hpcnd\OneDrive\Desktop\Ramayana\RAMAYAN\_BACKUPS\MATERIALS_COMPLETE_ONE_GO_20261009_120310\ORIGINALS\03_PHYSICS\radiation_absorption_scattering.md"
"03_PHYSICS\real_world_validation.md","530","C:\Users\hpcnd\OneDrive\Desktop\Ramayana\RAMAYAN\_BACKUPS\MATERIALS_COMPLETE_ONE_GO_20261009_120310\ORIGINALS\03_PHYSICS\real_world_validation.md"
"03_PHYSICS\scale_and_dimension.md","398","C:\Users\hpcnd\OneDrive\Desktop\Ramayana\RAMAYAN\_BACKUPS\MATERIALS_COMPLETE_ONE_GO_20261009_120310\ORIGINALS\03_PHYSICS\scale_and_dimension.md"
"03_PHYSICS\simulation_approximation.md","438","C:\Users\hpcnd\OneDrive\Desktop\Ramayana\RAMAYAN\_BACKUPS\MATERIALS_COMPLETE_ONE_GO_20261009_120310\ORIGINALS\03_PHYSICS\simulation_approximation.md"
"03_PHYSICS\simulation_models.md","389","C:\Users\hpcnd\OneDrive\Desktop\Ramayana\RAMAYAN\_BACKUPS\MATERIALS_COMPLETE_ONE_GO_20261009_120310\ORIGINALS\03_PHYSICS\simulation_models.md"
"03_PHYSICS\stone_earth_physics.md","508","C:\Users\hpcnd\OneDrive\Desktop\Ramayana\RAMAYAN\_BACKUPS\MATERIALS_COMPLETE_ONE_GO_20261009_120310\ORIGINALS\03_PHYSICS\stone_earth_physics.md"
"03_PHYSICS\strength_failure_fracture.md","527","C:\Users\hpcnd\OneDrive\Desktop\Ramayana\RAMAYAN\_BACKUPS\MATERIALS_COMPLETE_ONE_GO_20261009_120310\ORIGINALS\03_PHYSICS\strength_failure_fracture.md"
"03_PHYSICS\surface_microphysics.md","363","C:\Users\hpcnd\OneDrive\Desktop\Ramayana\RAMAYAN\_BACKUPS\MATERIALS_COMPLETE_ONE_GO_20261009_120310\ORIGINALS\03_PHYSICS\surface_microphysics.md"
"03_PHYSICS\textile_fibre_physics.md","422","C:\Users\hpcnd\OneDrive\Desktop\Ramayana\RAMAYAN\_BACKUPS\MATERIALS_COMPLETE_ONE_GO_20261009_120310\ORIGINALS\03_PHYSICS\textile_fibre_physics.md"
"03_PHYSICS\thermal_properties.md","462","C:\Users\hpcnd\OneDrive\Desktop\Ramayana\RAMAYAN\_BACKUPS\MATERIALS_COMPLETE_ONE_GO_20261009_120310\ORIGINALS\03_PHYSICS\thermal_properties.md"
"03_PHYSICS\uncertainty_and_error.md","938","C:\Users\hpcnd\OneDrive\Desktop\Ramayana\RAMAYAN\_BACKUPS\MATERIALS_COMPLETE_ONE_GO_20261009_120310\ORIGINALS\03_PHYSICS\uncertainty_and_error.md"
"03_PHYSICS\units_and_dimensions.md","851","C:\Users\hpcnd\OneDrive\Desktop\Ramayana\RAMAYAN\_BACKUPS\MATERIALS_COMPLETE_ONE_GO_20261009_120310\ORIGINALS\03_PHYSICS\units_and_dimensions.md"
"03_PHYSICS\validity_regimes.md","680","C:\Users\hpcnd\OneDrive\Desktop\Ramayana\RAMAYAN\_BACKUPS\MATERIALS_COMPLETE_ONE_GO_20261009_120310\ORIGINALS\03_PHYSICS\validity_regimes.md"
"03_PHYSICS\vibration_resonance.md","429","C:\Users\hpcnd\OneDrive\Desktop\Ramayana\RAMAYAN\_BACKUPS\MATERIALS_COMPLETE_ONE_GO_20261009_120310\ORIGINALS\03_PHYSICS\vibration_resonance.md"
"03_PHYSICS\weathering_erosion_physics.md","388","C:\Users\hpcnd\OneDrive\Desktop\Ramayana\RAMAYAN\_BACKUPS\MATERIALS_COMPLETE_ONE_GO_20261009_120310\ORIGINALS\03_PHYSICS\weathering_erosion_physics.md"
"03_PHYSICS\wetting_absorption_permeability.md","526","C:\Users\hpcnd\OneDrive\Desktop\Ramayana\RAMAYAN\_BACKUPS\MATERIALS_COMPLETE_ONE_GO_20261009_120310\ORIGINALS\03_PHYSICS\wetting_absorption_permeability.md"
"03_PHYSICS\wood_physics.md","414","C:\Users\hpcnd\OneDrive\Desktop\Ramayana\RAMAYAN\_BACKUPS\MATERIALS_COMPLETE_ONE_GO_20261009_120310\ORIGINALS\03_PHYSICS\wood_physics.md"
"04_SURFACE_STRUCTURE\asset_material_assignment_register.csv","155","C:\Users\hpcnd\OneDrive\Desktop\Ramayana\RAMAYAN\_BACKUPS\MATERIALS_COMPLETE_ONE_GO_20261009_120310\ORIGINALS\04_SURFACE_STRUCTURE\asset_material_assignment_register.csv"
"04_SURFACE_STRUCTURE\imperfections.md","1733","C:\Users\hpcnd\OneDrive\Desktop\Ramayana\RAMAYAN\_BACKUPS\MATERIALS_COMPLETE_ONE_GO_20261009_120310\ORIGINALS\04_SURFACE_STRUCTURE\imperfections.md"
"04_SURFACE_STRUCTURE\macro_structure.md","1715","C:\Users\hpcnd\OneDrive\Desktop\Ramayana\RAMAYAN\_BACKUPS\MATERIALS_COMPLETE_ONE_GO_20261009_120310\ORIGINALS\04_SURFACE_STRUCTURE\macro_structure.md"
"04_SURFACE_STRUCTURE\material_database_and_assignment_gap_report.md","1687","C:\Users\hpcnd\OneDrive\Desktop\Ramayana\RAMAYAN\_BACKUPS\MATERIALS_COMPLETE_ONE_GO_20261009_120310\ORIGINALS\04_SURFACE_STRUCTURE\material_database_and_assignment_gap_report.md"
"04_SURFACE_STRUCTURE\material_record_inventory.csv","5556","C:\Users\hpcnd\OneDrive\Desktop\Ramayana\RAMAYAN\_BACKUPS\MATERIALS_COMPLETE_ONE_GO_20261009_120310\ORIGINALS\04_SURFACE_STRUCTURE\material_record_inventory.csv"
"04_SURFACE_STRUCTURE\medium_structure.md","1547","C:\Users\hpcnd\OneDrive\Desktop\Ramayana\RAMAYAN\_BACKUPS\MATERIALS_COMPLETE_ONE_GO_20261009_120310\ORIGINALS\04_SURFACE_STRUCTURE\medium_structure.md"
"04_SURFACE_STRUCTURE\micro_surface.md","1745","C:\Users\hpcnd\OneDrive\Desktop\Ramayana\RAMAYAN\_BACKUPS\MATERIALS_COMPLETE_ONE_GO_20261009_120310\ORIGINALS\04_SURFACE_STRUCTURE\micro_surface.md"
"04_SURFACE_STRUCTURE\multiple_reflection_and_light_transport.md","4434","C:\Users\hpcnd\OneDrive\Desktop\Ramayana\RAMAYAN\_BACKUPS\MATERIALS_COMPLETE_ONE_GO_20261009_120310\ORIGINALS\04_SURFACE_STRUCTURE\multiple_reflection_and_light_transport.md"
"04_SURFACE_STRUCTURE\natural_variation.md","1695","C:\Users\hpcnd\OneDrive\Desktop\Ramayana\RAMAYAN\_BACKUPS\MATERIALS_COMPLETE_ONE_GO_20261009_120310\ORIGINALS\04_SURFACE_STRUCTURE\natural_variation.md"
"04_SURFACE_STRUCTURE\README_REPAIR_PACKAGE.md","1190","C:\Users\hpcnd\OneDrive\Desktop\Ramayana\RAMAYAN\_BACKUPS\MATERIALS_COMPLETE_ONE_GO_20261009_120310\ORIGINALS\04_SURFACE_STRUCTURE\README_REPAIR_PACKAGE.md"
"04_SURFACE_STRUCTURE\sub_micro_structure.md","1714","C:\Users\hpcnd\OneDrive\Desktop\Ramayana\RAMAYAN\_BACKUPS\MATERIALS_COMPLETE_ONE_GO_20261009_120310\ORIGINALS\04_SURFACE_STRUCTURE\sub_micro_structure.md"
"04_SURFACE_STRUCTURE\surface_change_and_decision_log.md","1095","C:\Users\hpcnd\OneDrive\Desktop\Ramayana\RAMAYAN\_BACKUPS\MATERIALS_COMPLETE_ONE_GO_20261009_120310\ORIGINALS\04_SURFACE_STRUCTURE\surface_change_and_decision_log.md"
"04_SURFACE_STRUCTURE\surface_cross_folder_contract.md","1994","C:\Users\hpcnd\OneDrive\Desktop\Ramayana\RAMAYAN\_BACKUPS\MATERIALS_COMPLETE_ONE_GO_20261009_120310\ORIGINALS\04_SURFACE_STRUCTURE\surface_cross_folder_contract.md"
"04_SURFACE_STRUCTURE\surface_environment_interaction.md","1441","C:\Users\hpcnd\OneDrive\Desktop\Ramayana\RAMAYAN\_BACKUPS\MATERIALS_COMPLETE_ONE_GO_20261009_120310\ORIGINALS\04_SURFACE_STRUCTURE\surface_environment_interaction.md"
"04_SURFACE_STRUCTURE\surface_evidence_and_research_register.md","1969","C:\Users\hpcnd\OneDrive\Desktop\Ramayana\RAMAYAN\_BACKUPS\MATERIALS_COMPLETE_ONE_GO_20261009_120310\ORIGINALS\04_SURFACE_STRUCTURE\surface_evidence_and_research_register.md"
"04_SURFACE_STRUCTURE\surface_evidence_source_register.md","3293","C:\Users\hpcnd\OneDrive\Desktop\Ramayana\RAMAYAN\_BACKUPS\MATERIALS_COMPLETE_ONE_GO_20261009_120310\ORIGINALS\04_SURFACE_STRUCTURE\surface_evidence_source_register.md"
"04_SURFACE_STRUCTURE\surface_failure_modes.md","1922","C:\Users\hpcnd\OneDrive\Desktop\Ramayana\RAMAYAN\_BACKUPS\MATERIALS_COMPLETE_ONE_GO_20261009_120310\ORIGINALS\04_SURFACE_STRUCTURE\surface_failure_modes.md"
"04_SURFACE_STRUCTURE\surface_final_inventory.md","1236","C:\Users\hpcnd\OneDrive\Desktop\Ramayana\RAMAYAN\_BACKUPS\MATERIALS_COMPLETE_ONE_GO_20261009_120310\ORIGINALS\04_SURFACE_STRUCTURE\surface_final_inventory.md"
"04_SURFACE_STRUCTURE\surface_implementation_handoff.md","1827","C:\Users\hpcnd\OneDrive\Desktop\Ramayana\RAMAYAN\_BACKUPS\MATERIALS_COMPLETE_ONE_GO_20261009_120310\ORIGINALS\04_SURFACE_STRUCTURE\surface_implementation_handoff.md"
"04_SURFACE_STRUCTURE\surface_interfaces_and_layers.md","1547","C:\Users\hpcnd\OneDrive\Desktop\Ramayana\RAMAYAN\_BACKUPS\MATERIALS_COMPLETE_ONE_GO_20261009_120310\ORIGINALS\04_SURFACE_STRUCTURE\surface_interfaces_and_layers.md"
"04_SURFACE_STRUCTURE\surface_material_family_mapping.csv","4101","C:\Users\hpcnd\OneDrive\Desktop\Ramayana\RAMAYAN\_BACKUPS\MATERIALS_COMPLETE_ONE_GO_20261009_120310\ORIGINALS\04_SURFACE_STRUCTURE\surface_material_family_mapping.csv"
"04_SURFACE_STRUCTURE\surface_material_research_queue.csv","8535","C:\Users\hpcnd\OneDrive\Desktop\Ramayana\RAMAYAN\_BACKUPS\MATERIALS_COMPLETE_ONE_GO_20261009_120310\ORIGINALS\04_SURFACE_STRUCTURE\surface_material_research_queue.csv"
"04_SURFACE_STRUCTURE\surface_record_standard.md","2210","C:\Users\hpcnd\OneDrive\Desktop\Ramayana\RAMAYAN\_BACKUPS\MATERIALS_COMPLETE_ONE_GO_20261009_120310\ORIGINALS\04_SURFACE_STRUCTURE\surface_record_standard.md"
"04_SURFACE_STRUCTURE\surface_release_gate.md","1727","C:\Users\hpcnd\OneDrive\Desktop\Ramayana\RAMAYAN\_BACKUPS\MATERIALS_COMPLETE_ONE_GO_20261009_120310\ORIGINALS\04_SURFACE_STRUCTURE\surface_release_gate.md"
"04_SURFACE_STRUCTURE\surface_renderer_confirmation_note.md","1067","C:\Users\hpcnd\OneDrive\Desktop\Ramayana\RAMAYAN\_BACKUPS\MATERIALS_COMPLETE_ONE_GO_20261009_120310\ORIGINALS\04_SURFACE_STRUCTURE\surface_renderer_confirmation_note.md"
"04_SURFACE_STRUCTURE\surface_renderer_test_matrix.md","2130","C:\Users\hpcnd\OneDrive\Desktop\Ramayana\RAMAYAN\_BACKUPS\MATERIALS_COMPLETE_ONE_GO_20261009_120310\ORIGINALS\04_SURFACE_STRUCTURE\surface_renderer_test_matrix.md"
"04_SURFACE_STRUCTURE\surface_renderer_validation_register.csv","5635","C:\Users\hpcnd\OneDrive\Desktop\Ramayana\RAMAYAN\_BACKUPS\MATERIALS_COMPLETE_ONE_GO_20261009_120310\ORIGINALS\04_SURFACE_STRUCTURE\surface_renderer_validation_register.csv"
"04_SURFACE_STRUCTURE\surface_research_execution_plan.md","5315","C:\Users\hpcnd\OneDrive\Desktop\Ramayana\RAMAYAN\_BACKUPS\MATERIALS_COMPLETE_ONE_GO_20261009_120310\ORIGINALS\04_SURFACE_STRUCTURE\surface_research_execution_plan.md"
"04_SURFACE_STRUCTURE\surface_scale_and_filtering.md","1754","C:\Users\hpcnd\OneDrive\Desktop\Ramayana\RAMAYAN\_BACKUPS\MATERIALS_COMPLETE_ONE_GO_20261009_120310\ORIGINALS\04_SURFACE_STRUCTURE\surface_scale_and_filtering.md"
"04_SURFACE_STRUCTURE\surface_structure_audit_report.txt","1771","C:\Users\hpcnd\OneDrive\Desktop\Ramayana\RAMAYAN\_BACKUPS\MATERIALS_COMPLETE_ONE_GO_20261009_120310\ORIGINALS\04_SURFACE_STRUCTURE\surface_structure_audit_report.txt"
"04_SURFACE_STRUCTURE\surface_structure_completion_discovery.txt","11921","C:\Users\hpcnd\OneDrive\Desktop\Ramayana\RAMAYAN\_BACKUPS\MATERIALS_COMPLETE_ONE_GO_20261009_120310\ORIGINALS\04_SURFACE_STRUCTURE\surface_structure_completion_discovery.txt"
"04_SURFACE_STRUCTURE\surface_structure_master.md","5281","C:\Users\hpcnd\OneDrive\Desktop\Ramayana\RAMAYAN\_BACKUPS\MATERIALS_COMPLETE_ONE_GO_20261009_120310\ORIGINALS\04_SURFACE_STRUCTURE\surface_structure_master.md"
"04_SURFACE_STRUCTURE\surface_validation_and_qa.md","2537","C:\Users\hpcnd\OneDrive\Desktop\Ramayana\RAMAYAN\_BACKUPS\MATERIALS_COMPLETE_ONE_GO_20261009_120310\ORIGINALS\04_SURFACE_STRUCTURE\surface_validation_and_qa.md"
"04_SURFACE_STRUCTURE\ONE_PASS_AUDIT_20261009_104240\asset_material_assignment_gaps.csv","244","C:\Users\hpcnd\OneDrive\Desktop\Ramayana\RAMAYAN\_BACKUPS\MATERIALS_COMPLETE_ONE_GO_20261009_120310\ORIGINALS\04_SURFACE_STRUCTURE\ONE_PASS_AUDIT_20261009_104240\asset_material_assignment_gaps.csv"
"04_SURFACE_STRUCTURE\ONE_PASS_AUDIT_20261009_104240\asset_material_assignment_register.csv","3","C:\Users\hpcnd\OneDrive\Desktop\Ramayana\RAMAYAN\_BACKUPS\MATERIALS_COMPLETE_ONE_GO_20261009_120310\ORIGINALS\04_SURFACE_STRUCTURE\ONE_PASS_AUDIT_20261009_104240\asset_material_assignment_register.csv"
"04_SURFACE_STRUCTURE\ONE_PASS_AUDIT_20261009_104240\discovered_asset_file_inventory.csv","167","C:\Users\hpcnd\OneDrive\Desktop\Ramayana\RAMAYAN\_BACKUPS\MATERIALS_COMPLETE_ONE_GO_20261009_120310\ORIGINALS\04_SURFACE_STRUCTURE\ONE_PASS_AUDIT_20261009_104240\discovered_asset_file_inventory.csv"
"04_SURFACE_STRUCTURE\ONE_PASS_AUDIT_20261009_104240\material_database_and_assignment_gap_report.md","1687","C:\Users\hpcnd\OneDrive\Desktop\Ramayana\RAMAYAN\_BACKUPS\MATERIALS_COMPLETE_ONE_GO_20261009_120310\ORIGINALS\04_SURFACE_STRUCTURE\ONE_PASS_AUDIT_20261009_104240\material_database_and_assignment_gap_report.md"
"04_SURFACE_STRUCTURE\ONE_PASS_AUDIT_20261009_104240\material_record_inventory.csv","5556","C:\Users\hpcnd\OneDrive\Desktop\Ramayana\RAMAYAN\_BACKUPS\MATERIALS_COMPLETE_ONE_GO_20261009_120310\ORIGINALS\04_SURFACE_STRUCTURE\ONE_PASS_AUDIT_20261009_104240\material_record_inventory.csv"
"04_SURFACE_STRUCTURE\ONE_PASS_AUDIT_20261009_104240\material_record_inventory_detailed.csv","14500","C:\Users\hpcnd\OneDrive\Desktop\Ramayana\RAMAYAN\_BACKUPS\MATERIALS_COMPLETE_ONE_GO_20261009_120310\ORIGINALS\04_SURFACE_STRUCTURE\ONE_PASS_AUDIT_20261009_104240\material_record_inventory_detailed.csv"
"04_SURFACE_STRUCTURE\ONE_PASS_AUDIT_20261009_104240\ONE_PASS_COMPLETION_AUDIT.md","4772","C:\Users\hpcnd\OneDrive\Desktop\Ramayana\RAMAYAN\_BACKUPS\MATERIALS_COMPLETE_ONE_GO_20261009_120310\ORIGINALS\04_SURFACE_STRUCTURE\ONE_PASS_AUDIT_20261009_104240\ONE_PASS_COMPLETION_AUDIT.md"
"04_SURFACE_STRUCTURE\ONE_PASS_AUDIT_20261009_104240\run_summary.json","793","C:\Users\hpcnd\OneDrive\Desktop\Ramayana\RAMAYAN\_BACKUPS\MATERIALS_COMPLETE_ONE_GO_20261009_120310\ORIGINALS\04_SURFACE_STRUCTURE\ONE_PASS_AUDIT_20261009_104240\run_summary.json"
"04_SURFACE_STRUCTURE\ONE_PASS_AUDIT_20261009_104240\surface_material_family_mapping.csv","4101","C:\Users\hpcnd\OneDrive\Desktop\Ramayana\RAMAYAN\_BACKUPS\MATERIALS_COMPLETE_ONE_GO_20261009_120310\ORIGINALS\04_SURFACE_STRUCTURE\ONE_PASS_AUDIT_20261009_104240\surface_material_family_mapping.csv"
"04_SURFACE_STRUCTURE\ONE_PASS_AUDIT_20261009_104240\surface_material_research_queue.csv","8535","C:\Users\hpcnd\OneDrive\Desktop\Ramayana\RAMAYAN\_BACKUPS\MATERIALS_COMPLETE_ONE_GO_20261009_120310\ORIGINALS\04_SURFACE_STRUCTURE\ONE_PASS_AUDIT_20261009_104240\surface_material_research_queue.csv"
"04_SURFACE_STRUCTURE\ONE_PASS_AUDIT_20261009_104240\surface_release_gate_register.csv","1559","C:\Users\hpcnd\OneDrive\Desktop\Ramayana\RAMAYAN\_BACKUPS\MATERIALS_COMPLETE_ONE_GO_20261009_120310\ORIGINALS\04_SURFACE_STRUCTURE\ONE_PASS_AUDIT_20261009_104240\surface_release_gate_register.csv"
"04_SURFACE_STRUCTURE\ONE_PASS_AUDIT_20261009_104240\surface_renderer_validation_register.csv","5635","C:\Users\hpcnd\OneDrive\Desktop\Ramayana\RAMAYAN\_BACKUPS\MATERIALS_COMPLETE_ONE_GO_20261009_120310\ORIGINALS\04_SURFACE_STRUCTURE\ONE_PASS_AUDIT_20261009_104240\surface_renderer_validation_register.csv"
"05_BEHAVIOR\aging.md","1585","C:\Users\hpcnd\OneDrive\Desktop\Ramayana\RAMAYAN\_BACKUPS\MATERIALS_COMPLETE_ONE_GO_20261009_120310\ORIGINALS\05_BEHAVIOR\aging.md"
"05_BEHAVIOR\damage.md","1547","C:\Users\hpcnd\OneDrive\Desktop\Ramayana\RAMAYAN\_BACKUPS\MATERIALS_COMPLETE_ONE_GO_20261009_120310\ORIGINALS\05_BEHAVIOR\damage.md"
"05_BEHAVIOR\dust_dirt_mud.md","1572","C:\Users\hpcnd\OneDrive\Desktop\Ramayana\RAMAYAN\_BACKUPS\MATERIALS_COMPLETE_ONE_GO_20261009_120310\ORIGINALS\05_BEHAVIOR\dust_dirt_mud.md"
"05_BEHAVIOR\environmental_response.md","1568","C:\Users\hpcnd\OneDrive\Desktop\Ramayana\RAMAYAN\_BACKUPS\MATERIALS_COMPLETE_ONE_GO_20261009_120310\ORIGINALS\05_BEHAVIOR\environmental_response.md"
"05_BEHAVIOR\repair.md","1528","C:\Users\hpcnd\OneDrive\Desktop\Ramayana\RAMAYAN\_BACKUPS\MATERIALS_COMPLETE_ONE_GO_20261009_120310\ORIGINALS\05_BEHAVIOR\repair.md"
"05_BEHAVIOR\water_wetting_absorption.md","1592","C:\Users\hpcnd\OneDrive\Desktop\Ramayana\RAMAYAN\_BACKUPS\MATERIALS_COMPLETE_ONE_GO_20261009_120310\ORIGINALS\05_BEHAVIOR\water_wetting_absorption.md"
"05_BEHAVIOR\wear.md","1519","C:\Users\hpcnd\OneDrive\Desktop\Ramayana\RAMAYAN\_BACKUPS\MATERIALS_COMPLETE_ONE_GO_20261009_120310\ORIGINALS\05_BEHAVIOR\wear.md"
"05_BEHAVIOR\weathering.md","1492","C:\Users\hpcnd\OneDrive\Desktop\Ramayana\RAMAYAN\_BACKUPS\MATERIALS_COMPLETE_ONE_GO_20261009_120310\ORIGINALS\05_BEHAVIOR\weathering.md"
"06_STATES\condition_states.md","1582","C:\Users\hpcnd\OneDrive\Desktop\Ramayana\RAMAYAN\_BACKUPS\MATERIALS_COMPLETE_ONE_GO_20261009_120310\ORIGINALS\06_STATES\condition_states.md"
"06_STATES\material_state_model.md","4089","C:\Users\hpcnd\OneDrive\Desktop\Ramayana\RAMAYAN\_BACKUPS\MATERIALS_COMPLETE_ONE_GO_20261009_120310\ORIGINALS\06_STATES\material_state_model.md"
"06_STATES\state_continuity.md","1477","C:\Users\hpcnd\OneDrive\Desktop\Ramayana\RAMAYAN\_BACKUPS\MATERIALS_COMPLETE_ONE_GO_20261009_120310\ORIGINALS\06_STATES\state_continuity.md"
"06_STATES\state_transitions.md","2593","C:\Users\hpcnd\OneDrive\Desktop\Ramayana\RAMAYAN\_BACKUPS\MATERIALS_COMPLETE_ONE_GO_20261009_120310\ORIGINALS\06_STATES\state_transitions.md"
"06_STATES\thermal_states.md","1529","C:\Users\hpcnd\OneDrive\Desktop\Ramayana\RAMAYAN\_BACKUPS\MATERIALS_COMPLETE_ONE_GO_20261009_120310\ORIGINALS\06_STATES\thermal_states.md"
"06_STATES\wet_dry_states.md","1493","C:\Users\hpcnd\OneDrive\Desktop\Ramayana\RAMAYAN\_BACKUPS\MATERIALS_COMPLETE_ONE_GO_20261009_120310\ORIGINALS\06_STATES\wet_dry_states.md"
"07_CONTINUITY\material_continuity_rules.md","1021","C:\Users\hpcnd\OneDrive\Desktop\Ramayana\RAMAYAN\_BACKUPS\MATERIALS_COMPLETE_ONE_GO_20261009_120310\ORIGINALS\07_CONTINUITY\material_continuity_rules.md"
"07_HISTORICAL_CANONICAL\canonical_material_usage.md","1574","C:\Users\hpcnd\OneDrive\Desktop\Ramayana\RAMAYAN\_BACKUPS\MATERIALS_COMPLETE_ONE_GO_20261009_120310\ORIGINALS\07_HISTORICAL_CANONICAL\canonical_material_usage.md"
"07_HISTORICAL_CANONICAL\conflicts_uncertainty.md","1577","C:\Users\hpcnd\OneDrive\Desktop\Ramayana\RAMAYAN\_BACKUPS\MATERIALS_COMPLETE_ONE_GO_20261009_120310\ORIGINALS\07_HISTORICAL_CANONICAL\conflicts_uncertainty.md"
"07_HISTORICAL_CANONICAL\historical_material_availability.md","1551","C:\Users\hpcnd\OneDrive\Desktop\Ramayana\RAMAYAN\_BACKUPS\MATERIALS_COMPLETE_ONE_GO_20261009_120310\ORIGINALS\07_HISTORICAL_CANONICAL\historical_material_availability.md"
"07_HISTORICAL_CANONICAL\material_evidence.md","1569","C:\Users\hpcnd\OneDrive\Desktop\Ramayana\RAMAYAN\_BACKUPS\MATERIALS_COMPLETE_ONE_GO_20261009_120310\ORIGINALS\07_HISTORICAL_CANONICAL\material_evidence.md"
"07_HISTORICAL_CANONICAL\traditional_indian_materials.md","1548","C:\Users\hpcnd\OneDrive\Desktop\Ramayana\RAMAYAN\_BACKUPS\MATERIALS_COMPLETE_ONE_GO_20261009_120310\ORIGINALS\07_HISTORICAL_CANONICAL\traditional_indian_materials.md"
"07_HISTORICAL_CANONICAL\traditional_manufacturing.md","1563","C:\Users\hpcnd\OneDrive\Desktop\Ramayana\RAMAYAN\_BACKUPS\MATERIALS_COMPLETE_ONE_GO_20261009_120310\ORIGINALS\07_HISTORICAL_CANONICAL\traditional_manufacturing.md"
"08_ASSET_ASSIGNMENTS\asset_assignment_rules.md","613","C:\Users\hpcnd\OneDrive\Desktop\Ramayana\RAMAYAN\_BACKUPS\MATERIALS_COMPLETE_ONE_GO_20261009_120310\ORIGINALS\08_ASSET_ASSIGNMENTS\asset_assignment_rules.md"
"08_INTERACTION\animal_interaction.md","1529","C:\Users\hpcnd\OneDrive\Desktop\Ramayana\RAMAYAN\_BACKUPS\MATERIALS_COMPLETE_ONE_GO_20261009_120310\ORIGINALS\08_INTERACTION\animal_interaction.md"
"08_INTERACTION\architecture_interaction.md","1509","C:\Users\hpcnd\OneDrive\Desktop\Ramayana\RAMAYAN\_BACKUPS\MATERIALS_COMPLETE_ONE_GO_20261009_120310\ORIGINALS\08_INTERACTION\architecture_interaction.md"
"08_INTERACTION\environment_interaction.md","1475","C:\Users\hpcnd\OneDrive\Desktop\Ramayana\RAMAYAN\_BACKUPS\MATERIALS_COMPLETE_ONE_GO_20261009_120310\ORIGINALS\08_INTERACTION\environment_interaction.md"
"08_INTERACTION\human_interaction.md","1518","C:\Users\hpcnd\OneDrive\Desktop\Ramayana\RAMAYAN\_BACKUPS\MATERIALS_COMPLETE_ONE_GO_20261009_120310\ORIGINALS\08_INTERACTION\human_interaction.md"
"08_INTERACTION\prop_interaction.md","1459","C:\Users\hpcnd\OneDrive\Desktop\Ramayana\RAMAYAN\_BACKUPS\MATERIALS_COMPLETE_ONE_GO_20261009_120310\ORIGINALS\08_INTERACTION\prop_interaction.md"
"09_AI_PRODUCTION\artifact_prevention.md","1548","C:\Users\hpcnd\OneDrive\Desktop\Ramayana\RAMAYAN\_BACKUPS\MATERIALS_COMPLETE_ONE_GO_20261009_120310\ORIGINALS\09_AI_PRODUCTION\artifact_prevention.md"
"09_AI_PRODUCTION\candidate_selection.md","1521","C:\Users\hpcnd\OneDrive\Desktop\Ramayana\RAMAYAN\_BACKUPS\MATERIALS_COMPLETE_ONE_GO_20261009_120310\ORIGINALS\09_AI_PRODUCTION\candidate_selection.md"
"09_AI_PRODUCTION\material_generation_validation.md","1578","C:\Users\hpcnd\OneDrive\Desktop\Ramayana\RAMAYAN\_BACKUPS\MATERIALS_COMPLETE_ONE_GO_20261009_120310\ORIGINALS\09_AI_PRODUCTION\material_generation_validation.md"
"09_AI_PRODUCTION\material_prompting.md","1550","C:\Users\hpcnd\OneDrive\Desktop\Ramayana\RAMAYAN\_BACKUPS\MATERIALS_COMPLETE_ONE_GO_20261009_120310\ORIGINALS\09_AI_PRODUCTION\material_prompting.md"
"09_AI_PRODUCTION\negative_constraints.md","1575","C:\Users\hpcnd\OneDrive\Desktop\Ramayana\RAMAYAN\_BACKUPS\MATERIALS_COMPLETE_ONE_GO_20261009_120310\ORIGINALS\09_AI_PRODUCTION\negative_constraints.md"
"09_AI_PRODUCTION\reference_strategy.md","1655","C:\Users\hpcnd\OneDrive\Desktop\Ramayana\RAMAYAN\_BACKUPS\MATERIALS_COMPLETE_ONE_GO_20261009_120310\ORIGINALS\09_AI_PRODUCTION\reference_strategy.md"
"09_REGISTRY\material_registry_rules.md","683","C:\Users\hpcnd\OneDrive\Desktop\Ramayana\RAMAYAN\_BACKUPS\MATERIALS_COMPLETE_ONE_GO_20261009_120310\ORIGINALS\09_REGISTRY\material_registry_rules.md"
"10_CONTINUITY_QA\approval_criteria.md","1516","C:\Users\hpcnd\OneDrive\Desktop\Ramayana\RAMAYAN\_BACKUPS\MATERIALS_COMPLETE_ONE_GO_20261009_120310\ORIGINALS\10_CONTINUITY_QA\approval_criteria.md"
"10_CONTINUITY_QA\cross_episode_consistency.md","1550","C:\Users\hpcnd\OneDrive\Desktop\Ramayana\RAMAYAN\_BACKUPS\MATERIALS_COMPLETE_ONE_GO_20261009_120310\ORIGINALS\10_CONTINUITY_QA\cross_episode_consistency.md"
"10_CONTINUITY_QA\cross_scene_consistency.md","1460","C:\Users\hpcnd\OneDrive\Desktop\Ramayana\RAMAYAN\_BACKUPS\MATERIALS_COMPLETE_ONE_GO_20261009_120310\ORIGINALS\10_CONTINUITY_QA\cross_scene_consistency.md"
"10_CONTINUITY_QA\cross_shot_consistency.md","1480","C:\Users\hpcnd\OneDrive\Desktop\Ramayana\RAMAYAN\_BACKUPS\MATERIALS_COMPLETE_ONE_GO_20261009_120310\ORIGINALS\10_CONTINUITY_QA\cross_shot_consistency.md"
"10_CONTINUITY_QA\material_acceptance_criteria.md","1392","C:\Users\hpcnd\OneDrive\Desktop\Ramayana\RAMAYAN\_BACKUPS\MATERIALS_COMPLETE_ONE_GO_20261009_120310\ORIGINALS\10_CONTINUITY_QA\material_acceptance_criteria.md"
"10_CONTINUITY_QA\material_continuity.md","2511","C:\Users\hpcnd\OneDrive\Desktop\Ramayana\RAMAYAN\_BACKUPS\MATERIALS_COMPLETE_ONE_GO_20261009_120310\ORIGINALS\10_CONTINUITY_QA\material_continuity.md"
"10_CONTINUITY_QA\realism_qa.md","5550","C:\Users\hpcnd\OneDrive\Desktop\Ramayana\RAMAYAN\_BACKUPS\MATERIALS_COMPLETE_ONE_GO_20261009_120310\ORIGINALS\10_CONTINUITY_QA\realism_qa.md"
"10_CONTINUITY_QA\temporal_consistency.md","1474","C:\Users\hpcnd\OneDrive\Desktop\Ramayana\RAMAYAN\_BACKUPS\MATERIALS_COMPLETE_ONE_GO_20261009_120310\ORIGINALS\10_CONTINUITY_QA\temporal_consistency.md"
"11_EVIDENCE\evidence_ledger_rules.md","755","C:\Users\hpcnd\OneDrive\Desktop\Ramayana\RAMAYAN\_BACKUPS\MATERIALS_COMPLETE_ONE_GO_20261009_120310\ORIGINALS\11_EVIDENCE\evidence_ledger_rules.md"
"11_PRODUCTION_HANDOFF\3d_handoff.md","1525","C:\Users\hpcnd\OneDrive\Desktop\Ramayana\RAMAYAN\_BACKUPS\MATERIALS_COMPLETE_ONE_GO_20261009_120310\ORIGINALS\11_PRODUCTION_HANDOFF\3d_handoff.md"
"11_PRODUCTION_HANDOFF\lighting_handoff.md","1559","C:\Users\hpcnd\OneDrive\Desktop\Ramayana\RAMAYAN\_BACKUPS\MATERIALS_COMPLETE_ONE_GO_20261009_120310\ORIGINALS\11_PRODUCTION_HANDOFF\lighting_handoff.md"
"11_PRODUCTION_HANDOFF\physics_handoff.md","1468","C:\Users\hpcnd\OneDrive\Desktop\Ramayana\RAMAYAN\_BACKUPS\MATERIALS_COMPLETE_ONE_GO_20261009_120310\ORIGINALS\11_PRODUCTION_HANDOFF\physics_handoff.md"
"11_PRODUCTION_HANDOFF\render_validation.md","2703","C:\Users\hpcnd\OneDrive\Desktop\Ramayana\RAMAYAN\_BACKUPS\MATERIALS_COMPLETE_ONE_GO_20261009_120310\ORIGINALS\11_PRODUCTION_HANDOFF\render_validation.md"
"11_PRODUCTION_HANDOFF\shader_handoff.md","1546","C:\Users\hpcnd\OneDrive\Desktop\Ramayana\RAMAYAN\_BACKUPS\MATERIALS_COMPLETE_ONE_GO_20261009_120310\ORIGINALS\11_PRODUCTION_HANDOFF\shader_handoff.md"
"11_PRODUCTION_HANDOFF\texture_handoff.md","1546","C:\Users\hpcnd\OneDrive\Desktop\Ramayana\RAMAYAN\_BACKUPS\MATERIALS_COMPLETE_ONE_GO_20261009_120310\ORIGINALS\11_PRODUCTION_HANDOFF\texture_handoff.md"
"11_PRODUCTION_HANDOFF\vfx_handoff.md","1515","C:\Users\hpcnd\OneDrive\Desktop\Ramayana\RAMAYAN\_BACKUPS\MATERIALS_COMPLETE_ONE_GO_20261009_120310\ORIGINALS\11_PRODUCTION_HANDOFF\vfx_handoff.md"
"12_REGISTRY\change_control.md","1495","C:\Users\hpcnd\OneDrive\Desktop\Ramayana\RAMAYAN\_BACKUPS\MATERIALS_COMPLETE_ONE_GO_20261009_120310\ORIGINALS\12_REGISTRY\change_control.md"
"12_REGISTRY\material_evidence_ledger.csv","227","C:\Users\hpcnd\OneDrive\Desktop\Ramayana\RAMAYAN\_BACKUPS\MATERIALS_COMPLETE_ONE_GO_20261009_120310\ORIGINALS\12_REGISTRY\material_evidence_ledger.csv"
"12_REGISTRY\material_master_registry.csv","252","C:\Users\hpcnd\OneDrive\Desktop\Ramayana\RAMAYAN\_BACKUPS\MATERIALS_COMPLETE_ONE_GO_20261009_120310\ORIGINALS\12_REGISTRY\material_master_registry.csv"
"12_REGISTRY\material_registry.md","2287","C:\Users\hpcnd\OneDrive\Desktop\Ramayana\RAMAYAN\_BACKUPS\MATERIALS_COMPLETE_ONE_GO_20261009_120310\ORIGINALS\12_REGISTRY\material_registry.md"
"12_REGISTRY\material_variants.md","1534","C:\Users\hpcnd\OneDrive\Desktop\Ramayana\RAMAYAN\_BACKUPS\MATERIALS_COMPLETE_ONE_GO_20261009_120310\ORIGINALS\12_REGISTRY\material_variants.md"
"12_REGISTRY\material_versions.md","1487","C:\Users\hpcnd\OneDrive\Desktop\Ramayana\RAMAYAN\_BACKUPS\MATERIALS_COMPLETE_ONE_GO_20261009_120310\ORIGINALS\12_REGISTRY\material_versions.md"
