"File","Action"
"01_CORE\completion_standard.md","PRESERVED_EXISTING"
"01_CORE\material_record_requirements.md","PRESERVED_EXISTING"
"07_CONTINUITY\material_continuity_rules.md","PRESERVED_EXISTING"
"10_CONTINUITY_QA\material_acceptance_criteria.md","PRESERVED_EXISTING"
"11_EVIDENCE\evidence_ledger_rules.md","PRESERVED_EXISTING"
"08_ASSET_ASSIGNMENTS\asset_assignment_rules.md","PRESERVED_EXISTING"
"09_REGISTRY\material_registry_rules.md","PRESERVED_EXISTING"
"02_MATERIAL_DATABASE\material_research_workflow.md","PRESERVED_EXISTING"
"PRODUCTION_COMPLETION_CHECKLIST.md","PRESERVED_EXISTING"
