"RelativePath","Status","OldBytes","CurrentBytes"
"01_CORE\material_data_standard.md","NEW_ONLY",,"5274"
"01_CORE\material_identity.md","NEW_ONLY",,"3266"
"01_CORE\material_master.md","NEW_ONLY",,"10189"
"01_CORE\material_taxonomy.md","NEW_ONLY",,"2224"
"01_CORE\source_classification.md","NEW_ONLY",,"6605"
"02_MATERIAL_DATABASE\00_database_index.md","NEW_ONLY",,"4535"
"02_MATERIAL_DATABASE\01_material_record_standard.md","NEW_ONLY",,"2454"
"02_MATERIAL_DATABASE\02_material_id_rules.md","NEW_ONLY",,"1407"
"02_MATERIAL_DATABASE\03_source_and_evidence_rules.md","NEW_ONLY",,"1594"
"02_MATERIAL_DATABASE\04_initial_research_sources.md","NEW_ONLY",,"1477"
"02_MATERIAL_DATABASE\10_stone_rocks.md","NEW_ONLY",,"2134"
"02_MATERIAL_DATABASE\11_gemstones_crystals.md","NEW_ONLY",,"1358"
"02_MATERIAL_DATABASE\12_earth_soil_mud.md","NEW_ONLY",,"954"
"02_MATERIAL_DATABASE\13_sand_gravel_aggregate.md","NEW_ONLY",,"650"
"02_MATERIAL_DATABASE\14_clay_bricks_mortar_plaster.md","NEW_ONLY",,"1187"
"02_MATERIAL_DATABASE\15_minerals_earth_ornamental_materials.md","NEW_ONLY",,"1427"
"02_MATERIAL_DATABASE\16_charcoal_ash_soot_particulates.md","NEW_ONLY",,"993"
"02_MATERIAL_DATABASE\17_water_and_aqueous_materials.md","NEW_ONLY",,"967"
"02_MATERIAL_DATABASE\18_cordage_rope_mats_thatch.md","NEW_ONLY",,"733"
"02_MATERIAL_DATABASE\19_writing_record_substrates.md","NEW_ONLY",,"716"
"02_MATERIAL_DATABASE\20_wood_species.md","NEW_ONLY",,"1263"
"02_MATERIAL_DATABASE\21_bamboo_reeds_grasses.md","NEW_ONLY",,"614"
"02_MATERIAL_DATABASE\22_bark_plant_fibres.md","NEW_ONLY",,"658"
"02_MATERIAL_DATABASE\30_metals_native.md","NEW_ONLY",,"1066"
"02_MATERIAL_DATABASE\31_copper_alloys.md","NEW_ONLY",,"893"
"02_MATERIAL_DATABASE\32_iron_steel.md","NEW_ONLY",,"951"
"02_MATERIAL_DATABASE\33_precious_metals.md","NEW_ONLY",,"669"
"02_MATERIAL_DATABASE\34_other_historical_metals.md","NEW_ONLY",,"643"
"02_MATERIAL_DATABASE\35_special_historical_materials.md","NEW_ONLY",,"821"
"02_MATERIAL_DATABASE\36_material_composites_and_layered_systems.md","NEW_ONLY",,"895"
"02_MATERIAL_DATABASE\37_material_data_completeness_audit.md","NEW_ONLY",,"3366"
"02_MATERIAL_DATABASE\38_material_synonyms_and_translation_control.md","NEW_ONLY",,"670"
"02_MATERIAL_DATABASE\39_material_research_queue.md","NEW_ONLY",,"482"
"02_MATERIAL_DATABASE\40_ceramics_faience_glazes.md","NEW_ONLY",,"791"
"02_MATERIAL_DATABASE\41_glass_mineral.md","NEW_ONLY",,"737"
"02_MATERIAL_DATABASE\50_textile_fibres.md","NEW_ONLY",,"757"
"02_MATERIAL_DATABASE\51_yarns_weaves_fabrics.md","NEW_ONLY",,"785"
"02_MATERIAL_DATABASE\52_textile_finishes.md","NEW_ONLY",,"438"
"02_MATERIAL_DATABASE\60_leather_hide.md","NEW_ONLY",,"520"
"02_MATERIAL_DATABASE\61_bone_horn_ivory.md","NEW_ONLY",,"520"
"02_MATERIAL_DATABASE\62_shell_conch_nacre.md","NEW_ONLY",,"508"
"02_MATERIAL_DATABASE\63_feathers_hair_sinew.md","NEW_ONLY",,"469"
"02_MATERIAL_DATABASE\70_oils_fats_waxes.md","NEW_ONLY",,"682"
"02_MATERIAL_DATABASE\71_resins_gums_latex.md","NEW_ONLY",,"436"
"02_MATERIAL_DATABASE\72_adhesives_binders.md","NEW_ONLY",,"518"
"02_MATERIAL_DATABASE\80_pigments.md","NEW_ONLY",,"817"
"02_MATERIAL_DATABASE\81_dyes_mordants.md","NEW_ONLY",,"685"
"02_MATERIAL_DATABASE\82_coatings_polishes.md","NEW_ONLY",,"508"
"02_MATERIAL_DATABASE\90_plant_materials.md","NEW_ONLY",,"574"
"02_MATERIAL_DATABASE\91_animal_derived_materials.md","NEW_ONLY",,"352"
"02_MATERIAL_DATABASE\92_food_organic_matter.md","NEW_ONLY",,"669"
"02_MATERIAL_DATABASE\93_composite_historical_materials.md","NEW_ONLY",,"853"
"02_MATERIAL_DATABASE\99_material_database_scope_and_gaps.md","NEW_ONLY",,"1446"
"03_PHYSICS\acoustic_physics.md","NEW_ONLY",,"411"
"03_PHYSICS\bone_horn_shell_physics.md","NEW_ONLY",,"399"
"03_PHYSICS\ceramic_clay_physics.md","NEW_ONLY",,"425"
"03_PHYSICS\combustion_fire.md","NEW_ONLY",,"666"
"03_PHYSICS\deformation.md","NEW_ONLY",,"365"
"03_PHYSICS\dust_particles_sedimentation.md","NEW_ONLY",,"380"
"03_PHYSICS\elasticity_plasticity.md","NEW_ONLY",,"542"
"03_PHYSICS\fluid_mechanics.md","NEW_ONLY",,"432"
"03_PHYSICS\fluid_properties.md","NEW_ONLY",,"373"
"03_PHYSICS\friction_contact_adhesion.md","NEW_ONLY",,"581"
"03_PHYSICS\glass_mineral_physics.md","NEW_ONLY",,"399"
"03_PHYSICS\heat_transfer.md","NEW_ONLY",,"409"
"03_PHYSICS\humidity_temperature_environment.md","NEW_ONLY",,"463"
"03_PHYSICS\impact_momentum_collision.md","NEW_ONLY",,"459"
"03_PHYSICS\leather_hide_physics.md","NEW_ONLY",,"347"
"03_PHYSICS\mass_density_volume.md","NEW_ONLY",,"602"
"03_PHYSICS\measurement_methods.md","NEW_ONLY",,"480"
"03_PHYSICS\mechanical_properties.md","NEW_ONLY",,"501"
"03_PHYSICS\metal_physics.md","NEW_ONLY",,"459"
"03_PHYSICS\model_validation.md","NEW_ONLY",,"413"
"03_PHYSICS\numerical_methods.md","NEW_ONLY",,"359"
"03_PHYSICS\optical_properties.md","NEW_ONLY",,"424"
"03_PHYSICS\organic_material_physics.md","NEW_ONLY",,"346"
"03_PHYSICS\phase_change.md","NEW_ONLY",,"393"
"03_PHYSICS\physical_models.md","NEW_ONLY",,"645"
"03_PHYSICS\physical_provenance.md","NEW_ONLY",,"586"
"03_PHYSICS\physics_assumption_registry.md","NEW_ONLY",,"459"
"03_PHYSICS\physics_change_control.md","NEW_ONLY",,"458"
"03_PHYSICS\physics_completeness_audit.md","NEW_ONLY",,"1230"
"03_PHYSICS\physics_data_standard.md","NEW_ONLY",,"1814"
"03_PHYSICS\physics_failure_modes.md","NEW_ONLY",,"594"
"03_PHYSICS\physics_master.md","NEW_ONLY",,"4997"
"03_PHYSICS\physics_reference_registry.md","NEW_ONLY",,"439"
"03_PHYSICS\physics_to_3d_interface.md","NEW_ONLY",,"310"
"03_PHYSICS\physics_to_audio_interface.md","NEW_ONLY",,"253"
"03_PHYSICS\physics_to_behavior_interface.md","NEW_ONLY",,"282"
"03_PHYSICS\physics_to_lighting_interface.md","NEW_ONLY",,"328"
"03_PHYSICS\physics_to_simulation_interface.md","NEW_ONLY",,"400"
"03_PHYSICS\physics_to_states_interface.md","NEW_ONLY",,"379"
"03_PHYSICS\physics_to_vfx_interface.md","NEW_ONLY",,"252"
"03_PHYSICS\radiation_absorption_scattering.md","NEW_ONLY",,"460"
"03_PHYSICS\real_world_validation.md","NEW_ONLY",,"530"
"03_PHYSICS\scale_and_dimension.md","NEW_ONLY",,"398"
"03_PHYSICS\simulation_approximation.md","NEW_ONLY",,"438"
"03_PHYSICS\simulation_models.md","NEW_ONLY",,"389"
"03_PHYSICS\stone_earth_physics.md","NEW_ONLY",,"508"
"03_PHYSICS\strength_failure_fracture.md","NEW_ONLY",,"527"
"03_PHYSICS\surface_microphysics.md","NEW_ONLY",,"363"
"03_PHYSICS\textile_fibre_physics.md","NEW_ONLY",,"422"
"03_PHYSICS\thermal_properties.md","NEW_ONLY",,"462"
"03_PHYSICS\uncertainty_and_error.md","NEW_ONLY",,"938"
"03_PHYSICS\units_and_dimensions.md","NEW_ONLY",,"851"
"03_PHYSICS\validity_regimes.md","NEW_ONLY",,"680"
"03_PHYSICS\vibration_resonance.md","NEW_ONLY",,"429"
"03_PHYSICS\weathering_erosion_physics.md","NEW_ONLY",,"388"
"03_PHYSICS\wetting_absorption_permeability.md","NEW_ONLY",,"526"
"03_PHYSICS\wood_physics.md","NEW_ONLY",,"414"
"04_SURFACE_STRUCTURE\asset_material_assignment_register.csv","NEW_ONLY",,"3"
"04_SURFACE_STRUCTURE\imperfections.md","NEW_ONLY",,"1733"
"04_SURFACE_STRUCTURE\macro_structure.md","NEW_ONLY",,"1715"
"04_SURFACE_STRUCTURE\material_database_and_assignment_gap_report.md","NEW_ONLY",,"1687"
"04_SURFACE_STRUCTURE\material_record_inventory.csv","NEW_ONLY",,"5556"
"04_SURFACE_STRUCTURE\medium_structure.md","NEW_ONLY",,"1547"
"04_SURFACE_STRUCTURE\micro_surface.md","NEW_ONLY",,"1745"
"04_SURFACE_STRUCTURE\multiple_reflection_and_light_transport.md","NEW_ONLY",,"4434"
"04_SURFACE_STRUCTURE\natural_variation.md","NEW_ONLY",,"1695"
"04_SURFACE_STRUCTURE\ONE_PASS_AUDIT_20261009_104240\asset_material_assignment_gaps.csv","NEW_ONLY",,"244"
"04_SURFACE_STRUCTURE\ONE_PASS_AUDIT_20261009_104240\asset_material_assignment_register.csv","NEW_ONLY",,"3"
"04_SURFACE_STRUCTURE\ONE_PASS_AUDIT_20261009_104240\discovered_asset_file_inventory.csv","NEW_ONLY",,"167"
"04_SURFACE_STRUCTURE\ONE_PASS_AUDIT_20261009_104240\material_database_and_assignment_gap_report.md","NEW_ONLY",,"1687"
"04_SURFACE_STRUCTURE\ONE_PASS_AUDIT_20261009_104240\material_record_inventory.csv","NEW_ONLY",,"5556"
"04_SURFACE_STRUCTURE\ONE_PASS_AUDIT_20261009_104240\material_record_inventory_detailed.csv","NEW_ONLY",,"14500"
"04_SURFACE_STRUCTURE\ONE_PASS_AUDIT_20261009_104240\ONE_PASS_COMPLETION_AUDIT.md","NEW_ONLY",,"4772"
"04_SURFACE_STRUCTURE\ONE_PASS_AUDIT_20261009_104240\run_summary.json","NEW_ONLY",,"793"
"04_SURFACE_STRUCTURE\ONE_PASS_AUDIT_20261009_104240\surface_material_family_mapping.csv","NEW_ONLY",,"4101"
"04_SURFACE_STRUCTURE\ONE_PASS_AUDIT_20261009_104240\surface_material_research_queue.csv","NEW_ONLY",,"8535"
"04_SURFACE_STRUCTURE\ONE_PASS_AUDIT_20261009_104240\surface_release_gate_register.csv","NEW_ONLY",,"1559"
"04_SURFACE_STRUCTURE\ONE_PASS_AUDIT_20261009_104240\surface_renderer_validation_register.csv","NEW_ONLY",,"5635"
"04_SURFACE_STRUCTURE\README_REPAIR_PACKAGE.md","NEW_ONLY",,"1190"
"04_SURFACE_STRUCTURE\sub_micro_structure.md","NEW_ONLY",,"1714"
"04_SURFACE_STRUCTURE\surface_change_and_decision_log.md","NEW_ONLY",,"1095"
"04_SURFACE_STRUCTURE\surface_cross_folder_contract.md","NEW_ONLY",,"1994"
"04_SURFACE_STRUCTURE\surface_environment_interaction.md","NEW_ONLY",,"1441"
"04_SURFACE_STRUCTURE\surface_evidence_and_research_register.md","NEW_ONLY",,"1969"
"04_SURFACE_STRUCTURE\surface_evidence_source_register.md","NEW_ONLY",,"3293"
"04_SURFACE_STRUCTURE\surface_failure_modes.md","NEW_ONLY",,"1922"
"04_SURFACE_STRUCTURE\surface_final_inventory.md","NEW_ONLY",,"1236"
"04_SURFACE_STRUCTURE\surface_implementation_handoff.md","NEW_ONLY",,"1827"
"04_SURFACE_STRUCTURE\surface_interfaces_and_layers.md","NEW_ONLY",,"1547"
"04_SURFACE_STRUCTURE\surface_material_family_mapping.csv","NEW_ONLY",,"4101"
"04_SURFACE_STRUCTURE\surface_material_research_queue.csv","NEW_ONLY",,"8535"
"04_SURFACE_STRUCTURE\surface_record_standard.md","NEW_ONLY",,"2210"
"04_SURFACE_STRUCTURE\surface_release_gate.md","NEW_ONLY",,"1727"
"04_SURFACE_STRUCTURE\surface_renderer_confirmation_note.md","NEW_ONLY",,"1067"
"04_SURFACE_STRUCTURE\surface_renderer_test_matrix.md","NEW_ONLY",,"2130"
"04_SURFACE_STRUCTURE\surface_renderer_validation_register.csv","NEW_ONLY",,"5635"
"04_SURFACE_STRUCTURE\surface_research_execution_plan.md","NEW_ONLY",,"5315"
"04_SURFACE_STRUCTURE\surface_scale_and_filtering.md","NEW_ONLY",,"1754"
"04_SURFACE_STRUCTURE\surface_structure_audit_report.txt","NEW_ONLY",,"1771"
"04_SURFACE_STRUCTURE\surface_structure_completion_discovery.txt","NEW_ONLY",,"11921"
"04_SURFACE_STRUCTURE\surface_structure_master.md","NEW_ONLY",,"5281"
"04_SURFACE_STRUCTURE\surface_validation_and_qa.md","NEW_ONLY",,"2537"
"05_BEHAVIOR\aging.md","NEW_ONLY",,"0"
"05_BEHAVIOR\damage.md","NEW_ONLY",,"0"
"05_BEHAVIOR\dust_dirt_mud.md","NEW_ONLY",,"0"
"05_BEHAVIOR\environmental_response.md","NEW_ONLY",,"0"
"05_BEHAVIOR\repair.md","NEW_ONLY",,"0"
"05_BEHAVIOR\water_wetting_absorption.md","NEW_ONLY",,"0"
"05_BEHAVIOR\wear.md","NEW_ONLY",,"0"
"05_BEHAVIOR\weathering.md","NEW_ONLY",,"0"
"06_STATES\condition_states.md","NEW_ONLY",,"0"
"06_STATES\material_state_model.md","NEW_ONLY",,"0"
"06_STATES\state_continuity.md","NEW_ONLY",,"0"
"06_STATES\state_transitions.md","NEW_ONLY",,"0"
"06_STATES\thermal_states.md","NEW_ONLY",,"0"
"06_STATES\wet_dry_states.md","NEW_ONLY",,"0"
"07_HISTORICAL_CANONICAL\canonical_material_usage.md","NEW_ONLY",,"0"
"07_HISTORICAL_CANONICAL\conflicts_uncertainty.md","NEW_ONLY",,"0"
"07_HISTORICAL_CANONICAL\historical_material_availability.md","NEW_ONLY",,"0"
"07_HISTORICAL_CANONICAL\material_evidence.md","NEW_ONLY",,"0"
"07_HISTORICAL_CANONICAL\traditional_indian_materials.md","NEW_ONLY",,"0"
"07_HISTORICAL_CANONICAL\traditional_manufacturing.md","NEW_ONLY",,"0"
"08_INTERACTION\animal_interaction.md","NEW_ONLY",,"0"
"08_INTERACTION\architecture_interaction.md","NEW_ONLY",,"0"
"08_INTERACTION\environment_interaction.md","NEW_ONLY",,"0"
"08_INTERACTION\human_interaction.md","NEW_ONLY",,"0"
"08_INTERACTION\prop_interaction.md","NEW_ONLY",,"0"
"09_AI_PRODUCTION\artifact_prevention.md","NEW_ONLY",,"0"
"09_AI_PRODUCTION\candidate_selection.md","NEW_ONLY",,"0"
"09_AI_PRODUCTION\material_generation_validation.md","NEW_ONLY",,"0"
"09_AI_PRODUCTION\material_prompting.md","NEW_ONLY",,"0"
"09_AI_PRODUCTION\negative_constraints.md","NEW_ONLY",,"0"
"09_AI_PRODUCTION\reference_strategy.md","NEW_ONLY",,"0"
"10_CONTINUITY_QA\approval_criteria.md","NEW_ONLY",,"0"
"10_CONTINUITY_QA\cross_episode_consistency.md","NEW_ONLY",,"0"
"10_CONTINUITY_QA\cross_scene_consistency.md","NEW_ONLY",,"0"
"10_CONTINUITY_QA\cross_shot_consistency.md","NEW_ONLY",,"0"
"10_CONTINUITY_QA\material_continuity.md","NEW_ONLY",,"0"
"10_CONTINUITY_QA\realism_qa.md","NEW_ONLY",,"0"
"10_CONTINUITY_QA\temporal_consistency.md","NEW_ONLY",,"0"
"11_PRODUCTION_HANDOFF\3d_handoff.md","NEW_ONLY",,"0"
"11_PRODUCTION_HANDOFF\lighting_handoff.md","NEW_ONLY",,"0"
"11_PRODUCTION_HANDOFF\physics_handoff.md","NEW_ONLY",,"0"
"11_PRODUCTION_HANDOFF\render_validation.md","NEW_ONLY",,"0"
"11_PRODUCTION_HANDOFF\shader_handoff.md","NEW_ONLY",,"0"
"11_PRODUCTION_HANDOFF\texture_handoff.md","NEW_ONLY",,"0"
"11_PRODUCTION_HANDOFF\vfx_handoff.md","NEW_ONLY",,"0"
"12_REGISTRY\change_control.md","NEW_ONLY",,"0"
"12_REGISTRY\material_registry.md","NEW_ONLY",,"0"
"12_REGISTRY\material_variants.md","NEW_ONLY",,"0"
"12_REGISTRY\material_versions.md","NEW_ONLY",,"0"
"AI\material_consistency.md","OLD_ONLY","0",
"AI\material_drift.md","OLD_ONLY","0",
"AI\material_generation_qa.md","OLD_ONLY","0",
"AI\material_prompt_rules.md","OLD_ONLY","0",
"AI\material_provenance.md","OLD_ONLY","0",
"ARCHITECTURAL_MATERIALS\decorative_surfaces.md","OLD_ONLY","0",
"ARCHITECTURAL_MATERIALS\doors.md","OLD_ONLY","0",
"ARCHITECTURAL_MATERIALS\floors.md","OLD_ONLY","0",
"ARCHITECTURAL_MATERIALS\pillars.md","OLD_ONLY","0",
"ARCHITECTURAL_MATERIALS\platforms.md","OLD_ONLY","0",
"ARCHITECTURAL_MATERIALS\roofs.md","OLD_ONLY","0",
"ARCHITECTURAL_MATERIALS\stairs.md","OLD_ONLY","0",
"ARCHITECTURAL_MATERIALS\walls.md","OLD_ONLY","0",
"ARCHITECTURAL_MATERIALS\windows.md","OLD_ONLY","0",
"CHARACTER_MATERIALS\body_material_rules.md","OLD_ONLY","0",
"CHARACTER_MATERIALS\hair.md","OLD_ONLY","0",
"CHARACTER_MATERIALS\nails.md","OLD_ONLY","0",
"CHARACTER_MATERIALS\skin.md","OLD_ONLY","0",
"CHARACTER_MATERIALS\teeth.md","OLD_ONLY","0",
"CONSTRUCTION_MATERIALS\flooring_materials.md","OLD_ONLY","0",
"CONSTRUCTION_MATERIALS\lime.md","OLD_ONLY","0",
"CONSTRUCTION_MATERIALS\mortar.md","OLD_ONLY","0",
"CONSTRUCTION_MATERIALS\pigment_binder.md","OLD_ONLY","0",
"CONSTRUCTION_MATERIALS\plaster.md","OLD_ONLY","0",
"CONSTRUCTION_MATERIALS\roofing_materials.md","OLD_ONLY","0",
"CORE\material_classification.md","OLD_ONLY","0",
"CORE\material_continuity.md","OLD_ONLY","0",
"CORE\material_decision_log.md","OLD_ONLY","0",
"CORE\material_evidence_rules.md","OLD_ONLY","668",
"CORE\material_identity_rules.md","OLD_ONLY","0",
"CORE\material_lock_system.md","OLD_ONLY","605",
"CORE\material_policy.md","OLD_ONLY","0",
"CORE\material_qa.md","OLD_ONLY","958",
"CORE\material_registry.md","OLD_ONLY","0",
"CORE\material_scale_rules.md","OLD_ONLY","0",
"CORE\material_selection_rules.md","OLD_ONLY","496",
"CORE\material_source_policy.md","OLD_ONLY","0",
"CORE\material_state_system.md","OLD_ONLY","901",
"CORE\material_substitution_rules.md","OLD_ONLY","0",
"CORE\material_system.md","OLD_ONLY","1403",
"EARTHEN_AND_CERAMIC\ceramic.md","OLD_ONLY","0",
"EARTHEN_AND_CERAMIC\fired_clay.md","OLD_ONLY","0",
"EARTHEN_AND_CERAMIC\glazed_surfaces.md","OLD_ONLY","0",
"EARTHEN_AND_CERAMIC\pottery.md","OLD_ONLY","0",
"EARTHEN_AND_CERAMIC\terracotta.md","OLD_ONLY","0",
"GLASS_AND_MINERAL_MATERIALS\crystal.md","OLD_ONLY","0",
"GLASS_AND_MINERAL_MATERIALS\gemstone.md","OLD_ONLY","0",
"GLASS_AND_MINERAL_MATERIALS\glass.md","OLD_ONLY","0",
"GLASS_AND_MINERAL_MATERIALS\mica.md","OLD_ONLY","0",
"GLASS_AND_MINERAL_MATERIALS\mineral_surfaces.md","OLD_ONLY","0",
"GLASS_AND_MINERAL_MATERIALS\pearl.md","OLD_ONLY","0",
"LEATHER_AND_ANIMAL_MATERIALS\bone.md","OLD_ONLY","0",
"LEATHER_AND_ANIMAL_MATERIALS\feather_material.md","OLD_ONLY","0",
"LEATHER_AND_ANIMAL_MATERIALS\hide.md","OLD_ONLY","0",
"LEATHER_AND_ANIMAL_MATERIALS\horn.md","OLD_ONLY","0",
"LEATHER_AND_ANIMAL_MATERIALS\ivory_research.md","OLD_ONLY","0",
"LEATHER_AND_ANIMAL_MATERIALS\leather.md","OLD_ONLY","0",
"LEATHER_AND_ANIMAL_MATERIALS\shell.md","OLD_ONLY","0",
"MATERIAL_COMBINATIONS\composite_materials.md","OLD_ONLY","0",
"MATERIAL_COMBINATIONS\glass_metal.md","OLD_ONLY","0",
"MATERIAL_COMBINATIONS\metal_stone.md","OLD_ONLY","0",
"MATERIAL_COMBINATIONS\metal_wood.md","OLD_ONLY","0",
"MATERIAL_COMBINATIONS\stone_wood.md","OLD_ONLY","0",
"MATERIAL_COMBINATIONS\textile_leather.md","OLD_ONLY","0",
"MATERIAL_COMBINATIONS\textile_metal.md","OLD_ONLY","0",
"MATERIAL_COMBINATIONS\wood_textile.md","OLD_ONLY","0",
"MATERIAL_INTERACTION\cold_interaction.md","OLD_ONLY","0",
"MATERIAL_INTERACTION\contact_interaction.md","OLD_ONLY","0",
"MATERIAL_INTERACTION\dust_interaction.md","OLD_ONLY","0",
"MATERIAL_INTERACTION\fire_interaction.md","OLD_ONLY","0",
"MATERIAL_INTERACTION\heat_interaction.md","OLD_ONLY","0",
"MATERIAL_INTERACTION\moonlight_interaction.md","OLD_ONLY","0",
"MATERIAL_INTERACTION\smoke_interaction.md","OLD_ONLY","0",
"MATERIAL_INTERACTION\sunlight_interaction.md","OLD_ONLY","0",
"MATERIAL_INTERACTION\water_interaction.md","OLD_ONLY","0",
"MATERIAL_INTERACTION\wind_interaction.md","OLD_ONLY","0",
"MATERIAL_STATES\aging.md","OLD_ONLY","0",
"MATERIAL_STATES\biological_growth.md","OLD_ONLY","0",
"MATERIAL_STATES\damage.md","OLD_ONLY","0",
"MATERIAL_STATES\destruction.md","OLD_ONLY","0",
"MATERIAL_STATES\fire_damage.md","OLD_ONLY","0",
"MATERIAL_STATES\normal_use.md","OLD_ONLY","0",
"MATERIAL_STATES\pristine.md","OLD_ONLY","0",
"MATERIAL_STATES\repair.md","OLD_ONLY","0",
"MATERIAL_STATES\restoration.md","OLD_ONLY","0",
"MATERIAL_STATES\water_damage.md","OLD_ONLY","0",
"MATERIAL_STATES\weathering.md","OLD_ONLY","0",
"METALS\brass.md","OLD_ONLY","0",
"METALS\bronze.md","OLD_ONLY","0",
"METALS\copper.md","OLD_ONLY","0",
"METALS\gold.md","OLD_ONLY","0",
"METALS\iron.md","OLD_ONLY","0",
"METALS\silver.md","OLD_ONLY","0",
"METALS\steel.md","OLD_ONLY","0",
"ORGANIC_AND_NATURAL\flowers.md","OLD_ONLY","0",
"ORGANIC_AND_NATURAL\leaves.md","OLD_ONLY","0",
"ORGANIC_AND_NATURAL\organic_decay.md","OLD_ONLY","0",
"ORGANIC_AND_NATURAL\resin.md","OLD_ONLY","0",
"ORGANIC_AND_NATURAL\sap.md","OLD_ONLY","0",
"ORGANIC_AND_NATURAL\wax.md","OLD_ONLY","0",
"PHYSICAL_PROPERTIES\absorption.md","OLD_ONLY","0",
"PHYSICAL_PROPERTIES\density.md","OLD_ONLY","0",
"PHYSICAL_PROPERTIES\electrical_behavior.md","OLD_ONLY","0",
"PHYSICAL_PROPERTIES\hardness.md","OLD_ONLY","0",
"PHYSICAL_PROPERTIES\mechanical_behavior.md","OLD_ONLY","0",
"PHYSICAL_PROPERTIES\reflectivity.md","OLD_ONLY","0",
"PHYSICAL_PROPERTIES\roughness.md","OLD_ONLY","0",
"PHYSICAL_PROPERTIES\scattering.md","OLD_ONLY","0",
"PHYSICAL_PROPERTIES\surface_behavior.md","OLD_ONLY","0",
"PHYSICAL_PROPERTIES\thermal_behavior.md","OLD_ONLY","0",
"PHYSICAL_PROPERTIES\translucency.md","OLD_ONLY","0",
"PHYSICAL_PROPERTIES\transparency.md","OLD_ONLY","0",
"README.md","OLD_ONLY","926",
"REFERENCES\historical_reference.md","OLD_ONLY","0",
"REFERENCES\material_reference_policy.md","OLD_ONLY","0",
"REFERENCES\physical_reference.md","OLD_ONLY","0",
"REFERENCES\reference_index.md","OLD_ONLY","0",
"REFERENCES\traditional_reference.md","OLD_ONLY","0",
"REGISTRIES\material_master_registry.md","OLD_ONLY","0",
"REGISTRIES\material_reference_registry.md","OLD_ONLY","0",
"REGISTRIES\material_state_registry.md","OLD_ONLY","0",
"REGISTRIES\material_usage_registry.md","OLD_ONLY","0",
"RENDERING\albedo.md","OLD_ONLY","0",
"RENDERING\anisotropy.md","OLD_ONLY","0",
"RENDERING\clearcoat.md","OLD_ONLY","0",
"RENDERING\displacement.md","OLD_ONLY","0",
"RENDERING\material_shader_rules.md","OLD_ONLY","0",
"RENDERING\metallic_workflow.md","OLD_ONLY","0",
"RENDERING\normal_maps.md","OLD_ONLY","0",
"RENDERING\physically_based_materials.md","OLD_ONLY","0",
"RENDERING\roughness_maps.md","OLD_ONLY","0",
"RENDERING\sheen.md","OLD_ONLY","0",
"RENDERING\subsurface_scattering.md","OLD_ONLY","0",
"RENDERING\transmission.md","OLD_ONLY","0",
"STONE_AND_EARTH\basalt.md","OLD_ONLY","0",
"STONE_AND_EARTH\clay.md","OLD_ONLY","0",
"STONE_AND_EARTH\granite.md","OLD_ONLY","0",
"STONE_AND_EARTH\gravel.md","OLD_ONLY","0",
"STONE_AND_EARTH\limestone.md","OLD_ONLY","0",
"STONE_AND_EARTH\marble.md","OLD_ONLY","0",
"STONE_AND_EARTH\mud.md","OLD_ONLY","0",
"STONE_AND_EARTH\natural_rock.md","OLD_ONLY","0",
"STONE_AND_EARTH\sandstone.md","OLD_ONLY","0",
"STONE_AND_EARTH\slate.md","OLD_ONLY","0",
"STONE_AND_EARTH\soil.md","OLD_ONLY","0",
"SURFACE_BEHAVIOR\ash.md","OLD_ONLY","0",
"SURFACE_BEHAVIOR\chipped.md","OLD_ONLY","0",
"SURFACE_BEHAVIOR\cracked.md","OLD_ONLY","0",
"SURFACE_BEHAVIOR\dented.md","OLD_ONLY","0",
"SURFACE_BEHAVIOR\dusty.md","OLD_ONLY","0",
"SURFACE_BEHAVIOR\glossy.md","OLD_ONLY","0",
"SURFACE_BEHAVIOR\matte.md","OLD_ONLY","0",
"SURFACE_BEHAVIOR\muddy.md","OLD_ONLY","0",
"SURFACE_BEHAVIOR\oily.md","OLD_ONLY","0",
"SURFACE_BEHAVIOR\polished.md","OLD_ONLY","0",
"SURFACE_BEHAVIOR\residue.md","OLD_ONLY","0",
"SURFACE_BEHAVIOR\rough.md","OLD_ONLY","0",
"SURFACE_BEHAVIOR\scratched.md","OLD_ONLY","0",
"SURFACE_BEHAVIOR\soot.md","OLD_ONLY","0",
"SURFACE_BEHAVIOR\stained.md","OLD_ONLY","0",
"SURFACE_BEHAVIOR\wet.md","OLD_ONLY","0",
"SURFACE_BEHAVIOR\worn.md","OLD_ONLY","0",
"TEXTILES_AND_FIBERS\cotton.md","OLD_ONLY","0",
"TEXTILES_AND_FIBERS\embroidery_materials.md","OLD_ONLY","0",
"TEXTILES_AND_FIBERS\hemp.md","OLD_ONLY","0",
"TEXTILES_AND_FIBERS\jute.md","OLD_ONLY","0",
"TEXTILES_AND_FIBERS\knitted_structure.md","OLD_ONLY","0",
"TEXTILES_AND_FIBERS\linen.md","OLD_ONLY","0",
"TEXTILES_AND_FIBERS\natural_fibers.md","OLD_ONLY","0",
"TEXTILES_AND_FIBERS\silk.md","OLD_ONLY","0",
"TEXTILES_AND_FIBERS\textile_surface_behavior.md","OLD_ONLY","0",
"TEXTILES_AND_FIBERS\wool.md","OLD_ONLY","0",
"TEXTILES_AND_FIBERS\woven_structure.md","OLD_ONLY","0",
"TEXTURE\photographic_textures.md","OLD_ONLY","0",
"TEXTURE\procedural_textures.md","OLD_ONLY","0",
"TEXTURE\texel_density.md","OLD_ONLY","0",
"TEXTURE\texture_artifact_control.md","OLD_ONLY","0",
"TEXTURE\texture_repetition.md","OLD_ONLY","0",
"TEXTURE\texture_resolution.md","OLD_ONLY","0",
"TEXTURE\texture_scale.md","OLD_ONLY","0",
"TEXTURE\texture_variation.md","OLD_ONLY","0",
"WOOD_AND_PLANT_MATERIALS\bamboo.md","OLD_ONLY","0",
"WOOD_AND_PLANT_MATERIALS\bark.md","OLD_ONLY","0",
"WOOD_AND_PLANT_MATERIALS\cane.md","OLD_ONLY","0",
"WOOD_AND_PLANT_MATERIALS\hardwood.md","OLD_ONLY","0",
"WOOD_AND_PLANT_MATERIALS\palm_materials.md","OLD_ONLY","0",
"WOOD_AND_PLANT_MATERIALS\plant_fibers.md","OLD_ONLY","0",
"WOOD_AND_PLANT_MATERIALS\softwood.md","OLD_ONLY","0",
