"usage_id","asset_id","episode_id","kanda","story_event","scene_id","shot_id","version_id","state_id","usage_status","source_reference","notes"
"USE-AST-BAAL-001-EP01","AST-BAAL-001","EPISODE_01","BAAL_KAND","Wedding and dowry passages","TO_ASSIGN","TO_ASSIGN","","","TEXT_LOCATOR_RECORDED","Ramcharitmanas Bal Kand, chaupai locator 1-325-1; https://www.ramcharitmanas.org/content-1-56-2140.html","Scene and shot assignment waits for the film's approved episode breakdown."
"USE-AST-BAAL-002-EP01","AST-BAAL-002","EPISODE_01","BAAL_KAND","Wedding and dowry passages","TO_ASSIGN","TO_ASSIGN","","","TEXT_LOCATOR_RECORDED","Ramcharitmanas Bal Kand, chaupai locator 1-325-1; https://www.ramcharitmanas.org/content-1-56-2140.html","Scene and shot assignment waits for the film's approved episode breakdown."
"USE-AST-BAAL-003-EP01","AST-BAAL-003","EPISODE_01","BAAL_KAND","Wedding and dowry passages","TO_ASSIGN","TO_ASSIGN","","","TEXT_LOCATOR_RECORDED","Ramcharitmanas Bal Kand, chaupai locator 1-325-1; https://www.ramcharitmanas.org/content-1-56-2140.html","Scene and shot assignment waits for the film's approved episode breakdown."
"USE-AST-BAAL-004-EP01","AST-BAAL-004","EPISODE_01","BAAL_KAND","Wedding and dowry passages","TO_ASSIGN","TO_ASSIGN","","","TEXT_LOCATOR_RECORDED","Ramcharitmanas Bal Kand, chaupai locator 1-325-2; https://www.ramcharitmanas.org/content-1-56-2140.html","Scene and shot assignment waits for the film's approved episode breakdown."
"USE-AST-BAAL-005-EP01","AST-BAAL-005","EPISODE_01","BAAL_KAND","Wedding and dowry passages","TO_ASSIGN","TO_ASSIGN","","","TEXT_LOCATOR_RECORDED","Ramcharitmanas Bal Kand, chaupai locator 1-325-2; https://www.ramcharitmanas.org/content-1-56-2140.html","Scene and shot assignment waits for the film's approved episode breakdown."
"USE-AST-BAAL-006-EP01","AST-BAAL-006","EPISODE_01","BAAL_KAND","Wedding and dowry passages","TO_ASSIGN","TO_ASSIGN","","","TEXT_LOCATOR_RECORDED","Ramcharitmanas Bal Kand, chaupai locator 1-325-2; https://www.ramcharitmanas.org/content-1-56-2140.html","Scene and shot assignment waits for the film's approved episode breakdown."
"USE-AST-BAAL-007-EP01","AST-BAAL-007","EPISODE_01","BAAL_KAND","Wedding and dowry passages","TO_ASSIGN","TO_ASSIGN","","","TEXT_LOCATOR_RECORDED","Ramcharitmanas Bal Kand, chaupai locator 1-325-2; https://www.ramcharitmanas.org/content-1-56-2140.html","Scene and shot assignment waits for the film's approved episode breakdown."
"USE-AST-BAAL-008-EP01","AST-BAAL-008","EPISODE_01","BAAL_KAND","Wedding and dowry passages","TO_ASSIGN","TO_ASSIGN","","","TEXT_LOCATOR_RECORDED","Ramcharitmanas Bal Kand, chaupai locator 1-325-2; https://www.ramcharitmanas.org/content-1-56-2140.html","Scene and shot assignment waits for the film's approved episode breakdown."
"USE-AST-BAAL-009-EP01","AST-BAAL-009","EPISODE_01","BAAL_KAND","Wedding and dowry passages","TO_ASSIGN","TO_ASSIGN","","","TEXT_LOCATOR_RECORDED","Ramcharitmanas Bal Kand, chaupai locator 1-325-2; https://www.ramcharitmanas.org/content-1-56-2140.html","Scene and shot assignment waits for the film's approved episode breakdown."
"USE-AST-BAAL-010-EP01","AST-BAAL-010","EPISODE_01","BAAL_KAND","Wedding and dowry passages","TO_ASSIGN","TO_ASSIGN","","","TEXT_LOCATOR_RECORDED","Ramcharitmanas Bal Kand, chaupai locator 1-325-2; https://www.ramcharitmanas.org/content-1-56-2140.html","Scene and shot assignment waits for the film's approved episode breakdown."
"USE-AST-BAAL-011-EP01","AST-BAAL-011","EPISODE_01","BAAL_KAND","Wedding and dowry passages","TO_ASSIGN","TO_ASSIGN","","","TEXT_LOCATOR_RECORDED","Ramcharitmanas Bal Kand, chaupai locator 1-324-4; https://www.ramcharitmanas.org/content-1-56-2137.html","Scene and shot assignment waits for the film's approved episode breakdown."
"USE-AST-BAAL-012-EP01","AST-BAAL-012","EPISODE_01","BAAL_KAND","Wedding and dowry passages","TO_ASSIGN","TO_ASSIGN","","","TEXT_LOCATOR_RECORDED","Ramcharitmanas Bal Kand, chaupai locator 1-324-4; https://www.ramcharitmanas.org/content-1-56-2137.html","Scene and shot assignment waits for the film's approved episode breakdown."
"USE-AST-BAAL-013-EP01","AST-BAAL-013","EPISODE_01","BAAL_KAND","Wedding and dowry passages","TO_ASSIGN","TO_ASSIGN","","","TEXT_LOCATOR_RECORDED","Ramcharitmanas Bal Kand, chaupai locators 1-324-4 to 1-324-5; https://www.ramcharitmanas.org/content-1-56-2137.html","Scene and shot assignment waits for the film's approved episode breakdown."
"USE-AST-BAAL-014-EP01","AST-BAAL-014","EPISODE_01","BAAL_KAND","Wedding and dowry passages","TO_ASSIGN","TO_ASSIGN","","","TEXT_LOCATOR_RECORDED","Ramcharitmanas Bal Kand, chaupai locator 1-324-2; https://www.ramcharitmanas.org/content-1-56-2137.html","Scene and shot assignment waits for the film's approved episode breakdown."
"USE-AST-BAAL-015-EP01","AST-BAAL-015","EPISODE_01","BAAL_KAND","Wedding and dowry passages","TO_ASSIGN","TO_ASSIGN","","","TEXT_LOCATOR_RECORDED","Ramcharitmanas Bal Kand, chaupai locator 1-325-4; https://www.ramcharitmanas.org/content-1-56-2141.html","Scene and shot assignment waits for the film's approved episode breakdown."
"USE-AST-BAAL-016-EP01","AST-BAAL-016","EPISODE_01","BAAL_KAND","Wedding and dowry passages","TO_ASSIGN","TO_ASSIGN","","","TEXT_LOCATOR_RECORDED","Ramcharitmanas Bal Kand, chaupai locator 1-325-4; https://www.ramcharitmanas.org/content-1-56-2141.html","Scene and shot assignment waits for the film's approved episode breakdown."
"USE-AST-BAAL-017-EP01","AST-BAAL-017","EPISODE_01","BAAL_KAND","Wedding and dowry passages","TO_ASSIGN","TO_ASSIGN","","","TEXT_LOCATOR_RECORDED","Ramcharitmanas Bal Kand, chaupai locator 1-325-4; https://www.ramcharitmanas.org/content-1-56-2141.html","Scene and shot assignment waits for the film's approved episode breakdown."
"USE-AST-BAAL-018-EP01","AST-BAAL-018","EPISODE_01","BAAL_KAND","Wedding and dowry passages","TO_ASSIGN","TO_ASSIGN","","","TEXT_LOCATOR_RECORDED","Ramcharitmanas Bal Kand, chaupai locator 1-325-4; https://www.ramcharitmanas.org/content-1-56-2141.html","Scene and shot assignment waits for the film's approved episode breakdown."
"USE-AST-BAAL-019-EP01","AST-BAAL-019","EPISODE_01","BAAL_KAND","Wedding and dowry passages","TO_ASSIGN","TO_ASSIGN","","","TEXT_LOCATOR_RECORDED","Ramcharitmanas Bal Kand, chaupai locator 1-325-4; https://www.ramcharitmanas.org/content-1-56-2141.html","Scene and shot assignment waits for the film's approved episode breakdown."
"USE-AST-BAAL-020-EP01","AST-BAAL-020","EPISODE_01","BAAL_KAND","Ahalya hermitage passage","TO_ASSIGN","TO_ASSIGN","","","TEXT_LOCATOR_RECORDED","Ramcharitmanas Bal Kand, chaupai 6 under Doha 210; https://tulsiramayan.com/en/balkand/ashram-ek-dikh-mag-mahin","Scene and shot assignment waits for the film's approved episode breakdown."
"USE-AST-BAAL-021-EP01","AST-BAAL-021","EPISODE_01","BAAL_KAND","Ahalya hermitage passage","TO_ASSIGN","TO_ASSIGN","","","TEXT_LOCATOR_RECORDED","Ramcharitmanas Bal Kand, chaupai 6 under Doha 210; https://tulsiramayan.com/en/balkand/ashram-ek-dikh-mag-mahin","Scene and shot assignment waits for the film's approved episode breakdown."
"USE-AST-BAAL-022-EP01","AST-BAAL-022","EPISODE_01","BAAL_KAND","Wedding and dowry passages","TO_ASSIGN","TO_ASSIGN","","","TEXT_LOCATOR_RECORDED","Ramcharitmanas Bal Kand, chaupai locators 1-325-1 to 1-325-3; https://www.ramcharitmanas.org/content-1-56-2140.html","Scene and shot assignment waits for the film's approved episode breakdown."
