"reference_id","asset_id","reference_type","title","creator_or_tradition","edition","page_or_verse","url_or_file","exact_support","limitations","verification_status","notes"
"REF-AST-BAAL-001","AST-BAAL-001","Primary-text transcription","Ramcharitmanas, Bal Kand","Goswami Tulsidas tradition","Online transcription; edition alignment pending","chaupai locator 1-325-1","https://www.ramcharitmanas.org/content-1-56-2140.html","Pavilion described in the wedding narrative, with gold and jewels mentioned in its decoration/dowry context.","Asset mention supported by cited passage; physical design and exact production details are not established.","SOURCE_LOCATOR_RECORDED_EDITION_REVIEW_PENDING","Confirm locator against the project's chosen edition before final approval."
"REF-AST-BAAL-002","AST-BAAL-002","Primary-text transcription","Ramcharitmanas, Bal Kand","Goswami Tulsidas tradition","Online transcription; edition alignment pending","chaupai locator 1-325-1","https://www.ramcharitmanas.org/content-1-56-2140.html","Gold is mentioned in the wedding pavilion/dowry passage.","Asset mention supported by cited passage; physical design and exact production details are not established.","SOURCE_LOCATOR_RECORDED_EDITION_REVIEW_PENDING","Confirm locator against the project's chosen edition before final approval."
"REF-AST-BAAL-003","AST-BAAL-003","Primary-text transcription","Ramcharitmanas, Bal Kand","Goswami Tulsidas tradition","Online transcription; edition alignment pending","chaupai locator 1-325-1","https://www.ramcharitmanas.org/content-1-56-2140.html","Jewels are explicitly mentioned in the wedding pavilion passage.","Asset mention supported by cited passage; physical design and exact production details are not established.","SOURCE_LOCATOR_RECORDED_EDITION_REVIEW_PENDING","Confirm locator against the project's chosen edition before final approval."
"REF-AST-BAAL-004","AST-BAAL-004","Primary-text transcription","Ramcharitmanas, Bal Kand","Goswami Tulsidas tradition","Online transcription; edition alignment pending","chaupai locator 1-325-2","https://www.ramcharitmanas.org/content-1-56-2140.html","The dowry passage mentions shawls and varied textiles.","Asset mention supported by cited passage; physical design and exact production details are not established.","SOURCE_LOCATOR_RECORDED_EDITION_REVIEW_PENDING","Confirm locator against the project's chosen edition before final approval."
"REF-AST-BAAL-005","AST-BAAL-005","Primary-text transcription","Ramcharitmanas, Bal Kand","Goswami Tulsidas tradition","Online transcription; edition alignment pending","chaupai locator 1-325-2","https://www.ramcharitmanas.org/content-1-56-2140.html","Linen is included among the varied textiles in the dowry passage.","Asset mention supported by cited passage; physical design and exact production details are not established.","SOURCE_LOCATOR_RECORDED_EDITION_REVIEW_PENDING","Confirm locator against the project's chosen edition before final approval."
"REF-AST-BAAL-006","AST-BAAL-006","Primary-text transcription","Ramcharitmanas, Bal Kand","Goswami Tulsidas tradition","Online transcription; edition alignment pending","chaupai locator 1-325-2","https://www.ramcharitmanas.org/content-1-56-2140.html","Silk is included among the varied textiles in the dowry passage.","Asset mention supported by cited passage; physical design and exact production details are not established.","SOURCE_LOCATOR_RECORDED_EDITION_REVIEW_PENDING","Confirm locator against the project's chosen edition before final approval."
"REF-AST-BAAL-007","AST-BAAL-007","Primary-text transcription","Ramcharitmanas, Bal Kand","Goswami Tulsidas tradition","Online transcription; edition alignment pending","chaupai locator 1-325-2","https://www.ramcharitmanas.org/content-1-56-2140.html","Elephants are listed among the wedding gifts/dowry.","Asset mention supported by cited passage; physical design and exact production details are not established.","SOURCE_LOCATOR_RECORDED_EDITION_REVIEW_PENDING","Confirm locator against the project's chosen edition before final approval."
"REF-AST-BAAL-008","AST-BAAL-008","Primary-text transcription","Ramcharitmanas, Bal Kand","Goswami Tulsidas tradition","Online transcription; edition alignment pending","chaupai locator 1-325-2","https://www.ramcharitmanas.org/content-1-56-2140.html","Chariots are listed among the wedding gifts/dowry.","Asset mention supported by cited passage; physical design and exact production details are not established.","SOURCE_LOCATOR_RECORDED_EDITION_REVIEW_PENDING","Confirm locator against the project's chosen edition before final approval."
"REF-AST-BAAL-009","AST-BAAL-009","Primary-text transcription","Ramcharitmanas, Bal Kand","Goswami Tulsidas tradition","Online transcription; edition alignment pending","chaupai locator 1-325-2","https://www.ramcharitmanas.org/content-1-56-2140.html","Horses are listed among the wedding gifts/dowry.","Asset mention supported by cited passage; physical design and exact production details are not established.","SOURCE_LOCATOR_RECORDED_EDITION_REVIEW_PENDING","Confirm locator against the project's chosen edition before final approval."
"REF-AST-BAAL-010","AST-BAAL-010","Primary-text transcription","Ramcharitmanas, Bal Kand","Goswami Tulsidas tradition","Online transcription; edition alignment pending","chaupai locator 1-325-2","https://www.ramcharitmanas.org/content-1-56-2140.html","Cows adorned with ornaments are listed in the wedding gifts/dowry passage.","Asset mention supported by cited passage; physical design and exact production details are not established.","SOURCE_LOCATOR_RECORDED_EDITION_REVIEW_PENDING","Confirm locator against the project's chosen edition before final approval."
"REF-AST-BAAL-011","AST-BAAL-011","Primary-text transcription","Ramcharitmanas, Bal Kand","Goswami Tulsidas tradition","Online transcription; edition alignment pending","chaupai locator 1-324-4","https://www.ramcharitmanas.org/content-1-56-2137.html","The wedding passage describes the couple circumambulating the fire as part of the rites.","Asset mention supported by cited passage; physical design and exact production details are not established.","SOURCE_LOCATOR_RECORDED_EDITION_REVIEW_PENDING","Confirm locator against the project's chosen edition before final approval."
"REF-AST-BAAL-012","AST-BAAL-012","Primary-text transcription","Ramcharitmanas, Bal Kand","Goswami Tulsidas tradition","Online transcription; edition alignment pending","chaupai locator 1-324-4","https://www.ramcharitmanas.org/content-1-56-2137.html","The wedding passage states that Rama applies vermilion to Sita's forehead.","Asset mention supported by cited passage; physical design and exact production details are not established.","SOURCE_LOCATOR_RECORDED_EDITION_REVIEW_PENDING","Confirm locator against the project's chosen edition before final approval."
"REF-AST-BAAL-013","AST-BAAL-013","Primary-text transcription","Ramcharitmanas, Bal Kand","Goswami Tulsidas tradition","Online transcription; edition alignment pending","chaupai locators 1-324-4 to 1-324-5","https://www.ramcharitmanas.org/content-1-56-2137.html","The wedding passage describes the couple sitting together on one seat.","Asset mention supported by cited passage; physical design and exact production details are not established.","SOURCE_LOCATOR_RECORDED_EDITION_REVIEW_PENDING","Confirm locator against the project's chosen edition before final approval."
"REF-AST-BAAL-014","AST-BAAL-014","Primary-text transcription","Ramcharitmanas, Bal Kand","Goswami Tulsidas tradition","Online transcription; edition alignment pending","chaupai locator 1-324-2","https://www.ramcharitmanas.org/content-1-56-2137.html","The wedding passage refers to jewel-adorned pillars reflecting the couple's images.","Asset mention supported by cited passage; physical design and exact production details are not established.","SOURCE_LOCATOR_RECORDED_EDITION_REVIEW_PENDING","Confirm locator against the project's chosen edition before final approval."
"REF-AST-BAAL-015","AST-BAAL-015","Primary-text transcription","Ramcharitmanas, Bal Kand","Goswami Tulsidas tradition","Online transcription; edition alignment pending","chaupai locator 1-325-4","https://www.ramcharitmanas.org/content-1-56-2141.html","Kettledrum sound is mentioned during the wedding-party celebration.","Asset mention supported by cited passage; physical design and exact production details are not established.","SOURCE_LOCATOR_RECORDED_EDITION_REVIEW_PENDING","Confirm locator against the project's chosen edition before final approval."
"REF-AST-BAAL-016","AST-BAAL-016","Primary-text transcription","Ramcharitmanas, Bal Kand","Goswami Tulsidas tradition","Online transcription; edition alignment pending","chaupai locator 1-325-4","https://www.ramcharitmanas.org/content-1-56-2141.html","The wedding passage describes gods showering flowers.","Asset mention supported by cited passage; physical design and exact production details are not established.","SOURCE_LOCATOR_RECORDED_EDITION_REVIEW_PENDING","Confirm locator against the project's chosen edition before final approval."
"REF-AST-BAAL-017","AST-BAAL-017","Primary-text transcription","Ramcharitmanas, Bal Kand","Goswami Tulsidas tradition","Online transcription; edition alignment pending","chaupai locator 1-325-4","https://www.ramcharitmanas.org/content-1-56-2141.html","The wedding-party passage mentions the chanting of Vedic texts.","Asset mention supported by cited passage; physical design and exact production details are not established.","SOURCE_LOCATOR_RECORDED_EDITION_REVIEW_PENDING","Confirm locator against the project's chosen edition before final approval."
"REF-AST-BAAL-018","AST-BAAL-018","Primary-text transcription","Ramcharitmanas, Bal Kand","Goswami Tulsidas tradition","Online transcription; edition alignment pending","chaupai locator 1-325-4","https://www.ramcharitmanas.org/content-1-56-2141.html","The wedding passage describes the bridegroom's party proceeding to its lodging/palace after the ceremony.","Asset mention supported by cited passage; physical design and exact production details are not established.","SOURCE_LOCATOR_RECORDED_EDITION_REVIEW_PENDING","Confirm locator against the project's chosen edition before final approval."
"REF-AST-BAAL-019","AST-BAAL-019","Primary-text transcription","Ramcharitmanas, Bal Kand","Goswami Tulsidas tradition","Online transcription; edition alignment pending","chaupai locator 1-325-4","https://www.ramcharitmanas.org/content-1-56-2141.html","The passage refers to the apartment where family deities had been installed for worship during the wedding days.","Asset mention supported by cited passage; physical design and exact production details are not established.","SOURCE_LOCATOR_RECORDED_EDITION_REVIEW_PENDING","Confirm locator against the project's chosen edition before final approval."
"REF-AST-BAAL-020","AST-BAAL-020","Primary-text transcription","Ramcharitmanas, Bal Kand","Goswami Tulsidas tradition","Online transcription; edition alignment pending","chaupai 6 under Doha 210","https://tulsiramayan.com/en/balkand/ashram-ek-dikh-mag-mahin","A hermitage is encountered on the route in the Ahalya narrative.","Asset mention supported by cited passage; physical design and exact production details are not established.","SOURCE_LOCATOR_RECORDED_EDITION_REVIEW_PENDING","Confirm locator against the project's chosen edition before final approval."
"REF-AST-BAAL-021","AST-BAAL-021","Primary-text transcription","Ramcharitmanas, Bal Kand","Goswami Tulsidas tradition","Online transcription; edition alignment pending","chaupai 6 under Doha 210","https://tulsiramayan.com/en/balkand/ashram-ek-dikh-mag-mahin","The passage describes Rama seeing a stone slab and asking the sage about it in the Ahalya narrative.","Asset mention supported by cited passage; physical design and exact production details are not established.","SOURCE_LOCATOR_RECORDED_EDITION_REVIEW_PENDING","Confirm locator against the project's chosen edition before final approval."
"REF-AST-BAAL-022","AST-BAAL-022","Primary-text transcription","Ramcharitmanas, Bal Kand","Goswami Tulsidas tradition","Online transcription; edition alignment pending","chaupai locators 1-325-1 to 1-325-3","https://www.ramcharitmanas.org/content-1-56-2140.html","The wedding passage describes a large assortment of gifts, including textiles, animals and vehicles.","Asset mention supported by cited passage; physical design and exact production details are not established.","SOURCE_LOCATOR_RECORDED_EDITION_REVIEW_PENDING","Confirm locator against the project's chosen edition before final approval."
