"Name","Path"
"AI_TOOL_POLICY.md","C:\Users\hpcnd\OneDrive\Desktop\Ramayana\RAMAYAN\AI_TOOL_POLICY.md"
"APPROVAL_WORKFLOW.md","C:\Users\hpcnd\OneDrive\Desktop\Ramayana\RAMAYAN\APPROVAL_WORKFLOW.md"
"CANON_FIRST_POLICY.md","C:\Users\hpcnd\OneDrive\Desktop\Ramayana\RAMAYAN\CANON_FIRST_POLICY.md"
"DECISION_LOG.md","C:\Users\hpcnd\OneDrive\Desktop\Ramayana\RAMAYAN\DECISION_LOG.md"
"HUMAN_REALISM_STANDARD.md","C:\Users\hpcnd\OneDrive\Desktop\Ramayana\RAMAYAN\HUMAN_REALISM_STANDARD.md"
"MASTER_CHANGELOG.md","C:\Users\hpcnd\OneDrive\Desktop\Ramayana\RAMAYAN\MASTER_CHANGELOG.md"
"OPEN_QUESTIONS.md","C:\Users\hpcnd\OneDrive\Desktop\Ramayana\RAMAYAN\OPEN_QUESTIONS.md"
"PHASES.md","C:\Users\hpcnd\OneDrive\Desktop\Ramayana\RAMAYAN\PHASES.md"
"PRODUCTION_WORKFLOW.md","C:\Users\hpcnd\OneDrive\Desktop\Ramayana\RAMAYAN\PRODUCTION_WORKFLOW.md"
"PROJECT_RULES.md","C:\Users\hpcnd\OneDrive\Desktop\Ramayana\RAMAYAN\PROJECT_RULES.md"
"PROJECT_SCOPE.md","C:\Users\hpcnd\OneDrive\Desktop\Ramayana\RAMAYAN\PROJECT_SCOPE.md"
"PROJECT_VISION.md","C:\Users\hpcnd\OneDrive\Desktop\Ramayana\RAMAYAN\PROJECT_VISION.md"
"SOURCE_DECISION_LOG.md","C:\Users\hpcnd\OneDrive\Desktop\Ramayana\RAMAYAN\SOURCE_DECISION_LOG.md"
"ZERO_BUDGET_PIPELINE.md","C:\Users\hpcnd\OneDrive\Desktop\Ramayana\RAMAYAN\ZERO_BUDGET_PIPELINE.md"
