"RelativePath","Length","LastWriteUtc","SHA256"
"AI_PROVENANCE\ai_asset_provenance.md","0","2026-09-30T15:06:18.4916784Z","E3B0C44298FC1C149AFBF4C8996FB92427AE41E4649B934CA495991B7852B855"
"AI_PROVENANCE\ai_generation_date.md","0","2026-09-30T15:06:18.5152368Z","E3B0C44298FC1C149AFBF4C8996FB92427AE41E4649B934CA495991B7852B855"
"AI_PROVENANCE\ai_generation_id.md","0","2026-09-30T15:06:18.4977521Z","E3B0C44298FC1C149AFBF4C8996FB92427AE41E4649B934CA495991B7852B855"
"AI_PROVENANCE\ai_human_edits.md","0","2026-09-30T15:06:18.5227888Z","E3B0C44298FC1C149AFBF4C8996FB92427AE41E4649B934CA495991B7852B855"
"AI_PROVENANCE\ai_model.md","0","2026-09-30T15:06:18.4916784Z","E3B0C44298FC1C149AFBF4C8996FB92427AE41E4649B934CA495991B7852B855"
"AI_PROVENANCE\ai_model_version.md","0","2026-09-30T15:06:18.4916784Z","E3B0C44298FC1C149AFBF4C8996FB92427AE41E4649B934CA495991B7852B855"
"AI_PROVENANCE\ai_parameters.md","0","2026-09-30T15:06:18.5076643Z","E3B0C44298FC1C149AFBF4C8996FB92427AE41E4649B934CA495991B7852B855"
"AI_PROVENANCE\ai_prompt_id.md","0","2026-09-30T15:06:18.4977521Z","E3B0C44298FC1C149AFBF4C8996FB92427AE41E4649B934CA495991B7852B855"
"AI_PROVENANCE\ai_reference_ids.md","0","2026-09-30T15:06:18.5045291Z","E3B0C44298FC1C149AFBF4C8996FB92427AE41E4649B934CA495991B7852B855"
"AI_PROVENANCE\ai_seed.md","0","2026-09-30T15:06:18.5112117Z","E3B0C44298FC1C149AFBF4C8996FB92427AE41E4649B934CA495991B7852B855"
"AI_PROVENANCE\ai_transformations.md","0","2026-09-30T15:06:18.5207989Z","E3B0C44298FC1C149AFBF4C8996FB92427AE41E4649B934CA495991B7852B855"
"AI_PROVENANCE\asset_generation_provenance.csv","158","2026-10-09T07:12:02.0393623Z","C50129FA31DE01F849FBD3425B53CFE9DB8813643F9ACA6A4C49DEDB012C5E3E"
"ANIMALS\animal_asset_registry.md","0","2026-09-30T15:06:18.7080215Z","E3B0C44298FC1C149AFBF4C8996FB92427AE41E4649B934CA495991B7852B855"
"ANIMALS\animal_audio_registry.md","0","2026-09-30T15:06:18.7178035Z","E3B0C44298FC1C149AFBF4C8996FB92427AE41E4649B934CA495991B7852B855"
"ANIMALS\animal_behavior_registry.md","0","2026-09-30T15:06:18.7178035Z","E3B0C44298FC1C149AFBF4C8996FB92427AE41E4649B934CA495991B7852B855"
"ANIMALS\animal_model_registry.md","0","2026-09-30T15:06:18.7178035Z","E3B0C44298FC1C149AFBF4C8996FB92427AE41E4649B934CA495991B7852B855"
"ANIMALS\animal_motion_registry.md","0","2026-09-30T15:06:18.7178035Z","E3B0C44298FC1C149AFBF4C8996FB92427AE41E4649B934CA495991B7852B855"
"ANIMALS\species_registry.md","0","2026-09-30T15:06:18.7080215Z","E3B0C44298FC1C149AFBF4C8996FB92427AE41E4649B934CA495991B7852B855"
"APPROVAL\approval_lock.md","0","2026-09-30T15:06:18.8610967Z","E3B0C44298FC1C149AFBF4C8996FB92427AE41E4649B934CA495991B7852B855"
"APPROVAL\asset_approvals.csv","106","2026-10-09T07:12:02.0130162Z","A96C620236261FAACC6C33A9FD7F4ECF49F07857947E20EA1CD775499E151BBD"
"APPROVAL\asset_approval_registry.md","0","2026-09-30T15:06:18.8291377Z","E3B0C44298FC1C149AFBF4C8996FB92427AE41E4649B934CA495991B7852B855"
"APPROVAL\canon_approval.md","0","2026-09-30T15:06:18.8376610Z","E3B0C44298FC1C149AFBF4C8996FB92427AE41E4649B934CA495991B7852B855"
"APPROVAL\conditional_approval.md","0","2026-09-30T15:06:18.8528400Z","E3B0C44298FC1C149AFBF4C8996FB92427AE41E4649B934CA495991B7852B855"
"APPROVAL\design_approval.md","0","2026-09-30T15:06:18.8428902Z","E3B0C44298FC1C149AFBF4C8996FB92427AE41E4649B934CA495991B7852B855"
"APPROVAL\generation_approval.md","0","2026-09-30T15:06:18.8449686Z","E3B0C44298FC1C149AFBF4C8996FB92427AE41E4649B934CA495991B7852B855"
"APPROVAL\qa_approval.md","0","2026-09-30T15:06:18.8476592Z","E3B0C44298FC1C149AFBF4C8996FB92427AE41E4649B934CA495991B7852B855"
"APPROVAL\rejection_record.md","0","2026-09-30T15:06:18.8579328Z","E3B0C44298FC1C149AFBF4C8996FB92427AE41E4649B934CA495991B7852B855"
"APPROVAL\research_approval.md","0","2026-09-30T15:06:18.8376610Z","E3B0C44298FC1C149AFBF4C8996FB92427AE41E4649B934CA495991B7852B855"
"APPROVAL\technical_approval.md","0","2026-09-30T15:06:18.8476592Z","E3B0C44298FC1C149AFBF4C8996FB92427AE41E4649B934CA495991B7852B855"
"APPROVAL\user_approval.md","0","2026-09-30T15:06:18.8528400Z","E3B0C44298FC1C149AFBF4C8996FB92427AE41E4649B934CA495991B7852B855"
"ARCHITECTURE\architectural_element_registry.md","0","2026-09-30T15:06:18.6875811Z","E3B0C44298FC1C149AFBF4C8996FB92427AE41E4649B934CA495991B7852B855"
"ARCHITECTURE\architecture_asset_registry.md","0","2026-09-30T15:06:18.6860600Z","E3B0C44298FC1C149AFBF4C8996FB92427AE41E4649B934CA495991B7852B855"
"ARCHITECTURE\architecture_model_registry.md","0","2026-09-30T15:06:18.6875811Z","E3B0C44298FC1C149AFBF4C8996FB92427AE41E4649B934CA495991B7852B855"
"ARCHITECTURE\building_registry.md","0","2026-09-30T15:06:18.6875811Z","E3B0C44298FC1C149AFBF4C8996FB92427AE41E4649B934CA495991B7852B855"
"ARCHITECTURE\space_registry.md","0","2026-09-30T15:06:18.6875811Z","E3B0C44298FC1C149AFBF4C8996FB92427AE41E4649B934CA495991B7852B855"
"ARCHITECTURE\structure_registry.md","0","2026-09-30T15:06:18.6875811Z","E3B0C44298FC1C149AFBF4C8996FB92427AE41E4649B934CA495991B7852B855"
"ARCHIVE\archived_assets.md","0","2026-09-30T15:06:18.9437737Z","E3B0C44298FC1C149AFBF4C8996FB92427AE41E4649B934CA495991B7852B855"
"ARCHIVE\archive_locations.md","0","2026-09-30T15:06:18.9478187Z","E3B0C44298FC1C149AFBF4C8996FB92427AE41E4649B934CA495991B7852B855"
"ARCHIVE\archive_recovery.md","0","2026-09-30T15:06:18.9521781Z","E3B0C44298FC1C149AFBF4C8996FB92427AE41E4649B934CA495991B7852B855"
"ARCHIVE\archive_versions.md","0","2026-09-30T15:06:18.9478187Z","E3B0C44298FC1C149AFBF4C8996FB92427AE41E4649B934CA495991B7852B855"
"ARCHIVE\asset_archive_log.csv","117","2026-10-09T07:12:01.8185896Z","AA092EF10C82FCE3801544564420C547AC83B76217229EF05BEA990CB653322D"
"ARCHIVE\asset_archive_system.md","0","2026-09-30T15:06:18.9424495Z","E3B0C44298FC1C149AFBF4C8996FB92427AE41E4649B934CA495991B7852B855"
"ARCHIVE\deprecated_assets.md","0","2026-09-30T15:06:18.9478187Z","E3B0C44298FC1C149AFBF4C8996FB92427AE41E4649B934CA495991B7852B855"
"ARCHIVE\replaced_assets.md","0","2026-09-30T15:06:18.9478187Z","E3B0C44298FC1C149AFBF4C8996FB92427AE41E4649B934CA495991B7852B855"
"ARCHIVE\superseded_assets.md","0","2026-09-30T15:06:18.9457968Z","E3B0C44298FC1C149AFBF4C8996FB92427AE41E4649B934CA495991B7852B855"
"ASSET_TYPES\3d_assets.md","0","2026-09-30T15:06:18.3376896Z","E3B0C44298FC1C149AFBF4C8996FB92427AE41E4649B934CA495991B7852B855"
"ASSET_TYPES\acting_assets.md","0","2026-09-30T15:06:18.3492401Z","E3B0C44298FC1C149AFBF4C8996FB92427AE41E4649B934CA495991B7852B855"
"ASSET_TYPES\animal_assets.md","0","2026-09-30T15:06:18.3376896Z","E3B0C44298FC1C149AFBF4C8996FB92427AE41E4649B934CA495991B7852B855"
"ASSET_TYPES\architecture_assets.md","0","2026-09-30T15:06:18.3332547Z","E3B0C44298FC1C149AFBF4C8996FB92427AE41E4649B934CA495991B7852B855"
"ASSET_TYPES\asset_type_dictionary.csv","123","2026-10-09T07:12:01.9976354Z","063266BB6ABCEC6CACA7D345CAD220B36CBDBA9929A288B414227528E3EFD89E"
"ASSET_TYPES\asset_type_system.md","0","2026-09-30T15:06:18.3288322Z","E3B0C44298FC1C149AFBF4C8996FB92427AE41E4649B934CA495991B7852B855"
"ASSET_TYPES\audio_assets.md","0","2026-09-30T15:06:18.3492401Z","E3B0C44298FC1C149AFBF4C8996FB92427AE41E4649B934CA495991B7852B855"
"ASSET_TYPES\camera_assets.md","0","2026-09-30T15:06:18.3579964Z","E3B0C44298FC1C149AFBF4C8996FB92427AE41E4649B934CA495991B7852B855"
"ASSET_TYPES\character_assets.md","0","2026-09-30T15:06:18.3288322Z","E3B0C44298FC1C149AFBF4C8996FB92427AE41E4649B934CA495991B7852B855"
"ASSET_TYPES\compositing_assets.md","0","2026-09-30T15:06:18.3579964Z","E3B0C44298FC1C149AFBF4C8996FB92427AE41E4649B934CA495991B7852B855"
"ASSET_TYPES\costume_assets.md","0","2026-09-30T15:06:18.3332547Z","E3B0C44298FC1C149AFBF4C8996FB92427AE41E4649B934CA495991B7852B855"
"ASSET_TYPES\environment_assets.md","0","2026-09-30T15:06:18.3376896Z","E3B0C44298FC1C149AFBF4C8996FB92427AE41E4649B934CA495991B7852B855"
"ASSET_TYPES\lighting_assets.md","0","2026-09-30T15:06:18.3579964Z","E3B0C44298FC1C149AFBF4C8996FB92427AE41E4649B934CA495991B7852B855"
"ASSET_TYPES\location_assets.md","0","2026-09-30T15:06:18.3288322Z","E3B0C44298FC1C149AFBF4C8996FB92427AE41E4649B934CA495991B7852B855"
"ASSET_TYPES\material_assets.md","0","2026-09-30T15:06:18.3376896Z","E3B0C44298FC1C149AFBF4C8996FB92427AE41E4649B934CA495991B7852B855"
"ASSET_TYPES\motion_assets.md","0","2026-09-30T15:06:18.3476023Z","E3B0C44298FC1C149AFBF4C8996FB92427AE41E4649B934CA495991B7852B855"
"ASSET_TYPES\music_assets.md","0","2026-09-30T15:06:18.3569779Z","E3B0C44298FC1C149AFBF4C8996FB92427AE41E4649B934CA495991B7852B855"
"ASSET_TYPES\nature_assets.md","0","2026-09-30T15:06:18.3376896Z","E3B0C44298FC1C149AFBF4C8996FB92427AE41E4649B934CA495991B7852B855"
"ASSET_TYPES\performance_assets.md","0","2026-09-30T15:06:18.3492401Z","E3B0C44298FC1C149AFBF4C8996FB92427AE41E4649B934CA495991B7852B855"
"ASSET_TYPES\prompt_assets.md","0","2026-09-30T15:06:18.3650661Z","E3B0C44298FC1C149AFBF4C8996FB92427AE41E4649B934CA495991B7852B855"
"ASSET_TYPES\prop_assets.md","0","2026-09-30T15:06:18.3376896Z","E3B0C44298FC1C149AFBF4C8996FB92427AE41E4649B934CA495991B7852B855"
"ASSET_TYPES\reference_assets.md","0","2026-09-30T15:06:18.3650661Z","E3B0C44298FC1C149AFBF4C8996FB92427AE41E4649B934CA495991B7852B855"
"ASSET_TYPES\render_assets.md","0","2026-09-30T15:06:18.3710762Z","E3B0C44298FC1C149AFBF4C8996FB92427AE41E4649B934CA495991B7852B855"
"ASSET_TYPES\script_assets.md","0","2026-09-30T15:06:18.3676345Z","E3B0C44298FC1C149AFBF4C8996FB92427AE41E4649B934CA495991B7852B855"
"ASSET_TYPES\subtitle_assets.md","0","2026-09-30T15:06:18.3676345Z","E3B0C44298FC1C149AFBF4C8996FB92427AE41E4649B934CA495991B7852B855"
"ASSET_TYPES\texture_assets.md","0","2026-09-30T15:06:18.3476023Z","E3B0C44298FC1C149AFBF4C8996FB92427AE41E4649B934CA495991B7852B855"
"ASSET_TYPES\vfx_assets.md","0","2026-09-30T15:06:18.3579964Z","E3B0C44298FC1C149AFBF4C8996FB92427AE41E4649B934CA495991B7852B855"
"ASSET_TYPES\voice_assets.md","0","2026-09-30T15:06:18.3492401Z","E3B0C44298FC1C149AFBF4C8996FB92427AE41E4649B934CA495991B7852B855"
"AUDIO\ambience_asset_registry.md","0","2026-09-30T15:06:18.7653823Z","E3B0C44298FC1C149AFBF4C8996FB92427AE41E4649B934CA495991B7852B855"
"AUDIO\animal_audio_registry.md","0","2026-09-30T15:06:18.7618932Z","E3B0C44298FC1C149AFBF4C8996FB92427AE41E4649B934CA495991B7852B855"
"AUDIO\audio_asset_registry.md","0","2026-09-30T15:06:18.7576437Z","E3B0C44298FC1C149AFBF4C8996FB92427AE41E4649B934CA495991B7852B855"
"AUDIO\dialogue_asset_registry.md","0","2026-09-30T15:06:18.7618932Z","E3B0C44298FC1C149AFBF4C8996FB92427AE41E4649B934CA495991B7852B855"
"AUDIO\foley_asset_registry.md","0","2026-09-30T15:06:18.7653823Z","E3B0C44298FC1C149AFBF4C8996FB92427AE41E4649B934CA495991B7852B855"
"AUDIO\music_asset_registry.md","0","2026-09-30T15:06:18.7679089Z","E3B0C44298FC1C149AFBF4C8996FB92427AE41E4649B934CA495991B7852B855"
"AUDIO\narration_asset_registry.md","0","2026-09-30T15:06:18.7618932Z","E3B0C44298FC1C149AFBF4C8996FB92427AE41E4649B934CA495991B7852B855"
"AUDIO\ritual_audio_registry.md","0","2026-09-30T15:06:18.7679089Z","E3B0C44298FC1C149AFBF4C8996FB92427AE41E4649B934CA495991B7852B855"
"AUDIO\sfx_asset_registry.md","0","2026-09-30T15:06:18.7653823Z","E3B0C44298FC1C149AFBF4C8996FB92427AE41E4649B934CA495991B7852B855"
"AUDIO\voice_asset_registry.md","0","2026-09-30T15:06:18.7576437Z","E3B0C44298FC1C149AFBF4C8996FB92427AE41E4649B934CA495991B7852B855"
"CAMERA_LIGHTING\camera_asset_registry.md","0","2026-09-30T15:06:18.7813793Z","E3B0C44298FC1C149AFBF4C8996FB92427AE41E4649B934CA495991B7852B855"
"CAMERA_LIGHTING\camera_setup_registry.md","0","2026-09-30T15:06:18.7813793Z","E3B0C44298FC1C149AFBF4C8996FB92427AE41E4649B934CA495991B7852B855"
"CAMERA_LIGHTING\lens_registry.md","0","2026-09-30T15:06:18.7875447Z","E3B0C44298FC1C149AFBF4C8996FB92427AE41E4649B934CA495991B7852B855"
"CAMERA_LIGHTING\lighting_asset_registry.md","0","2026-09-30T15:06:18.7875447Z","E3B0C44298FC1C149AFBF4C8996FB92427AE41E4649B934CA495991B7852B855"
"CAMERA_LIGHTING\lighting_setup_registry.md","0","2026-09-30T15:06:18.7927054Z","E3B0C44298FC1C149AFBF4C8996FB92427AE41E4649B934CA495991B7852B855"
"CAMERA_LIGHTING\lighting_variant_registry.md","0","2026-09-30T15:06:18.7927054Z","E3B0C44298FC1C149AFBF4C8996FB92427AE41E4649B934CA495991B7852B855"
"CHANGE_CONTROL\affected_assets.md","0","2026-09-30T15:06:18.9324681Z","E3B0C44298FC1C149AFBF4C8996FB92427AE41E4649B934CA495991B7852B855"
"CHANGE_CONTROL\affected_dependencies.md","0","2026-09-30T15:06:18.9376564Z","E3B0C44298FC1C149AFBF4C8996FB92427AE41E4649B934CA495991B7852B855"
"CHANGE_CONTROL\affected_scenes.md","0","2026-09-30T15:06:18.9324681Z","E3B0C44298FC1C149AFBF4C8996FB92427AE41E4649B934CA495991B7852B855"
"CHANGE_CONTROL\affected_shots.md","0","2026-09-30T15:06:18.9324681Z","E3B0C44298FC1C149AFBF4C8996FB92427AE41E4649B934CA495991B7852B855"
"CHANGE_CONTROL\asset_change_control.md","0","2026-09-30T15:06:18.9265272Z","E3B0C44298FC1C149AFBF4C8996FB92427AE41E4649B934CA495991B7852B855"
"CHANGE_CONTROL\asset_change_request.md","0","2026-09-30T15:06:18.9275583Z","E3B0C44298FC1C149AFBF4C8996FB92427AE41E4649B934CA495991B7852B855"
"CHANGE_CONTROL\asset_change_requests.csv","140","2026-10-09T07:12:02.0047760Z","4DBC623621ECC70B88C440DAC83029440106F6F8B2D4E91A3DD2808745FFD98F"
"CHANGE_CONTROL\change_approval.md","0","2026-09-30T15:06:18.9398999Z","E3B0C44298FC1C149AFBF4C8996FB92427AE41E4649B934CA495991B7852B855"
"CHANGE_CONTROL\change_history.md","0","2026-09-30T15:06:18.9404188Z","E3B0C44298FC1C149AFBF4C8996FB92427AE41E4649B934CA495991B7852B855"
"CHANGE_CONTROL\change_impact.md","0","2026-09-30T15:06:18.9324681Z","E3B0C44298FC1C149AFBF4C8996FB92427AE41E4649B934CA495991B7852B855"
"CHANGE_CONTROL\change_reason.md","0","2026-09-30T15:06:18.9304485Z","E3B0C44298FC1C149AFBF4C8996FB92427AE41E4649B934CA495991B7852B855"
"CHANGE_CONTROL\change_scope.md","0","2026-09-30T15:06:18.9324681Z","E3B0C44298FC1C149AFBF4C8996FB92427AE41E4649B934CA495991B7852B855"
"CHARACTERS\character_animation_registry.md","0","2026-09-30T15:06:18.6596978Z","E3B0C44298FC1C149AFBF4C8996FB92427AE41E4649B934CA495991B7852B855"
"CHARACTERS\character_asset_registry.md","0","2026-09-30T15:06:18.6566000Z","E3B0C44298FC1C149AFBF4C8996FB92427AE41E4649B934CA495991B7852B855"
"CHARACTERS\character_costume_registry.md","0","2026-09-30T15:06:18.6704044Z","E3B0C44298FC1C149AFBF4C8996FB92427AE41E4649B934CA495991B7852B855"
"CHARACTERS\character_face_registry.md","0","2026-09-30T15:06:18.6596978Z","E3B0C44298FC1C149AFBF4C8996FB92427AE41E4649B934CA495991B7852B855"
"CHARACTERS\character_model_registry.md","0","2026-09-30T15:06:18.6576207Z","E3B0C44298FC1C149AFBF4C8996FB92427AE41E4649B934CA495991B7852B855"
"CHARACTERS\character_performance_registry.md","0","2026-09-30T15:06:18.6676619Z","E3B0C44298FC1C149AFBF4C8996FB92427AE41E4649B934CA495991B7852B855"
"CHARACTERS\character_reference_registry.md","0","2026-09-30T15:06:18.6724403Z","E3B0C44298FC1C149AFBF4C8996FB92427AE41E4649B934CA495991B7852B855"
"CHARACTERS\character_rig_registry.md","0","2026-09-30T15:06:18.6596978Z","E3B0C44298FC1C149AFBF4C8996FB92427AE41E4649B934CA495991B7852B855"
"CHARACTERS\character_voice_registry.md","0","2026-09-30T15:06:18.6676619Z","E3B0C44298FC1C149AFBF4C8996FB92427AE41E4649B934CA495991B7852B855"
"CONTINUITY\appearance_continuity.md","0","2026-09-30T15:06:18.9000899Z","E3B0C44298FC1C149AFBF4C8996FB92427AE41E4649B934CA495991B7852B855"
"CONTINUITY\asset_continuity_registry.md","0","2026-09-30T15:06:18.8967729Z","E3B0C44298FC1C149AFBF4C8996FB92427AE41E4649B934CA495991B7852B855"
"CONTINUITY\asset_continuity_rules.csv","142","2026-10-09T07:12:02.0614289Z","4B697843636339B91C66B11AC79D642B6288B916C4917882710EC83ABF742591"
"CONTINUITY\audio_continuity.md","0","2026-09-30T15:06:18.9098395Z","E3B0C44298FC1C149AFBF4C8996FB92427AE41E4649B934CA495991B7852B855"
"CONTINUITY\identity_continuity.md","0","2026-09-30T15:06:18.9000899Z","E3B0C44298FC1C149AFBF4C8996FB92427AE41E4649B934CA495991B7852B855"
"CONTINUITY\location_continuity.md","0","2026-09-30T15:06:18.9030608Z","E3B0C44298FC1C149AFBF4C8996FB92427AE41E4649B934CA495991B7852B855"
"CONTINUITY\ownership_continuity.md","0","2026-09-30T15:06:18.9077406Z","E3B0C44298FC1C149AFBF4C8996FB92427AE41E4649B934CA495991B7852B855"
"CONTINUITY\performance_continuity.md","0","2026-09-30T15:06:18.9098395Z","E3B0C44298FC1C149AFBF4C8996FB92427AE41E4649B934CA495991B7852B855"
"CONTINUITY\scene_continuity.md","0","2026-09-30T15:06:18.9098395Z","E3B0C44298FC1C149AFBF4C8996FB92427AE41E4649B934CA495991B7852B855"
"CONTINUITY\shot_continuity.md","0","2026-09-30T15:06:18.9177014Z","E3B0C44298FC1C149AFBF4C8996FB92427AE41E4649B934CA495991B7852B855"
"CONTINUITY\state_continuity.md","0","2026-09-30T15:06:18.9030608Z","E3B0C44298FC1C149AFBF4C8996FB92427AE41E4649B934CA495991B7852B855"
"CONTINUITY\version_continuity.md","0","2026-09-30T15:06:18.9098395Z","E3B0C44298FC1C149AFBF4C8996FB92427AE41E4649B934CA495991B7852B855"
"CORE\asset_master.csv","35060","2026-10-09T07:17:11.0677606Z","7F07B924721C794CA177EC7E290CDCEB4BA86137B63308A5BAB7928CC4B5F4CB"
"CORE\asset_registry_authority.md","0","2026-09-30T15:06:18.2879382Z","E3B0C44298FC1C149AFBF4C8996FB92427AE41E4649B934CA495991B7852B855"
"CORE\asset_registry_boundaries.md","0","2026-09-30T15:06:18.2879382Z","E3B0C44298FC1C149AFBF4C8996FB92427AE41E4649B934CA495991B7852B855"
"CORE\asset_registry_creation_rules.md","0","2026-09-30T15:06:18.2978555Z","E3B0C44298FC1C149AFBF4C8996FB92427AE41E4649B934CA495991B7852B855"
"CORE\asset_registry_decision_log.md","0","2026-09-30T15:06:18.3018777Z","E3B0C44298FC1C149AFBF4C8996FB92427AE41E4649B934CA495991B7852B855"
"CORE\asset_registry_definition.md","0","2026-09-30T15:06:18.2859171Z","E3B0C44298FC1C149AFBF4C8996FB92427AE41E4649B934CA495991B7852B855"
"CORE\asset_registry_hierarchy.md","0","2026-09-30T15:06:18.2943892Z","E3B0C44298FC1C149AFBF4C8996FB92427AE41E4649B934CA495991B7852B855"
"CORE\asset_registry_lock_system.md","0","2026-09-30T15:06:18.3018777Z","E3B0C44298FC1C149AFBF4C8996FB92427AE41E4649B934CA495991B7852B855"
"CORE\asset_registry_policy.md","0","2026-09-30T15:06:18.2879382Z","E3B0C44298FC1C149AFBF4C8996FB92427AE41E4649B934CA495991B7852B855"
"CORE\asset_registry_qa.md","0","2026-09-30T15:06:18.3018777Z","E3B0C44298FC1C149AFBF4C8996FB92427AE41E4649B934CA495991B7852B855"
"CORE\ASSET_REGISTRY_README.md","1979","2026-10-09T07:12:02.0932635Z","FD5BEB51F6C2CA18775163B8C203E43C60EF194188E428A1C0E8489B16A1695B"
"CORE\asset_registry_scope.md","0","2026-09-30T15:06:18.2879382Z","E3B0C44298FC1C149AFBF4C8996FB92427AE41E4649B934CA495991B7852B855"
"CORE\asset_registry_system.md","0","2026-09-30T15:06:18.2816699Z","E3B0C44298FC1C149AFBF4C8996FB92427AE41E4649B934CA495991B7852B855"
"CORE\asset_registry_update_rules.md","0","2026-09-30T15:06:18.2978555Z","E3B0C44298FC1C149AFBF4C8996FB92427AE41E4649B934CA495991B7852B855"
"CORE\asset_registry_workflow.md","0","2026-09-30T15:06:18.2943892Z","E3B0C44298FC1C149AFBF4C8996FB92427AE41E4649B934CA495991B7852B855"
"COSTUMES\costume_asset_registry.md","0","2026-09-30T15:06:18.6875811Z","E3B0C44298FC1C149AFBF4C8996FB92427AE41E4649B934CA495991B7852B855"
"COSTUMES\costume_state_registry.md","0","2026-09-30T15:06:18.6977654Z","E3B0C44298FC1C149AFBF4C8996FB92427AE41E4649B934CA495991B7852B855"
"COSTUMES\costume_variant_registry.md","0","2026-09-30T15:06:18.7018624Z","E3B0C44298FC1C149AFBF4C8996FB92427AE41E4649B934CA495991B7852B855"
"COSTUMES\garment_registry.md","0","2026-09-30T15:06:18.6875811Z","E3B0C44298FC1C149AFBF4C8996FB92427AE41E4649B934CA495991B7852B855"
"COSTUMES\hair_registry.md","0","2026-09-30T15:06:18.6977654Z","E3B0C44298FC1C149AFBF4C8996FB92427AE41E4649B934CA495991B7852B855"
"COSTUMES\jewelry_registry.md","0","2026-09-30T15:06:18.6977654Z","E3B0C44298FC1C149AFBF4C8996FB92427AE41E4649B934CA495991B7852B855"
"DEPENDENCIES\asset_dependencies.csv","90","2026-10-09T07:15:36.0790367Z","058AC6DC44AA4539FC7E26C480F5EC55B6818BC2445288EB52E66A6B91B00B2B"
"DEPENDENCIES\asset_dependency_system.md","0","2026-09-30T15:06:18.5676523Z","E3B0C44298FC1C149AFBF4C8996FB92427AE41E4649B934CA495991B7852B855"
"DEPENDENCIES\blocking_dependencies.md","0","2026-09-30T15:06:18.5779332Z","E3B0C44298FC1C149AFBF4C8996FB92427AE41E4649B934CA495991B7852B855"
"DEPENDENCIES\dependency_changes.md","0","2026-09-30T15:06:18.5779332Z","E3B0C44298FC1C149AFBF4C8996FB92427AE41E4649B934CA495991B7852B855"
"DEPENDENCIES\dependency_graph.md","0","2026-09-30T15:06:18.5878662Z","E3B0C44298FC1C149AFBF4C8996FB92427AE41E4649B934CA495991B7852B855"
"DEPENDENCIES\dependency_validation.md","0","2026-09-30T15:06:18.5779332Z","E3B0C44298FC1C149AFBF4C8996FB92427AE41E4649B934CA495991B7852B855"
"DEPENDENCIES\dependency_versions.md","0","2026-09-30T15:06:18.5779332Z","E3B0C44298FC1C149AFBF4C8996FB92427AE41E4649B934CA495991B7852B855"
"DEPENDENCIES\downstream_dependencies.md","0","2026-09-30T15:06:18.5697221Z","E3B0C44298FC1C149AFBF4C8996FB92427AE41E4649B934CA495991B7852B855"
"DEPENDENCIES\optional_assets.md","0","2026-09-30T15:06:18.5754096Z","E3B0C44298FC1C149AFBF4C8996FB92427AE41E4649B934CA495991B7852B855"
"DEPENDENCIES\required_assets.md","0","2026-09-30T15:06:18.5697221Z","E3B0C44298FC1C149AFBF4C8996FB92427AE41E4649B934CA495991B7852B855"
"DEPENDENCIES\upstream_dependencies.md","0","2026-09-30T15:06:18.5697221Z","E3B0C44298FC1C149AFBF4C8996FB92427AE41E4649B934CA495991B7852B855"
"EPISODE_01\episode_01_animal_assets.md","0","2026-09-30T15:06:18.9774898Z","E3B0C44298FC1C149AFBF4C8996FB92427AE41E4649B934CA495991B7852B855"
"EPISODE_01\episode_01_approval_status.md","0","2026-09-30T15:06:18.9876312Z","E3B0C44298FC1C149AFBF4C8996FB92427AE41E4649B934CA495991B7852B855"
"EPISODE_01\episode_01_architecture_assets.md","0","2026-09-30T15:06:18.9717449Z","E3B0C44298FC1C149AFBF4C8996FB92427AE41E4649B934CA495991B7852B855"
"EPISODE_01\episode_01_asset_manifest.md","0","2026-09-30T15:06:18.9717449Z","E3B0C44298FC1C149AFBF4C8996FB92427AE41E4649B934CA495991B7852B855"
"EPISODE_01\episode_01_asset_registry.md","0","2026-09-30T15:06:18.9717449Z","E3B0C44298FC1C149AFBF4C8996FB92427AE41E4649B934CA495991B7852B855"
"EPISODE_01\episode_01_audio_assets.md","0","2026-09-30T15:06:18.9876312Z","E3B0C44298FC1C149AFBF4C8996FB92427AE41E4649B934CA495991B7852B855"
"EPISODE_01\episode_01_character_assets.md","0","2026-09-30T15:06:18.9717449Z","E3B0C44298FC1C149AFBF4C8996FB92427AE41E4649B934CA495991B7852B855"
"EPISODE_01\episode_01_costume_assets.md","0","2026-09-30T15:06:18.9774898Z","E3B0C44298FC1C149AFBF4C8996FB92427AE41E4649B934CA495991B7852B855"
"EPISODE_01\episode_01_environment_assets.md","0","2026-09-30T15:06:18.9774898Z","E3B0C44298FC1C149AFBF4C8996FB92427AE41E4649B934CA495991B7852B855"
"EPISODE_01\episode_01_location_assets.md","0","2026-09-30T15:06:18.9717449Z","E3B0C44298FC1C149AFBF4C8996FB92427AE41E4649B934CA495991B7852B855"
"EPISODE_01\episode_01_material_assets.md","0","2026-09-30T15:06:18.9774898Z","E3B0C44298FC1C149AFBF4C8996FB92427AE41E4649B934CA495991B7852B855"
"EPISODE_01\episode_01_motion_assets.md","0","2026-09-30T15:06:18.9774898Z","E3B0C44298FC1C149AFBF4C8996FB92427AE41E4649B934CA495991B7852B855"
"EPISODE_01\episode_01_performance_assets.md","0","2026-09-30T15:06:18.9774898Z","E3B0C44298FC1C149AFBF4C8996FB92427AE41E4649B934CA495991B7852B855"
"EPISODE_01\episode_01_prop_assets.md","0","2026-09-30T15:06:18.9774898Z","E3B0C44298FC1C149AFBF4C8996FB92427AE41E4649B934CA495991B7852B855"
"EPISODE_01\episode_01_render_assets.md","0","2026-09-30T15:06:18.9876312Z","E3B0C44298FC1C149AFBF4C8996FB92427AE41E4649B934CA495991B7852B855"
"EPISODE_01\episode_01_scene_asset_map.md","0","2026-09-30T15:06:18.9876312Z","E3B0C44298FC1C149AFBF4C8996FB92427AE41E4649B934CA495991B7852B855"
"EPISODE_01\episode_01_shot_asset_map.md","0","2026-09-30T15:06:18.9876312Z","E3B0C44298FC1C149AFBF4C8996FB92427AE41E4649B934CA495991B7852B855"
"EPISODE_01\episode_01_vfx_assets.md","0","2026-09-30T15:06:18.9876312Z","E3B0C44298FC1C149AFBF4C8996FB92427AE41E4649B934CA495991B7852B855"
"EPISODE_01\BAAL_KAND\asset_intake_template.csv","196","2026-10-09T07:12:02.0837549Z","4D38982BAE0C618CA1668F836AFA0F5D213956306A4FA2C4BD6637FBF046BEDC"
"EPISODE_01\BAAL_KAND\USAGE\baal_kand_event_index.csv","2923","2026-10-09T07:12:02.0730625Z","66CEE6A774FB487833410FF0D047D9CD58B765C7A14A4CD7B8E61A7C3F66F86C"
"EVENTS\story_event_registry.csv","112","2026-10-09T07:12:01.9837737Z","585C3269EFAF0ABB399D5889FD266A918CA6AD493B55CBC9249A6452EED94EC1"
"FILE_METADATA\asset_files.csv","136","2026-10-09T07:12:02.0323082Z","0D829A4A94DB1F5E8880A147F75F46C8CF460EB6FA4325C778290055A2428272"
"FILE_METADATA\file_channels.md","0","2026-09-30T15:06:18.4425624Z","E3B0C44298FC1C149AFBF4C8996FB92427AE41E4649B934CA495991B7852B855"
"FILE_METADATA\file_codec.md","0","2026-09-30T15:06:18.4466067Z","E3B0C44298FC1C149AFBF4C8996FB92427AE41E4649B934CA495991B7852B855"
"FILE_METADATA\file_color_space.md","0","2026-09-30T15:06:18.4445841Z","E3B0C44298FC1C149AFBF4C8996FB92427AE41E4649B934CA495991B7852B855"
"FILE_METADATA\file_duration.md","0","2026-09-30T15:06:18.4378136Z","E3B0C44298FC1C149AFBF4C8996FB92427AE41E4649B934CA495991B7852B855"
"FILE_METADATA\file_format.md","0","2026-09-30T15:06:18.4290666Z","E3B0C44298FC1C149AFBF4C8996FB92427AE41E4649B934CA495991B7852B855"
"FILE_METADATA\file_frame_rate.md","0","2026-09-30T15:06:18.4378136Z","E3B0C44298FC1C149AFBF4C8996FB92427AE41E4649B934CA495991B7852B855"
"FILE_METADATA\file_hash.md","0","2026-09-30T15:06:18.4476276Z","E3B0C44298FC1C149AFBF4C8996FB92427AE41E4649B934CA495991B7852B855"
"FILE_METADATA\file_integrity.md","0","2026-09-30T15:06:18.4506852Z","E3B0C44298FC1C149AFBF4C8996FB92427AE41E4649B934CA495991B7852B855"
"FILE_METADATA\file_metadata_system.md","0","2026-09-30T15:06:18.4290666Z","E3B0C44298FC1C149AFBF4C8996FB92427AE41E4649B934CA495991B7852B855"
"FILE_METADATA\file_resolution.md","0","2026-09-30T15:06:18.4290666Z","E3B0C44298FC1C149AFBF4C8996FB92427AE41E4649B934CA495991B7852B855"
"FILE_METADATA\file_sample_rate.md","0","2026-09-30T15:06:18.4378136Z","E3B0C44298FC1C149AFBF4C8996FB92427AE41E4649B934CA495991B7852B855"
"FILE_METADATA\file_size.md","0","2026-09-30T15:06:18.4290666Z","E3B0C44298FC1C149AFBF4C8996FB92427AE41E4649B934CA495991B7852B855"
"IDENTITY\asset_category.md","0","2026-09-30T15:06:18.3149719Z","E3B0C44298FC1C149AFBF4C8996FB92427AE41E4649B934CA495991B7852B855"
"IDENTITY\asset_description.md","0","2026-09-30T15:06:18.3218121Z","E3B0C44298FC1C149AFBF4C8996FB92427AE41E4649B934CA495991B7852B855"
"IDENTITY\asset_display_name.md","0","2026-09-30T15:06:18.3077475Z","E3B0C44298FC1C149AFBF4C8996FB92427AE41E4649B934CA495991B7852B855"
"IDENTITY\asset_domain.md","0","2026-09-30T15:06:18.3211204Z","E3B0C44298FC1C149AFBF4C8996FB92427AE41E4649B934CA495991B7852B855"
"IDENTITY\asset_identity_continuity.md","0","2026-09-30T15:06:18.3218121Z","E3B0C44298FC1C149AFBF4C8996FB92427AE41E4649B934CA495991B7852B855"
"IDENTITY\asset_identity_locks.csv","100","2026-10-09T07:12:01.9682774Z","305AAB39ED74F1712C25B75A5AC5D1D2190AFE403BA806221EABF56450D23E28"
"IDENTITY\asset_identity_system.md","0","2026-09-30T15:06:18.3077475Z","E3B0C44298FC1C149AFBF4C8996FB92427AE41E4649B934CA495991B7852B855"
"IDENTITY\asset_id_rules.md","0","2026-09-30T15:06:18.3077475Z","E3B0C44298FC1C149AFBF4C8996FB92427AE41E4649B934CA495991B7852B855"
"IDENTITY\asset_name_rules.md","0","2026-09-30T15:06:18.3077475Z","E3B0C44298FC1C149AFBF4C8996FB92427AE41E4649B934CA495991B7852B855"
"IDENTITY\asset_subcategory.md","0","2026-09-30T15:06:18.3183176Z","E3B0C44298FC1C149AFBF4C8996FB92427AE41E4649B934CA495991B7852B855"
"IDENTITY\asset_type.md","0","2026-09-30T15:06:18.3149719Z","E3B0C44298FC1C149AFBF4C8996FB92427AE41E4649B934CA495991B7852B855"
"IDENTITY\asset_unique_identity.md","0","2026-09-30T15:06:18.3077475Z","E3B0C44298FC1C149AFBF4C8996FB92427AE41E4649B934CA495991B7852B855"
"INDEX\asset_categories.md","0","2026-09-30T15:06:18.9618672Z","E3B0C44298FC1C149AFBF4C8996FB92427AE41E4649B934CA495991B7852B855"
"INDEX\asset_filters.md","0","2026-09-30T15:06:18.9600372Z","E3B0C44298FC1C149AFBF4C8996FB92427AE41E4649B934CA495991B7852B855"
"INDEX\asset_index.md","703","2026-10-09T05:08:36.2433886Z","DED14EC18BF9A61BA50E73D05A2A4DFB5C81A33F8B2209DFB4F714BACB4E6F4C"
"INDEX\asset_location_index.md","291","2026-10-09T05:08:36.2444271Z","CC702473952D0D85BF40570017D0EF287026F36DCD5A5556897F1D2BD6317145"
"INDEX\asset_search.md","0","2026-09-30T15:06:18.9574945Z","E3B0C44298FC1C149AFBF4C8996FB92427AE41E4649B934CA495991B7852B855"
"INDEX\asset_status_index.md","366","2026-10-09T05:08:36.2458352Z","28C55A15F53278347D737278654B4D21E3DA2E80B26713ECF83FDEA56E3017D2"
"INDEX\asset_tags.md","0","2026-09-30T15:06:18.9618672Z","E3B0C44298FC1C149AFBF4C8996FB92427AE41E4649B934CA495991B7852B855"
"INDEX\asset_usage_index.md","280","2026-10-09T05:08:36.2458352Z","5E9DF90302DDFFA2CF2761C2AB9803AA2E1D259D7A9C7F50140540F74AA3EA77"
"INDEX\asset_version_index.md","362","2026-10-09T05:08:36.2588208Z","CF0F1401C1E6B016908ECB89717F53281C3377C8B728A596DF76C47B7C3CBFB9"
"LEGAL\asset_rights_registry.md","0","2026-09-30T15:06:18.8177069Z","E3B0C44298FC1C149AFBF4C8996FB92427AE41E4649B934CA495991B7852B855"
"LEGAL\copyright_status.md","0","2026-09-30T15:06:18.8177069Z","E3B0C44298FC1C149AFBF4C8996FB92427AE41E4649B934CA495991B7852B855"
"LEGAL\dataset_rights.md","0","2026-09-30T15:06:18.8228845Z","E3B0C44298FC1C149AFBF4C8996FB92427AE41E4649B934CA495991B7852B855"
"LEGAL\license_status.md","0","2026-09-30T15:06:18.8177069Z","E3B0C44298FC1C149AFBF4C8996FB92427AE41E4649B934CA495991B7852B855"
"LEGAL\model_rights.md","0","2026-09-30T15:06:18.8228845Z","E3B0C44298FC1C149AFBF4C8996FB92427AE41E4649B934CA495991B7852B855"
"LEGAL\music_rights.md","0","2026-09-30T15:06:18.8279875Z","E3B0C44298FC1C149AFBF4C8996FB92427AE41E4649B934CA495991B7852B855"
"LEGAL\source_rights.md","0","2026-09-30T15:06:18.8228845Z","E3B0C44298FC1C149AFBF4C8996FB92427AE41E4649B934CA495991B7852B855"
"LEGAL\third_party_asset_rights.md","0","2026-09-30T15:06:18.8291377Z","E3B0C44298FC1C149AFBF4C8996FB92427AE41E4649B934CA495991B7852B855"
"LEGAL\usage_restrictions.md","0","2026-09-30T15:06:18.8291377Z","E3B0C44298FC1C149AFBF4C8996FB92427AE41E4649B934CA495991B7852B855"
"LEGAL\voice_rights.md","0","2026-09-30T15:06:18.8228845Z","E3B0C44298FC1C149AFBF4C8996FB92427AE41E4649B934CA495991B7852B855"
"LOCATIONS\location_architecture_registry.md","0","2026-09-30T15:06:18.6778296Z","E3B0C44298FC1C149AFBF4C8996FB92427AE41E4649B934CA495991B7852B855"
"LOCATIONS\location_asset_registry.md","0","2026-09-30T15:06:18.6744373Z","E3B0C44298FC1C149AFBF4C8996FB92427AE41E4649B934CA495991B7852B855"
"LOCATIONS\location_environment_registry.md","0","2026-09-30T15:06:18.6778296Z","E3B0C44298FC1C149AFBF4C8996FB92427AE41E4649B934CA495991B7852B855"
"LOCATIONS\location_model_registry.md","0","2026-09-30T15:06:18.6744373Z","E3B0C44298FC1C149AFBF4C8996FB92427AE41E4649B934CA495991B7852B855"
"LOCATIONS\location_reference_registry.md","0","2026-09-30T15:06:18.6778296Z","E3B0C44298FC1C149AFBF4C8996FB92427AE41E4649B934CA495991B7852B855"
"LOCATIONS\location_state_registry.md","0","2026-09-30T15:06:18.6778296Z","E3B0C44298FC1C149AFBF4C8996FB92427AE41E4649B934CA495991B7852B855"
"MATERIALS_TEXTURES\asset_material_assignments.csv","126","2026-10-09T07:12:01.9584442Z","31DFD97BBFBB5B9980EFDC6A95BA9C48FD06D9EFF5D3CC08DE60022E029A4EE1"
"MATERIALS_TEXTURES\material_asset_registry.md","0","2026-09-30T15:06:18.7379666Z","E3B0C44298FC1C149AFBF4C8996FB92427AE41E4649B934CA495991B7852B855"
"MATERIALS_TEXTURES\material_variant_registry.md","0","2026-09-30T15:06:18.7420772Z","E3B0C44298FC1C149AFBF4C8996FB92427AE41E4649B934CA495991B7852B855"
"MATERIALS_TEXTURES\shader_asset_registry.md","0","2026-09-30T15:06:18.7420772Z","E3B0C44298FC1C149AFBF4C8996FB92427AE41E4649B934CA495991B7852B855"
"MATERIALS_TEXTURES\surface_asset_registry.md","0","2026-09-30T15:06:18.7400592Z","E3B0C44298FC1C149AFBF4C8996FB92427AE41E4649B934CA495991B7852B855"
"MATERIALS_TEXTURES\texture_asset_registry.md","0","2026-09-30T15:06:18.7379666Z","E3B0C44298FC1C149AFBF4C8996FB92427AE41E4649B934CA495991B7852B855"
"MATERIALS_TEXTURES\texture_variant_registry.md","0","2026-09-30T15:06:18.7440940Z","E3B0C44298FC1C149AFBF4C8996FB92427AE41E4649B934CA495991B7852B855"
"NATURE_ENVIRONMENT\atmosphere_asset_registry.md","0","2026-09-30T15:06:18.7339230Z","E3B0C44298FC1C149AFBF4C8996FB92427AE41E4649B934CA495991B7852B855"
"NATURE_ENVIRONMENT\environment_asset_registry.md","0","2026-09-30T15:06:18.7324061Z","E3B0C44298FC1C149AFBF4C8996FB92427AE41E4649B934CA495991B7852B855"
"NATURE_ENVIRONMENT\natural_effect_registry.md","0","2026-09-30T15:06:18.7339230Z","E3B0C44298FC1C149AFBF4C8996FB92427AE41E4649B934CA495991B7852B855"
"NATURE_ENVIRONMENT\nature_asset_registry.md","0","2026-09-30T15:06:18.7178035Z","E3B0C44298FC1C149AFBF4C8996FB92427AE41E4649B934CA495991B7852B855"
"NATURE_ENVIRONMENT\plant_asset_registry.md","0","2026-09-30T15:06:18.7178035Z","E3B0C44298FC1C149AFBF4C8996FB92427AE41E4649B934CA495991B7852B855"
"NATURE_ENVIRONMENT\tree_asset_registry.md","0","2026-09-30T15:06:18.7279435Z","E3B0C44298FC1C149AFBF4C8996FB92427AE41E4649B934CA495991B7852B855"
"NATURE_ENVIRONMENT\vegetation_registry.md","0","2026-09-30T15:06:18.7300400Z","E3B0C44298FC1C149AFBF4C8996FB92427AE41E4649B934CA495991B7852B855"
"NATURE_ENVIRONMENT\weather_asset_registry.md","0","2026-09-30T15:06:18.7324061Z","E3B0C44298FC1C149AFBF4C8996FB92427AE41E4649B934CA495991B7852B855"
"PERFORMANCE\acting_asset_registry.md","0","2026-09-30T15:06:18.7496846Z","E3B0C44298FC1C149AFBF4C8996FB92427AE41E4649B934CA495991B7852B855"
"PERFORMANCE\body_performance_registry.md","0","2026-09-30T15:06:18.7530837Z","E3B0C44298FC1C149AFBF4C8996FB92427AE41E4649B934CA495991B7852B855"
"PERFORMANCE\facial_performance_registry.md","0","2026-09-30T15:06:18.7496846Z","E3B0C44298FC1C149AFBF4C8996FB92427AE41E4649B934CA495991B7852B855"
"PERFORMANCE\gesture_registry.md","0","2026-09-30T15:06:18.7551047Z","E3B0C44298FC1C149AFBF4C8996FB92427AE41E4649B934CA495991B7852B855"
"PERFORMANCE\motion_asset_registry.md","0","2026-09-30T15:06:18.7496846Z","E3B0C44298FC1C149AFBF4C8996FB92427AE41E4649B934CA495991B7852B855"
"PERFORMANCE\performance_asset_registry.md","0","2026-09-30T15:06:18.7476290Z","E3B0C44298FC1C149AFBF4C8996FB92427AE41E4649B934CA495991B7852B855"
"PERFORMANCE\performance_version_registry.md","0","2026-09-30T15:06:18.7551047Z","E3B0C44298FC1C149AFBF4C8996FB92427AE41E4649B934CA495991B7852B855"
"PERFORMANCE\reaction_registry.md","0","2026-09-30T15:06:18.7551047Z","E3B0C44298FC1C149AFBF4C8996FB92427AE41E4649B934CA495991B7852B855"
"PRODUCTION_MAPPING\asset_production_mapping.md","0","2026-09-30T15:06:18.6279871Z","E3B0C44298FC1C149AFBF4C8996FB92427AE41E4649B934CA495991B7852B855"
"PRODUCTION_MAPPING\asset_scene_mapping.csv","109","2026-10-09T07:12:01.8763439Z","55857DEDA494BDC75128C7CD73247534719A45871A83EFCA3E9463B9B9E0CE10"
"PRODUCTION_MAPPING\asset_to_scene.md","0","2026-09-30T15:06:18.6406463Z","E3B0C44298FC1C149AFBF4C8996FB92427AE41E4649B934CA495991B7852B855"
"PRODUCTION_MAPPING\asset_to_shot.md","0","2026-09-30T15:06:18.6406463Z","E3B0C44298FC1C149AFBF4C8996FB92427AE41E4649B934CA495991B7852B855"
"PRODUCTION_MAPPING\episode_asset_map.md","0","2026-09-30T15:06:18.6279871Z","E3B0C44298FC1C149AFBF4C8996FB92427AE41E4649B934CA495991B7852B855"
"PRODUCTION_MAPPING\scene_asset_map.md","0","2026-09-30T15:06:18.6279871Z","E3B0C44298FC1C149AFBF4C8996FB92427AE41E4649B934CA495991B7852B855"
"PRODUCTION_MAPPING\scene_dependency_map.md","0","2026-09-30T15:06:18.6496526Z","E3B0C44298FC1C149AFBF4C8996FB92427AE41E4649B934CA495991B7852B855"
"PRODUCTION_MAPPING\sequence_asset_map.md","0","2026-09-30T15:06:18.6279871Z","E3B0C44298FC1C149AFBF4C8996FB92427AE41E4649B934CA495991B7852B855"
"PRODUCTION_MAPPING\shot_asset_map.md","0","2026-09-30T15:06:18.6375451Z","E3B0C44298FC1C149AFBF4C8996FB92427AE41E4649B934CA495991B7852B855"
"PRODUCTION_MAPPING\shot_dependency_map.md","0","2026-09-30T15:06:18.6476249Z","E3B0C44298FC1C149AFBF4C8996FB92427AE41E4649B934CA495991B7852B855"
"PROPS\asset_components.csv","122","2026-10-09T07:12:01.8348635Z","199B4E78323C6494550D46590581C496687BE387C43B6F76B5B5DFC27F94996C"
"PROPS\personal_prop_registry.md","0","2026-09-30T15:06:18.7080215Z","E3B0C44298FC1C149AFBF4C8996FB92427AE41E4649B934CA495991B7852B855"
"PROPS\prop_asset_registry.md","0","2026-09-30T15:06:18.7018624Z","E3B0C44298FC1C149AFBF4C8996FB92427AE41E4649B934CA495991B7852B855"
"PROPS\prop_ownership_registry.md","0","2026-09-30T15:06:18.7080215Z","E3B0C44298FC1C149AFBF4C8996FB92427AE41E4649B934CA495991B7852B855"
"PROPS\prop_state_registry.md","0","2026-09-30T15:06:18.7080215Z","E3B0C44298FC1C149AFBF4C8996FB92427AE41E4649B934CA495991B7852B855"
"PROPS\ritual_prop_registry.md","0","2026-09-30T15:06:18.7080215Z","E3B0C44298FC1C149AFBF4C8996FB92427AE41E4649B934CA495991B7852B855"
"PROPS\weapon_registry.md","0","2026-09-30T15:06:18.7069417Z","E3B0C44298FC1C149AFBF4C8996FB92427AE41E4649B934CA495991B7852B855"
"PROPS\wedding_prop_registry.md","0","2026-09-30T15:06:18.7080215Z","E3B0C44298FC1C149AFBF4C8996FB92427AE41E4649B934CA495991B7852B855"
"PROVENANCE\asset_origin.md","0","2026-09-30T15:06:18.4556982Z","E3B0C44298FC1C149AFBF4C8996FB92427AE41E4649B934CA495991B7852B855"
"PROVENANCE\asset_provenance_system.md","0","2026-09-30T15:06:18.4556982Z","E3B0C44298FC1C149AFBF4C8996FB92427AE41E4649B934CA495991B7852B855"
"PROVENANCE\generation_history.md","0","2026-09-30T15:06:18.4779329Z","E3B0C44298FC1C149AFBF4C8996FB92427AE41E4649B934CA495991B7852B855"
"PROVENANCE\human_intervention.md","0","2026-09-30T15:06:18.4779329Z","E3B0C44298FC1C149AFBF4C8996FB92427AE41E4649B934CA495991B7852B855"
"PROVENANCE\source_asset.md","0","2026-09-30T15:06:18.4602327Z","E3B0C44298FC1C149AFBF4C8996FB92427AE41E4649B934CA495991B7852B855"
"PROVENANCE\source_canon.md","0","2026-09-30T15:06:18.4676576Z","E3B0C44298FC1C149AFBF4C8996FB92427AE41E4649B934CA495991B7852B855"
"PROVENANCE\source_generation.md","0","2026-09-30T15:06:18.4779329Z","E3B0C44298FC1C149AFBF4C8996FB92427AE41E4649B934CA495991B7852B855"
"PROVENANCE\source_model.md","0","2026-09-30T15:06:18.4676576Z","E3B0C44298FC1C149AFBF4C8996FB92427AE41E4649B934CA495991B7852B855"
"PROVENANCE\source_prompt.md","0","2026-09-30T15:06:18.4759074Z","E3B0C44298FC1C149AFBF4C8996FB92427AE41E4649B934CA495991B7852B855"
"PROVENANCE\source_reference.md","0","2026-09-30T15:06:18.4602327Z","E3B0C44298FC1C149AFBF4C8996FB92427AE41E4649B934CA495991B7852B855"
"PROVENANCE\source_research.md","0","2026-09-30T15:06:18.4676576Z","E3B0C44298FC1C149AFBF4C8996FB92427AE41E4649B934CA495991B7852B855"
"PROVENANCE\source_transformation.md","0","2026-09-30T15:06:18.4779329Z","E3B0C44298FC1C149AFBF4C8996FB92427AE41E4649B934CA495991B7852B855"
"PROVENANCE\source_visual_reference.md","0","2026-09-30T15:06:18.4676576Z","E3B0C44298FC1C149AFBF4C8996FB92427AE41E4649B934CA495991B7852B855"
"QA\ai_artifact_qa.md","0","2026-09-30T15:06:18.8909479Z","E3B0C44298FC1C149AFBF4C8996FB92427AE41E4649B934CA495991B7852B855"
"QA\asset_qa_registry.md","0","2026-09-30T15:06:18.8610967Z","E3B0C44298FC1C149AFBF4C8996FB92427AE41E4649B934CA495991B7852B855"
"QA\asset_qa_results.csv","117","2026-10-09T07:12:01.9744905Z","7C859EDCFD70F31EEFABC2EBABDDC01AC1B141BC6C1C2A972A1C1583C41E3317"
"QA\continuity_qa.md","0","2026-09-30T15:06:18.8722953Z","E3B0C44298FC1C149AFBF4C8996FB92427AE41E4649B934CA495991B7852B855"
"QA\dependency_qa.md","0","2026-09-30T15:06:18.8804267Z","E3B0C44298FC1C149AFBF4C8996FB92427AE41E4649B934CA495991B7852B855"
"QA\identity_qa.md","0","2026-09-30T15:06:18.8722953Z","E3B0C44298FC1C149AFBF4C8996FB92427AE41E4649B934CA495991B7852B855"
"QA\integrity_qa.md","0","2026-09-30T15:06:18.8879498Z","E3B0C44298FC1C149AFBF4C8996FB92427AE41E4649B934CA495991B7852B855"
"QA\provenance_qa.md","0","2026-09-30T15:06:18.8770524Z","E3B0C44298FC1C149AFBF4C8996FB92427AE41E4649B934CA495991B7852B855"
"QA\storage_qa.md","0","2026-09-30T15:06:18.8853228Z","E3B0C44298FC1C149AFBF4C8996FB92427AE41E4649B934CA495991B7852B855"
"QA\technical_qa.md","0","2026-09-30T15:06:18.8677322Z","E3B0C44298FC1C149AFBF4C8996FB92427AE41E4649B934CA495991B7852B855"
"QA\version_qa.md","0","2026-09-30T15:06:18.8846115Z","E3B0C44298FC1C149AFBF4C8996FB92427AE41E4649B934CA495991B7852B855"
"RAW_MATERIALS\material_instance_register.csv","140","2026-10-09T07:12:01.8528451Z","1B519EAD51F1D8A3F177E6E4EA6DFB42B53DEFB22943C24521ECE706D7442C49"
"REFERENCES\architecture_reference_registry.md","0","2026-09-30T15:06:18.8130351Z","E3B0C44298FC1C149AFBF4C8996FB92427AE41E4649B934CA495991B7852B855"
"REFERENCES\asset_reference_ledger.csv","53325","2026-10-09T07:17:11.0737846Z","7DD6AC00A9A16FD92DB824BE1F123D85A740845F57A0FC9D45D30A4995E6BBD9"
"REFERENCES\character_reference_registry.md","0","2026-09-30T15:06:18.8078758Z","E3B0C44298FC1C149AFBF4C8996FB92427AE41E4649B934CA495991B7852B855"
"REFERENCES\costume_reference_registry.md","0","2026-09-30T15:06:18.8130351Z","E3B0C44298FC1C149AFBF4C8996FB92427AE41E4649B934CA495991B7852B855"
"REFERENCES\location_reference_registry.md","0","2026-09-30T15:06:18.8130351Z","E3B0C44298FC1C149AFBF4C8996FB92427AE41E4649B934CA495991B7852B855"
"REFERENCES\prop_reference_registry.md","0","2026-09-30T15:06:18.8130351Z","E3B0C44298FC1C149AFBF4C8996FB92427AE41E4649B934CA495991B7852B855"
"REFERENCES\reference_asset_registry.md","0","2026-09-30T15:06:18.8071631Z","E3B0C44298FC1C149AFBF4C8996FB92427AE41E4649B934CA495991B7852B855"
"REFERENCES\research_reference_registry.md","0","2026-09-30T15:06:18.8078758Z","E3B0C44298FC1C149AFBF4C8996FB92427AE41E4649B934CA495991B7852B855"
"REFERENCES\visual_reference_registry.md","0","2026-09-30T15:06:18.8078758Z","E3B0C44298FC1C149AFBF4C8996FB92427AE41E4649B934CA495991B7852B855"
"RELATIONSHIPS\animal_relationship.md","0","2026-09-30T15:06:18.5377717Z","E3B0C44298FC1C149AFBF4C8996FB92427AE41E4649B934CA495991B7852B855"
"RELATIONSHIPS\architecture_relationship.md","0","2026-09-30T15:06:18.5277920Z","E3B0C44298FC1C149AFBF4C8996FB92427AE41E4649B934CA495991B7852B855"
"RELATIONSHIPS\asset_relationships.csv","113","2026-10-09T07:12:02.0489038Z","D91078BD9555272435338D60427A9F653FDEAF660D90C105A79A31F32EF28F46"
"RELATIONSHIPS\asset_relationship_system.md","0","2026-09-30T15:06:18.5277920Z","E3B0C44298FC1C149AFBF4C8996FB92427AE41E4649B934CA495991B7852B855"
"RELATIONSHIPS\audio_relationship.md","0","2026-09-30T15:06:18.5546057Z","E3B0C44298FC1C149AFBF4C8996FB92427AE41E4649B934CA495991B7852B855"
"RELATIONSHIPS\character_relationship.md","0","2026-09-30T15:06:18.5277920Z","E3B0C44298FC1C149AFBF4C8996FB92427AE41E4649B934CA495991B7852B855"
"RELATIONSHIPS\costume_relationship.md","0","2026-09-30T15:06:18.5377717Z","E3B0C44298FC1C149AFBF4C8996FB92427AE41E4649B934CA495991B7852B855"
"RELATIONSHIPS\environment_relationship.md","0","2026-09-30T15:06:18.5438819Z","E3B0C44298FC1C149AFBF4C8996FB92427AE41E4649B934CA495991B7852B855"
"RELATIONSHIPS\location_relationship.md","0","2026-09-30T15:06:18.5277920Z","E3B0C44298FC1C149AFBF4C8996FB92427AE41E4649B934CA495991B7852B855"
"RELATIONSHIPS\material_relationship.md","0","2026-09-30T15:06:18.5498089Z","E3B0C44298FC1C149AFBF4C8996FB92427AE41E4649B934CA495991B7852B855"
"RELATIONSHIPS\motion_relationship.md","0","2026-09-30T15:06:18.5546057Z","E3B0C44298FC1C149AFBF4C8996FB92427AE41E4649B934CA495991B7852B855"
"RELATIONSHIPS\nature_relationship.md","0","2026-09-30T15:06:18.5438819Z","E3B0C44298FC1C149AFBF4C8996FB92427AE41E4649B934CA495991B7852B855"
"RELATIONSHIPS\performance_relationship.md","0","2026-09-30T15:06:18.5518333Z","E3B0C44298FC1C149AFBF4C8996FB92427AE41E4649B934CA495991B7852B855"
"RELATIONSHIPS\prop_relationship.md","0","2026-09-30T15:06:18.5377717Z","E3B0C44298FC1C149AFBF4C8996FB92427AE41E4649B934CA495991B7852B855"
"RELATIONSHIPS\scene_relationship.md","0","2026-09-30T15:06:18.5596375Z","E3B0C44298FC1C149AFBF4C8996FB92427AE41E4649B934CA495991B7852B855"
"RELATIONSHIPS\shot_relationship.md","0","2026-09-30T15:06:18.5596375Z","E3B0C44298FC1C149AFBF4C8996FB92427AE41E4649B934CA495991B7852B855"
"RELATIONSHIPS\vfx_relationship.md","0","2026-09-30T15:06:18.5596375Z","E3B0C44298FC1C149AFBF4C8996FB92427AE41E4649B934CA495991B7852B855"
"RENDER\approved_render_registry.md","0","2026-09-30T15:06:18.7977911Z","E3B0C44298FC1C149AFBF4C8996FB92427AE41E4649B934CA495991B7852B855"
"RENDER\final_render_registry.md","0","2026-09-30T15:06:18.7977911Z","E3B0C44298FC1C149AFBF4C8996FB92427AE41E4649B934CA495991B7852B855"
"RENDER\preview_registry.md","0","2026-09-30T15:06:18.7977911Z","E3B0C44298FC1C149AFBF4C8996FB92427AE41E4649B934CA495991B7852B855"
"RENDER\rejected_render_registry.md","0","2026-09-30T15:06:18.8030124Z","E3B0C44298FC1C149AFBF4C8996FB92427AE41E4649B934CA495991B7852B855"
"RENDER\render_asset_registry.md","0","2026-09-30T15:06:18.7927054Z","E3B0C44298FC1C149AFBF4C8996FB92427AE41E4649B934CA495991B7852B855"
"RENDER\render_output_registry.md","0","2026-09-30T15:06:18.8030124Z","E3B0C44298FC1C149AFBF4C8996FB92427AE41E4649B934CA495991B7852B855"
"RENDER\render_version_registry.md","0","2026-09-30T15:06:18.7977911Z","E3B0C44298FC1C149AFBF4C8996FB92427AE41E4649B934CA495991B7852B855"
"REPORTS\ASSET_ARCHITECTURE_SETUP_REPORT.md","2315","2026-10-09T07:12:02.2571196Z","BA726DC144C67031CCB272367AB793D57EE4091F5D9455A408B4242F651DFC8A"
"REPORTS\asset_health_report.md","0","2026-09-30T15:06:19.0078907Z","E3B0C44298FC1C149AFBF4C8996FB92427AE41E4649B934CA495991B7852B855"
"REPORTS\asset_inventory_report.md","800","2026-10-09T05:08:36.2644200Z","BBBD4221F10B9C608C88473EAE820DF605AF3C24DE3FA193847056757F3C989F"
"REPORTS\BAAL_KAND_SOURCE_DATA_BATCH_001.md","1332","2026-10-09T07:14:36.9342610Z","697C4DF545F2076E41781E65896D2BA9B951378E7D5554DFD4003CCC53D0CB41"
"REPORTS\BAAL_KAND_SOURCE_DATA_BATCH_002.md","1267","2026-10-09T07:17:11.0868984Z","62E7D7AF22B83A8298F7BC5671ECFB7AFBDF1DC1A28269343753F5E8D59EE568"
"REPORTS\broken_asset_links_report.md","0","2026-09-30T15:06:19.0033147Z","E3B0C44298FC1C149AFBF4C8996FB92427AE41E4649B934CA495991B7852B855"
"REPORTS\continuity_report.md","0","2026-09-30T15:06:19.0078907Z","E3B0C44298FC1C149AFBF4C8996FB92427AE41E4649B934CA495991B7852B855"
"REPORTS\duplicate_assets_report.md","0","2026-09-30T15:06:18.9977696Z","E3B0C44298FC1C149AFBF4C8996FB92427AE41E4649B934CA495991B7852B855"
"REPORTS\missing_assets_report.md","0","2026-09-30T15:06:18.9977696Z","E3B0C44298FC1C149AFBF4C8996FB92427AE41E4649B934CA495991B7852B855"
"REPORTS\missing_dependency_report.md","0","2026-09-30T15:06:19.0033147Z","E3B0C44298FC1C149AFBF4C8996FB92427AE41E4649B934CA495991B7852B855"
"REPORTS\orphaned_assets_report.md","0","2026-09-30T15:06:18.9977696Z","E3B0C44298FC1C149AFBF4C8996FB92427AE41E4649B934CA495991B7852B855"
"REPORTS\outdated_asset_report.md","0","2026-09-30T15:06:19.0033147Z","E3B0C44298FC1C149AFBF4C8996FB92427AE41E4649B934CA495991B7852B855"
"REPORTS\storage_integrity_report.md","0","2026-09-30T15:06:19.0078907Z","E3B0C44298FC1C149AFBF4C8996FB92427AE41E4649B934CA495991B7852B855"
"REPORTS\unapproved_asset_report.md","0","2026-09-30T15:06:19.0078907Z","E3B0C44298FC1C149AFBF4C8996FB92427AE41E4649B934CA495991B7852B855"
"SETS_ASSEMBLIES\asset_assemblies.csv","133","2026-10-09T07:12:01.8297296Z","5846EED9B6DA92E3EBDC634A23B63001B670F2FCADBB2B5331EDFDC0BF61F399"
"STATUS\approved.md","0","2026-09-30T15:06:18.3818686Z","E3B0C44298FC1C149AFBF4C8996FB92427AE41E4649B934CA495991B7852B855"
"STATUS\archived.md","0","2026-09-30T15:06:18.3915667Z","E3B0C44298FC1C149AFBF4C8996FB92427AE41E4649B934CA495991B7852B855"
"STATUS\asset_readiness.csv","166","2026-10-09T07:12:01.9102271Z","BEF94589047DFB08E696E837F84A0FC7B652FEFA003975883E82B448EC5EB245"
"STATUS\asset_status_system.md","0","2026-09-30T15:06:18.3710762Z","E3B0C44298FC1C149AFBF4C8996FB92427AE41E4649B934CA495991B7852B855"
"STATUS\changes_requested.md","0","2026-09-30T15:06:18.3818686Z","E3B0C44298FC1C149AFBF4C8996FB92427AE41E4649B934CA495991B7852B855"
"STATUS\conditionally_approved.md","0","2026-09-30T15:06:18.3818686Z","E3B0C44298FC1C149AFBF4C8996FB92427AE41E4649B934CA495991B7852B855"
"STATUS\deprecated.md","0","2026-09-30T15:06:18.3915667Z","E3B0C44298FC1C149AFBF4C8996FB92427AE41E4649B934CA495991B7852B855"
"STATUS\generated.md","0","2026-09-30T15:06:18.3808352Z","E3B0C44298FC1C149AFBF4C8996FB92427AE41E4649B934CA495991B7852B855"
"STATUS\in_creation.md","0","2026-09-30T15:06:18.3777770Z","E3B0C44298FC1C149AFBF4C8996FB92427AE41E4649B934CA495991B7852B855"
"STATUS\in_review.md","0","2026-09-30T15:06:18.3818686Z","E3B0C44298FC1C149AFBF4C8996FB92427AE41E4649B934CA495991B7852B855"
"STATUS\locked.md","0","2026-09-30T15:06:18.3877885Z","E3B0C44298FC1C149AFBF4C8996FB92427AE41E4649B934CA495991B7852B855"
"STATUS\planned.md","0","2026-09-30T15:06:18.3710762Z","E3B0C44298FC1C149AFBF4C8996FB92427AE41E4649B934CA495991B7852B855"
"STATUS\processing.md","0","2026-09-30T15:06:18.3818686Z","E3B0C44298FC1C149AFBF4C8996FB92427AE41E4649B934CA495991B7852B855"
"STATUS\rejected.md","0","2026-09-30T15:06:18.3877885Z","E3B0C44298FC1C149AFBF4C8996FB92427AE41E4649B934CA495991B7852B855"
"STATUS\researching.md","0","2026-09-30T15:06:18.3710762Z","E3B0C44298FC1C149AFBF4C8996FB92427AE41E4649B934CA495991B7852B855"
"STATUS\superseded.md","0","2026-09-30T15:06:18.3877885Z","E3B0C44298FC1C149AFBF4C8996FB92427AE41E4649B934CA495991B7852B855"
"STORAGE\approved_location.md","0","2026-09-30T15:06:18.4179880Z","E3B0C44298FC1C149AFBF4C8996FB92427AE41E4649B934CA495991B7852B855"
"STORAGE\archive_location.md","0","2026-09-30T15:06:18.4279717Z","E3B0C44298FC1C149AFBF4C8996FB92427AE41E4649B934CA495991B7852B855"
"STORAGE\asset_extension.md","0","2026-09-30T15:06:18.4179880Z","E3B0C44298FC1C149AFBF4C8996FB92427AE41E4649B934CA495991B7852B855"
"STORAGE\asset_filename.md","0","2026-09-30T15:06:18.4179880Z","E3B0C44298FC1C149AFBF4C8996FB92427AE41E4649B934CA495991B7852B855"
"STORAGE\asset_path.md","0","2026-09-30T15:06:18.4179880Z","E3B0C44298FC1C149AFBF4C8996FB92427AE41E4649B934CA495991B7852B855"
"STORAGE\asset_storage_location.md","0","2026-09-30T15:06:18.4179880Z","E3B0C44298FC1C149AFBF4C8996FB92427AE41E4649B934CA495991B7852B855"
"STORAGE\asset_storage_locations.csv","98","2026-10-09T07:12:01.9419942Z","25B7E99010704183227F9C63EB15B0F423520443A93FF423137BC5B85B0562AF"
"STORAGE\asset_storage_system.md","0","2026-09-30T15:06:18.4169718Z","E3B0C44298FC1C149AFBF4C8996FB92427AE41E4649B934CA495991B7852B855"
"STORAGE\backup_location.md","0","2026-09-30T15:06:18.4290666Z","E3B0C44298FC1C149AFBF4C8996FB92427AE41E4649B934CA495991B7852B855"
"STORAGE\cloud_storage.md","0","2026-09-30T15:06:18.4179880Z","E3B0C44298FC1C149AFBF4C8996FB92427AE41E4649B934CA495991B7852B855"
"STORAGE\local_storage.md","0","2026-09-30T15:06:18.4179880Z","E3B0C44298FC1C149AFBF4C8996FB92427AE41E4649B934CA495991B7852B855"
"STORAGE\working_location.md","0","2026-09-30T15:06:18.4179880Z","E3B0C44298FC1C149AFBF4C8996FB92427AE41E4649B934CA495991B7852B855"
"TEMPLATES\asset_approval_template.md","0","2026-09-30T15:06:19.0193372Z","E3B0C44298FC1C149AFBF4C8996FB92427AE41E4649B934CA495991B7852B855"
"TEMPLATES\asset_archive_template.md","0","2026-09-30T15:06:19.0193372Z","E3B0C44298FC1C149AFBF4C8996FB92427AE41E4649B934CA495991B7852B855"
"TEMPLATES\asset_change_template.md","0","2026-09-30T15:06:19.0193372Z","E3B0C44298FC1C149AFBF4C8996FB92427AE41E4649B934CA495991B7852B855"
"TEMPLATES\asset_dependency_template.md","0","2026-09-30T15:06:19.0078907Z","E3B0C44298FC1C149AFBF4C8996FB92427AE41E4649B934CA495991B7852B855"
"TEMPLATES\asset_provenance_template.md","0","2026-09-30T15:06:19.0193372Z","E3B0C44298FC1C149AFBF4C8996FB92427AE41E4649B934CA495991B7852B855"
"TEMPLATES\asset_record_template.md","0","2026-09-30T15:06:19.0078907Z","E3B0C44298FC1C149AFBF4C8996FB92427AE41E4649B934CA495991B7852B855"
"TEMPLATES\asset_usage_template.md","0","2026-09-30T15:06:19.0177577Z","E3B0C44298FC1C149AFBF4C8996FB92427AE41E4649B934CA495991B7852B855"
"TEMPLATES\asset_version_template.md","0","2026-09-30T15:06:19.0078907Z","E3B0C44298FC1C149AFBF4C8996FB92427AE41E4649B934CA495991B7852B855"
"USAGE\approved_usage.md","0","2026-09-30T15:06:18.6244565Z","E3B0C44298FC1C149AFBF4C8996FB92427AE41E4649B934CA495991B7852B855"
"USAGE\asset_episode_usage.csv","21687","2026-10-09T07:17:11.0813848Z","E5CC1C8A2982E1679ECF11533EB0EB468542250003179F934176AC4D910322BE"
"USAGE\asset_usage_system.md","0","2026-09-30T15:06:18.5935430Z","E3B0C44298FC1C149AFBF4C8996FB92427AE41E4649B934CA495991B7852B855"
"USAGE\audio_usage.md","0","2026-09-30T15:06:18.6197021Z","E3B0C44298FC1C149AFBF4C8996FB92427AE41E4649B934CA495991B7852B855"
"USAGE\character_usage.md","0","2026-09-30T15:06:18.6120667Z","E3B0C44298FC1C149AFBF4C8996FB92427AE41E4649B934CA495991B7852B855"
"USAGE\episode_usage.md","0","2026-09-30T15:06:18.5975882Z","E3B0C44298FC1C149AFBF4C8996FB92427AE41E4649B934CA495991B7852B855"
"USAGE\location_usage.md","0","2026-09-30T15:06:18.6140870Z","E3B0C44298FC1C149AFBF4C8996FB92427AE41E4649B934CA495991B7852B855"
"USAGE\render_usage.md","0","2026-09-30T15:06:18.6176198Z","E3B0C44298FC1C149AFBF4C8996FB92427AE41E4649B934CA495991B7852B855"
"USAGE\restricted_usage.md","0","2026-09-30T15:06:18.6264749Z","E3B0C44298FC1C149AFBF4C8996FB92427AE41E4649B934CA495991B7852B855"
"USAGE\scene_usage.md","0","2026-09-30T15:06:18.6037236Z","E3B0C44298FC1C149AFBF4C8996FB92427AE41E4649B934CA495991B7852B855"
"USAGE\sequence_usage.md","0","2026-09-30T15:06:18.5996769Z","E3B0C44298FC1C149AFBF4C8996FB92427AE41E4649B934CA495991B7852B855"
"USAGE\shot_usage.md","0","2026-09-30T15:06:18.6079585Z","E3B0C44298FC1C149AFBF4C8996FB92427AE41E4649B934CA495991B7852B855"
"USAGE\usage_history.md","0","2026-09-30T15:06:18.6279871Z","E3B0C44298FC1C149AFBF4C8996FB92427AE41E4649B934CA495991B7852B855"
"USAGE\vfx_usage.md","0","2026-09-30T15:06:18.6217212Z","E3B0C44298FC1C149AFBF4C8996FB92427AE41E4649B934CA495991B7852B855"
"VERSIONING\approved_version.md","0","2026-09-30T15:06:18.4080865Z","E3B0C44298FC1C149AFBF4C8996FB92427AE41E4649B934CA495991B7852B855"
"VERSIONING\asset_versions.csv","126","2026-10-09T07:12:01.9904785Z","AB24372242477DC2576C8F6B31D9EFC699E325A63AEFF0316631D3AF75F4C904"
"VERSIONING\asset_version_system.md","0","2026-09-30T15:06:18.3979274Z","E3B0C44298FC1C149AFBF4C8996FB92427AE41E4649B934CA495991B7852B855"
"VERSIONING\current_version.md","0","2026-09-30T15:06:18.4080865Z","E3B0C44298FC1C149AFBF4C8996FB92427AE41E4649B934CA495991B7852B855"
"VERSIONING\previous_version.md","0","2026-09-30T15:06:18.4080865Z","E3B0C44298FC1C149AFBF4C8996FB92427AE41E4649B934CA495991B7852B855"
"VERSIONING\superseded_version.md","0","2026-09-30T15:06:18.4080865Z","E3B0C44298FC1C149AFBF4C8996FB92427AE41E4649B934CA495991B7852B855"
"VERSIONING\version_change_log.md","0","2026-09-30T15:06:18.4128918Z","E3B0C44298FC1C149AFBF4C8996FB92427AE41E4649B934CA495991B7852B855"
"VERSIONING\version_comparison.md","0","2026-09-30T15:06:18.4064938Z","E3B0C44298FC1C149AFBF4C8996FB92427AE41E4649B934CA495991B7852B855"
"VERSIONING\version_history.md","0","2026-09-30T15:06:18.3979274Z","E3B0C44298FC1C149AFBF4C8996FB92427AE41E4649B934CA495991B7852B855"
"VERSIONING\version_identity.md","0","2026-09-30T15:06:18.3979274Z","E3B0C44298FC1C149AFBF4C8996FB92427AE41E4649B934CA495991B7852B855"
"VERSIONING\version_lock.md","0","2026-09-30T15:06:18.4128918Z","E3B0C44298FC1C149AFBF4C8996FB92427AE41E4649B934CA495991B7852B855"
"VERSIONING\version_numbering.md","0","2026-09-30T15:06:18.3979274Z","E3B0C44298FC1C149AFBF4C8996FB92427AE41E4649B934CA495991B7852B855"
"VFX_COMPOSITING\atmosphere_effect_registry.md","0","2026-09-30T15:06:18.7779331Z","E3B0C44298FC1C149AFBF4C8996FB92427AE41E4649B934CA495991B7852B855"
"VFX_COMPOSITING\compositing_asset_registry.md","0","2026-09-30T15:06:18.7813793Z","E3B0C44298FC1C149AFBF4C8996FB92427AE41E4649B934CA495991B7852B855"
"VFX_COMPOSITING\divine_effect_registry.md","0","2026-09-30T15:06:18.7679089Z","E3B0C44298FC1C149AFBF4C8996FB92427AE41E4649B934CA495991B7852B855"
"VFX_COMPOSITING\fire_effect_registry.md","0","2026-09-30T15:06:18.7679089Z","E3B0C44298FC1C149AFBF4C8996FB92427AE41E4649B934CA495991B7852B855"
"VFX_COMPOSITING\mask_registry.md","0","2026-09-30T15:06:18.7813793Z","E3B0C44298FC1C149AFBF4C8996FB92427AE41E4649B934CA495991B7852B855"
"VFX_COMPOSITING\matte_registry.md","0","2026-09-30T15:06:18.7813793Z","E3B0C44298FC1C149AFBF4C8996FB92427AE41E4649B934CA495991B7852B855"
"VFX_COMPOSITING\particle_asset_registry.md","0","2026-09-30T15:06:18.7679089Z","E3B0C44298FC1C149AFBF4C8996FB92427AE41E4649B934CA495991B7852B855"
"VFX_COMPOSITING\smoke_effect_registry.md","0","2026-09-30T15:06:18.7779331Z","E3B0C44298FC1C149AFBF4C8996FB92427AE41E4649B934CA495991B7852B855"
"VFX_COMPOSITING\vfx_asset_registry.md","0","2026-09-30T15:06:18.7679089Z","E3B0C44298FC1C149AFBF4C8996FB92427AE41E4649B934CA495991B7852B855"
"VFX_COMPOSITING\water_effect_registry.md","0","2026-09-30T15:06:18.7779331Z","E3B0C44298FC1C149AFBF4C8996FB92427AE41E4649B934CA495991B7852B855"
