"file_name","relative_path","bytes","classification","candidate_material_ids","heading_candidates","contains_identity_fields","identity_verified_by_script","notes"
"00_database_index.md","MATERIALS\02_MATERIAL_DATABASE\00_database_index.md","4535","CATEGORY_OR_CONTROL_DOCUMENT","","MATERIAL DATABASE — INDEX;Important identity families;Not automatically a material record;Evidence rule;Status labels;Sources used for the initial inventory","False","False","Automated text scan only; human/source review required."
"01_material_record_standard.md","MATERIALS\02_MATERIAL_DATABASE\01_material_record_standard.md","2454","CATEGORY_OR_CONTROL_DOCUMENT","","MATERIAL RECORD STANDARD;1. Identity;2. Origin;3. Composition;4. Baseline physical identity;5. Manufacturing / preparation identity;6. Appearance identity;7. Historical relevance;8. Known variants;9. Exclusions;10. Cross-system links;Evidence status","False","False","Automated text scan only; human/source review required."
"02_material_id_rules.md","MATERIALS\02_MATERIAL_DATABASE\02_material_id_rules.md","1407","POSSIBLE_RECORD_OR_ID_REFERENCE_REVIEW_REQUIRED","MAT-000001;MAT-000002;MAT-000003;MAT-000101","MATERIAL ID RULES;Permanent IDs;Material definition vs instance;Do not merge;Composite materials;Unknowns;Versioning","False","False","Automated text scan only; human/source review required."
"03_source_and_evidence_rules.md","MATERIALS\02_MATERIAL_DATABASE\03_source_and_evidence_rules.md","1594","CATEGORY_OR_CONTROL_DOCUMENT","","SOURCE AND EVIDENCE RULES;Source classes;Priority;Critical distinction;Conflict rule;Uncertainty;Research note","False","False","Automated text scan only; human/source review required."
"04_initial_research_sources.md","MATERIALS\02_MATERIAL_DATABASE\04_initial_research_sources.md","1477","CATEGORY_OR_CONTROL_DOCUMENT","","INITIAL RESEARCH SOURCES;Interpretation rule","False","False","Automated text scan only; human/source review required."
"10_stone_rocks.md","MATERIALS\02_MATERIAL_DATABASE\10_stone_rocks.md","2134","CATEGORY_OR_CONTROL_DOCUMENT","","STONE AND ROCK MATERIALS;Material families;Granite;Basalt;Sandstone;Limestone;Marble;Slate;Schist;Quartzite;Laterite;Soapstone / steatite","False","False","Automated text scan only; human/source review required."
"11_gemstones_crystals.md","MATERIALS\02_MATERIAL_DATABASE\11_gemstones_crystals.md","1358","CATEGORY_OR_CONTROL_DOCUMENT","","GEMSTONES, CRYSTALS AND ORNAMENTAL MINERALS;Major identity families;Important distinction;Rock crystal / quartz;Corundum;Beryl;Diamond;Pearl;Coral;Production rule","False","False","Automated text scan only; human/source review required."
"12_earth_soil_mud.md","MATERIALS\02_MATERIAL_DATABASE\12_earth_soil_mud.md","954","CATEGORY_OR_CONTROL_DOCUMENT","","EARTH, SOIL AND MUD;Material families;Identity;Relevant constituents;Production rule","False","False","Automated text scan only; human/source review required."
"13_sand_gravel_aggregate.md","MATERIALS\02_MATERIAL_DATABASE\13_sand_gravel_aggregate.md","650","CATEGORY_OR_CONTROL_DOCUMENT","","SAND, GRAVEL AND AGGREGATE;Material families;Identity;Aggregate;Production rule","False","False","Automated text scan only; human/source review required."
"14_clay_bricks_mortar_plaster.md","MATERIALS\02_MATERIAL_DATABASE\14_clay_bricks_mortar_plaster.md","1187","CATEGORY_OR_CONTROL_DOCUMENT","","CLAY, BRICK, MORTAR AND PLASTER;Clay;Earthen brick / mud brick;Fired brick;Lime;Gypsum;Mortar;Plaster;Historical note","False","False","Automated text scan only; human/source review required."
"15_minerals_earth_ornamental_materials.md","MATERIALS\02_MATERIAL_DATABASE\15_minerals_earth_ornamental_materials.md","1427","CATEGORY_OR_CONTROL_DOCUMENT","","MINERALS, EARTH MATERIALS AND ORNAMENTAL STONES;Material families to research when evidence supports use;Identity requirements;Important distinction","False","False","Automated text scan only; human/source review required."
"16_charcoal_ash_soot_particulates.md","MATERIALS\02_MATERIAL_DATABASE\16_charcoal_ash_soot_particulates.md","993","CATEGORY_OR_CONTROL_DOCUMENT","","CHARCOAL, ASH, SOOT AND PARTICULATE MATERIALS;Material identities;Required distinction;Record","False","False","Automated text scan only; human/source review required."
"17_water_and_aqueous_materials.md","MATERIALS\02_MATERIAL_DATABASE\17_water_and_aqueous_materials.md","967","POSSIBLE_RECORD_OR_ID_REFERENCE_REVIEW_REQUIRED","MAT-WATER-BASE","WATER AND AQUEOUS MATERIAL IDENTITIES;Identity;Ownership","False","False","Automated text scan only; human/source review required."
"18_cordage_rope_mats_thatch.md","MATERIALS\02_MATERIAL_DATABASE\18_cordage_rope_mats_thatch.md","733","CATEGORY_OR_CONTROL_DOCUMENT","","CORDAGE, ROPE, MATS, THATCH AND FIBRE ASSEMBLIES;Families;Required identity fields","False","False","Automated text scan only; human/source review required."
"19_writing_record_substrates.md","MATERIALS\02_MATERIAL_DATABASE\19_writing_record_substrates.md","716","CATEGORY_OR_CONTROL_DOCUMENT","","WRITING, RECORD AND IMAGE SUBSTRATES;Candidate families","False","False","Automated text scan only; human/source review required."
"20_wood_species.md","MATERIALS\02_MATERIAL_DATABASE\20_wood_species.md","1263","CATEGORY_OR_CONTROL_DOCUMENT","","WOOD AND TIMBER;Important candidate species/families for research;Record identity;Important warning;Material states","False","False","Automated text scan only; human/source review required."
"21_bamboo_reeds_grasses.md","MATERIALS\02_MATERIAL_DATABASE\21_bamboo_reeds_grasses.md","614","CATEGORY_OR_CONTROL_DOCUMENT","","BAMBOO, REEDS, CANE AND GRASSES;Material families;Identity;Uses to investigate;Production rule","False","False","Automated text scan only; human/source review required."
"22_bark_plant_fibres.md","MATERIALS\02_MATERIAL_DATABASE\22_bark_plant_fibres.md","658","CATEGORY_OR_CONTROL_DOCUMENT","","BARK AND PLANT FIBRES;Material families;Identity;Important distinction;Historical rule","False","False","Automated text scan only; human/source review required."
"30_metals_native.md","MATERIALS\02_MATERIAL_DATABASE\30_metals_native.md","1066","CATEGORY_OR_CONTROL_DOCUMENT","","NATIVE AND BASE METALS;Material families;Native metal;Copper;Gold;Silver;Lead, tin, zinc, mercury;Historical technology","False","False","Automated text scan only; human/source review required."
"31_copper_alloys.md","MATERIALS\02_MATERIAL_DATABASE\31_copper_alloys.md","893","CATEGORY_OR_CONTROL_DOCUMENT","","COPPER ALLOYS;Bronze;Arsenical copper / arsenical bronze;Brass;Other copper alloys;Production rule","False","False","Automated text scan only; human/source review required."
"32_iron_steel.md","MATERIALS\02_MATERIAL_DATABASE\32_iron_steel.md","951","CATEGORY_OR_CONTROL_DOCUMENT","","IRON AND STEEL;Iron;Wrought iron;Cast iron;Steel;Rule","False","False","Automated text scan only; human/source review required."
"33_precious_metals.md","MATERIALS\02_MATERIAL_DATABASE\33_precious_metals.md","669","CATEGORY_OR_CONTROL_DOCUMENT","","PRECIOUS METALS;Gold;Silver;Electrum-like gold-silver alloys;Production rule","False","False","Automated text scan only; human/source review required."
"34_other_historical_metals.md","MATERIALS\02_MATERIAL_DATABASE\34_other_historical_metals.md","643","CATEGORY_OR_CONTROL_DOCUMENT","","OTHER HISTORICALLY RELEVANT METALS;Tin;Lead;Zinc;Mercury;Rule","False","False","Automated text scan only; human/source review required."
"35_special_historical_materials.md","MATERIALS\02_MATERIAL_DATABASE\35_special_historical_materials.md","821","CATEGORY_OR_CONTROL_DOCUMENT","","SPECIAL HISTORICAL MATERIALS;Candidate identities requiring evidence;Rule","False","False","Automated text scan only; human/source review required."
"36_material_composites_and_layered_systems.md","MATERIALS\02_MATERIAL_DATABASE\36_material_composites_and_layered_systems.md","895","CATEGORY_OR_CONTROL_DOCUMENT","","MATERIAL COMPOSITES AND LAYERED SYSTEMS;Composite identity types;Required record","False","False","Automated text scan only; human/source review required."
"37_material_data_completeness_audit.md","MATERIALS\02_MATERIAL_DATABASE\37_material_data_completeness_audit.md","3366","CATEGORY_OR_CONTROL_DOCUMENT","","MATERIAL DATA COMPLETENESS AUDIT;A. Identity completeness;B. Evidence completeness;C. Historical completeness;D. Scientific completeness;E. Negative-space audit;F. Production-use audit;G. Completion rule;H. No-loophole principle","False","False","Automated text scan only; human/source review required."
"38_material_synonyms_and_translation_control.md","MATERIALS\02_MATERIAL_DATABASE\38_material_synonyms_and_translation_control.md","670","CATEGORY_OR_CONTROL_DOCUMENT","","MATERIAL SYNONYMS AND TRANSLATION CONTROL;Required fields","False","False","Automated text scan only; human/source review required."
"39_material_research_queue.md","MATERIALS\02_MATERIAL_DATABASE\39_material_research_queue.md","482","CATEGORY_OR_CONTROL_DOCUMENT","","MATERIAL RESEARCH QUEUE","False","False","Automated text scan only; human/source review required."
"40_ceramics_faience_glazes.md","MATERIALS\02_MATERIAL_DATABASE\40_ceramics_faience_glazes.md","791","CATEGORY_OR_CONTROL_DOCUMENT","","CERAMICS, EARTHENWARE, FAience AND GLAZES;Ceramic families;Terracotta;Faience;Glaze;Rule","False","False","Automated text scan only; human/source review required."
"41_glass_mineral.md","MATERIALS\02_MATERIAL_DATABASE\41_glass_mineral.md","737","CATEGORY_OR_CONTROL_DOCUMENT","","GLASS AND MINERAL GLASS-LIKE MATERIALS;Glass;Historical identity;Faience;Quartz crystal;Obsidian;Rule","False","False","Automated text scan only; human/source review required."
"50_textile_fibres.md","MATERIALS\02_MATERIAL_DATABASE\50_textile_fibres.md","757","CATEGORY_OR_CONTROL_DOCUMENT","","TEXTILE FIBRES;Plant fibres;Animal fibres;Cotton;Silk;Wool;Rule","False","False","Automated text scan only; human/source review required."
"51_yarns_weaves_fabrics.md","MATERIALS\02_MATERIAL_DATABASE\51_yarns_weaves_fabrics.md","785","CATEGORY_OR_CONTROL_DOCUMENT","","YARN, WEAVE AND FABRIC MATERIALS;Stages;Construction families;Historical Indian textile evidence;Production rule","False","False","Automated text scan only; human/source review required."
"52_textile_finishes.md","MATERIALS\02_MATERIAL_DATABASE\52_textile_finishes.md","438","CATEGORY_OR_CONTROL_DOCUMENT","","TEXTILE FINISHES;Finish families;Rule","False","False","Automated text scan only; human/source review required."
"60_leather_hide.md","MATERIALS\02_MATERIAL_DATABASE\60_leather_hide.md","520","CATEGORY_OR_CONTROL_DOCUMENT","","LEATHER AND HIDE;Raw hide;Leather;Identity variables;Rule","False","False","Automated text scan only; human/source review required."
"61_bone_horn_ivory.md","MATERIALS\02_MATERIAL_DATABASE\61_bone_horn_ivory.md","520","CATEGORY_OR_CONTROL_DOCUMENT","","BONE, HORN AND IVORY;Bone;Horn;Ivory;Historical uses;Rule","False","False","Automated text scan only; human/source review required."
"62_shell_conch_nacre.md","MATERIALS\02_MATERIAL_DATABASE\62_shell_conch_nacre.md","508","CATEGORY_OR_CONTROL_DOCUMENT","","SHELL, CONCH AND NACRE;Shell;Conch;Nacre;Coral;Rule","False","False","Automated text scan only; human/source review required."
"63_feathers_hair_sinew.md","MATERIALS\02_MATERIAL_DATABASE\63_feathers_hair_sinew.md","469","CATEGORY_OR_CONTROL_DOCUMENT","","FEATHERS, HAIR AND SINEW;Feathers;Hair;Sinew;Scope rule","False","False","Automated text scan only; human/source review required."
"70_oils_fats_waxes.md","MATERIALS\02_MATERIAL_DATABASE\70_oils_fats_waxes.md","682","CATEGORY_OR_CONTROL_DOCUMENT","","OILS, FATS AND WAXES;Plant oils;Animal fats;Beeswax;Plant waxes;Rule","False","False","Automated text scan only; human/source review required."
"71_resins_gums_latex.md","MATERIALS\02_MATERIAL_DATABASE\71_resins_gums_latex.md","436","CATEGORY_OR_CONTROL_DOCUMENT","","RESINS, GUMS AND LATEX;Material families;Identity;Uses to investigate","False","False","Automated text scan only; human/source review required."
"72_adhesives_binders.md","MATERIALS\02_MATERIAL_DATABASE\72_adhesives_binders.md","518","CATEGORY_OR_CONTROL_DOCUMENT","","ADHESIVES AND BINDERS;Binder families;Rule","False","False","Automated text scan only; human/source review required."
"80_pigments.md","MATERIALS\02_MATERIAL_DATABASE\80_pigments.md","817","CATEGORY_OR_CONTROL_DOCUMENT","","PIGMENTS AND MINERAL COLOURANTS;Mineral/inorganic families;Rule","False","False","Automated text scan only; human/source review required."
"81_dyes_mordants.md","MATERIALS\02_MATERIAL_DATABASE\81_dyes_mordants.md","685","CATEGORY_OR_CONTROL_DOCUMENT","","DYES AND MORDANTS;Plant dye families;Insect dyes;Mineral/inorganic colourants;Mordants;Rule","False","False","Automated text scan only; human/source review required."
"82_coatings_polishes.md","MATERIALS\02_MATERIAL_DATABASE\82_coatings_polishes.md","508","CATEGORY_OR_CONTROL_DOCUMENT","","COATINGS, POLISHES AND SURFACE FINISHES;Families;Rule","False","False","Automated text scan only; human/source review required."
"90_plant_materials.md","MATERIALS\02_MATERIAL_DATABASE\90_plant_materials.md","574","CATEGORY_OR_CONTROL_DOCUMENT","","PLANT-DERIVED RAW MATERIALS;Production rule","False","False","Automated text scan only; human/source review required."
"91_animal_derived_materials.md","MATERIALS\02_MATERIAL_DATABASE\91_animal_derived_materials.md","352","CATEGORY_OR_CONTROL_DOCUMENT","","ANIMAL-DERIVED MATERIALS;Families;Rule","False","False","Automated text scan only; human/source review required."
"92_food_organic_matter.md","MATERIALS\02_MATERIAL_DATABASE\92_food_organic_matter.md","669","CATEGORY_OR_CONTROL_DOCUMENT","","FOOD AND ORGANIC MATTER;Why this exists;Material families to support when scenes require them;Rule","False","False","Automated text scan only; human/source review required."
"93_composite_historical_materials.md","MATERIALS\02_MATERIAL_DATABASE\93_composite_historical_materials.md","853","CATEGORY_OR_CONTROL_DOCUMENT","","COMPOSITE AND ENGINEERED HISTORICAL MATERIALS;Rule;Required record","False","False","Automated text scan only; human/source review required."
"99_material_database_scope_and_gaps.md","MATERIALS\02_MATERIAL_DATABASE\99_material_database_scope_and_gaps.md","1446","CATEGORY_OR_CONTROL_DOCUMENT","","DATABASE SCOPE, GAPS AND FUTURE EXPANSION;Deliberately not exploded into hundreds of species;Mandatory future additions;No silent modern substitution","False","False","Automated text scan only; human/source review required."
