"asset_id","canonical_name","asset_category","asset_type","description","identity_status","production_status","source_class","source_reference","confidence","owner","created_date","notes"
"AST-BAAL-001","Wedding Pavilion","SETS_ASSEMBLIES","Wedding pavilion","Pavilion described in the wedding narrative, with gold and jewels mentioned in its decoration/dowry context.","TEXT_MENTION_RECORDED","RESEARCH_REQUIRED","DIRECT_SOURCE","Ramcharitmanas Bal Kand, chaupai locator 1-325-1; https://www.ramcharitmanas.org/content-1-56-2140.html","HIGH_FOR_MENTION","","2026-10-09","Exact architectural form, dimensions and construction are not established by this record."
"AST-BAAL-002","Gold Objects and Decorations","PROPS","Gold objects or decoration group","Gold is mentioned in the wedding pavilion/dowry passage.","TEXT_MENTION_RECORDED","RESEARCH_REQUIRED","DIRECT_SOURCE","Ramcharitmanas Bal Kand, chaupai locator 1-325-1; https://www.ramcharitmanas.org/content-1-56-2140.html","HIGH_FOR_MENTION","","2026-10-09","Do not infer alloy, purity, fabrication technique or exact object inventory without further evidence."
"AST-BAAL-003","Jewels in Wedding Pavilion","PROPS","Jewels and jeweled decoration","Jewels are explicitly mentioned in the wedding pavilion passage.","TEXT_MENTION_RECORDED","RESEARCH_REQUIRED","DIRECT_SOURCE","Ramcharitmanas Bal Kand, chaupai locator 1-325-1; https://www.ramcharitmanas.org/content-1-56-2140.html","HIGH_FOR_MENTION","","2026-10-09","Specific gemstones, setting styles and placement require research."
"AST-BAAL-004","Wedding Textiles and Shawls","COSTUMES","Textile gift group","The dowry passage mentions shawls and varied textiles.","TEXT_MENTION_RECORDED","RESEARCH_REQUIRED","DIRECT_SOURCE","Ramcharitmanas Bal Kand, chaupai locator 1-325-2; https://www.ramcharitmanas.org/content-1-56-2140.html","HIGH_FOR_MENTION","","2026-10-09","Separate individual garment designs only when supported by further text or approved reconstruction."
"AST-BAAL-005","Linen Textiles","COSTUMES","Linen textile","Linen is included among the varied textiles in the dowry passage.","TEXT_MENTION_RECORDED","RESEARCH_REQUIRED","DIRECT_SOURCE","Ramcharitmanas Bal Kand, chaupai locator 1-325-2; https://www.ramcharitmanas.org/content-1-56-2140.html","HIGH_FOR_MENTION","","2026-10-09","Exact weave, fiber identification and historical textile reconstruction need separate research."
"AST-BAAL-006","Silk Textiles","COSTUMES","Silk textile","Silk is included among the varied textiles in the dowry passage.","TEXT_MENTION_RECORDED","RESEARCH_REQUIRED","DIRECT_SOURCE","Ramcharitmanas Bal Kand, chaupai locator 1-325-2; https://www.ramcharitmanas.org/content-1-56-2140.html","HIGH_FOR_MENTION","","2026-10-09","Exact weave, dye, pattern and garment use are not established here."
"AST-BAAL-007","Royal Elephants","ANIMALS","Elephant group","Elephants are listed among the wedding gifts/dowry.","TEXT_MENTION_RECORDED","RESEARCH_REQUIRED","DIRECT_SOURCE","Ramcharitmanas Bal Kand, chaupai locator 1-325-2; https://www.ramcharitmanas.org/content-1-56-2140.html","HIGH_FOR_MENTION","","2026-10-09","Register individual elephants only when the production needs individual identities."
"AST-BAAL-008","Royal Chariots","VEHICLES_TRANSPORT","Chariot group","Chariots are listed among the wedding gifts/dowry.","TEXT_MENTION_RECORDED","RESEARCH_REQUIRED","DIRECT_SOURCE","Ramcharitmanas Bal Kand, chaupai locator 1-325-2; https://www.ramcharitmanas.org/content-1-56-2140.html","HIGH_FOR_MENTION","","2026-10-09","The passage establishes chariots, not their precise engineering or count. Component records should follow design research."
"AST-BAAL-009","Royal Horses","ANIMALS","Horse group","Horses are listed among the wedding gifts/dowry.","TEXT_MENTION_RECORDED","RESEARCH_REQUIRED","DIRECT_SOURCE","Ramcharitmanas Bal Kand, chaupai locator 1-325-2; https://www.ramcharitmanas.org/content-1-56-2140.html","HIGH_FOR_MENTION","","2026-10-09","Breed, tack, color and number are not established by this record."
"AST-BAAL-010","Ornamented Cows","ANIMALS","Cow group","Cows adorned with ornaments are listed in the wedding gifts/dowry passage.","TEXT_MENTION_RECORDED","RESEARCH_REQUIRED","DIRECT_SOURCE","Ramcharitmanas Bal Kand, chaupai locator 1-325-2; https://www.ramcharitmanas.org/content-1-56-2140.html","HIGH_FOR_MENTION","","2026-10-09","Ornament design and number need further evidence or explicit reconstruction labeling."
"AST-BAAL-011","Wedding Sacred Fire","RITUALS_CEREMONIES","Ritual fire","The wedding passage describes the couple circumambulating the fire as part of the rites.","TEXT_MENTION_RECORDED","RESEARCH_REQUIRED","DIRECT_SOURCE","Ramcharitmanas Bal Kand, chaupai locator 1-324-4; https://www.ramcharitmanas.org/content-1-56-2137.html","HIGH_FOR_MENTION","","2026-10-09","Exact altar construction, fuel and ritual implements require separate passage-level research."
"AST-BAAL-012","Wedding Vermilion","PROPS","Ceremonial cosmetic","The wedding passage states that Rama applies vermilion to Sita's forehead.","TEXT_MENTION_RECORDED","RESEARCH_REQUIRED","DIRECT_SOURCE","Ramcharitmanas Bal Kand, chaupai locator 1-324-4; https://www.ramcharitmanas.org/content-1-56-2137.html","HIGH_FOR_MENTION","","2026-10-09","The material composition and container design are not specified by this entry."
"AST-BAAL-013","Ceremonial Shared Seat","PROPS","Ceremonial seat","The wedding passage describes the couple sitting together on one seat.","TEXT_MENTION_RECORDED","RESEARCH_REQUIRED","DIRECT_SOURCE","Ramcharitmanas Bal Kand, chaupai locators 1-324-4 to 1-324-5; https://www.ramcharitmanas.org/content-1-56-2137.html","HIGH_FOR_MENTION","","2026-10-09","Exact dimensions, material and ornamentation need further evidence."
"AST-BAAL-014","Jeweled Pavilion Pillars","ARCHITECTURE","Pavilion column","The wedding passage refers to jewel-adorned pillars reflecting the couple's images.","TEXT_MENTION_RECORDED","RESEARCH_REQUIRED","DIRECT_SOURCE","Ramcharitmanas Bal Kand, chaupai locator 1-324-2; https://www.ramcharitmanas.org/content-1-56-2137.html","HIGH_FOR_MENTION","","2026-10-09","The poetic description does not settle engineering, exact gem type or pillar construction."
"AST-BAAL-015","Kettledrums for Wedding Celebration","AUDIO","Ceremonial percussion","Kettledrum sound is mentioned during the wedding-party celebration.","TEXT_MENTION_RECORDED","RESEARCH_REQUIRED","DIRECT_SOURCE","Ramcharitmanas Bal Kand, chaupai locator 1-325-4; https://www.ramcharitmanas.org/content-1-56-2141.html","HIGH_FOR_MENTION","","2026-10-09","Audio implementation is a production asset; instrument construction and ensemble size require research."
"AST-BAAL-016","Ceremonial Flower Shower","VFX_COMPOSITING","Flower shower effect","The wedding passage describes gods showering flowers.","TEXT_MENTION_RECORDED","RESEARCH_REQUIRED","DIRECT_SOURCE","Ramcharitmanas Bal Kand, chaupai locator 1-325-4; https://www.ramcharitmanas.org/content-1-56-2141.html","HIGH_FOR_MENTION","","2026-10-09","Flower species, density and effect technique are not established here."
"AST-BAAL-017","Vedic Recitation at Wedding Celebration","AUDIO","Ritual vocal performance","The wedding-party passage mentions the chanting of Vedic texts.","TEXT_MENTION_RECORDED","RESEARCH_REQUIRED","DIRECT_SOURCE","Ramcharitmanas Bal Kand, chaupai locator 1-325-4; https://www.ramcharitmanas.org/content-1-56-2141.html","HIGH_FOR_MENTION","","2026-10-09","Exact chant, performers and recording treatment must be researched; do not fabricate a specific mantra."
"AST-BAAL-018","Wedding Party Lodging","LOCATIONS","Guest lodging space","The wedding passage describes the bridegroom's party proceeding to its lodging/palace after the ceremony.","TEXT_MENTION_RECORDED","RESEARCH_REQUIRED","DIRECT_SOURCE","Ramcharitmanas Bal Kand, chaupai locator 1-325-4; https://www.ramcharitmanas.org/content-1-56-2141.html","HIGH_FOR_MENTION","","2026-10-09","Exact room plan and furnishing are not specified by this record."
"AST-BAAL-019","Wedding Family-Deity Worship Apartment","LOCATIONS","Worship room or apartment","The passage refers to the apartment where family deities had been installed for worship during the wedding days.","TEXT_MENTION_RECORDED","RESEARCH_REQUIRED","DIRECT_SOURCE","Ramcharitmanas Bal Kand, chaupai locator 1-325-4; https://www.ramcharitmanas.org/content-1-56-2141.html","HIGH_FOR_MENTION","","2026-10-09","Specific deity images, altar design and furnishings require passage and tradition research."
"AST-BAAL-020","Ahalya Hermitage","LOCATIONS","Hermitage","A hermitage is encountered on the route in the Ahalya narrative.","TEXT_MENTION_RECORDED","RESEARCH_REQUIRED","DIRECT_SOURCE","Ramcharitmanas Bal Kand, chaupai 6 under Doha 210; https://tulsiramayan.com/en/balkand/ashram-ek-dikh-mag-mahin","HIGH_FOR_MENTION","","2026-10-09","Layout, building materials and exact surroundings need further source work."
"AST-BAAL-021","Stone Slab at Ahalya Hermitage","NATURE_ENVIRONMENT","Stone slab","The passage describes Rama seeing a stone slab and asking the sage about it in the Ahalya narrative.","TEXT_MENTION_RECORDED","RESEARCH_REQUIRED","DIRECT_SOURCE","Ramcharitmanas Bal Kand, chaupai 6 under Doha 210; https://tulsiramayan.com/en/balkand/ashram-ek-dikh-mag-mahin","HIGH_FOR_MENTION","","2026-10-09","The stone slab is mentioned; the exact visual interpretation and transformation staging must be checked against the chosen text and adaptation."
"AST-BAAL-022","Wedding Gifts and Dowry Assembly","SETS_ASSEMBLIES","Gift assembly","The wedding passage describes a large assortment of gifts, including textiles, animals and vehicles.","TEXT_MENTION_RECORDED","RESEARCH_REQUIRED","DIRECT_SOURCE","Ramcharitmanas Bal Kand, chaupai locators 1-325-1 to 1-325-3; https://www.ramcharitmanas.org/content-1-56-2140.html","HIGH_FOR_MENTION","","2026-10-09","Assembly groups already registered elsewhere should be referenced rather than duplicated; do not invent quantities."
