"Area","Term","LegacyFileExists","CurrentFileExists","LegacyOccurrences","CurrentOccurrences","ReviewStatus","LegacyPath","CurrentPath"
"Scope and domain boundaries","material identity","True","True","1","9","TERM_PRESENT_REQUIRES_CONTEXT_REVIEW","_BACKUPS\OLD_MATERIALS_RECOVERY_20261009_105957\MATERIALS\README.md","MATERIALS\README.md"
"Scope and domain boundaries","surface behavior","True","True","1","4","TERM_PRESENT_REQUIRES_CONTEXT_REVIEW","_BACKUPS\OLD_MATERIALS_RECOVERY_20261009_105957\MATERIALS\README.md","MATERIALS\README.md"
"Scope and domain boundaries","out of scope","True","True","0","0","TERM_NOT_IN_LEGACY_SOURCE","_BACKUPS\OLD_MATERIALS_RECOVERY_20261009_105957\MATERIALS\README.md","MATERIALS\README.md"
"Scope and domain boundaries","domain","True","True","0","6","TERM_NOT_IN_LEGACY_SOURCE","_BACKUPS\OLD_MATERIALS_RECOVERY_20261009_105957\MATERIALS\README.md","MATERIALS\README.md"
"Scope and domain boundaries","lighting","True","True","1","6","TERM_PRESENT_REQUIRES_CONTEXT_REVIEW","_BACKUPS\OLD_MATERIALS_RECOVERY_20261009_105957\MATERIALS\README.md","MATERIALS\README.md"
"Scope and domain boundaries","costume","True","True","2","5","TERM_PRESENT_REQUIRES_CONTEXT_REVIEW","_BACKUPS\OLD_MATERIALS_RECOVERY_20261009_105957\MATERIALS\README.md","MATERIALS\README.md"
"Scope and domain boundaries","props","True","True","1","1","TERM_PRESENT_REQUIRES_CONTEXT_REVIEW","_BACKUPS\OLD_MATERIALS_RECOVERY_20261009_105957\MATERIALS\README.md","MATERIALS\README.md"
"Evidence classification","DIRECT_SOURCE","True","True","1","1","TERM_PRESENT_REQUIRES_CONTEXT_REVIEW","_BACKUPS\OLD_MATERIALS_RECOVERY_20261009_105957\MATERIALS\CORE\material_evidence_rules.md","MATERIALS\01_CORE\source_classification.md"
"Evidence classification","TRADITIONAL_SOURCE","True","True","1","1","TERM_PRESENT_REQUIRES_CONTEXT_REVIEW","_BACKUPS\OLD_MATERIALS_RECOVERY_20261009_105957\MATERIALS\CORE\material_evidence_rules.md","MATERIALS\01_CORE\source_classification.md"
"Evidence classification","HISTORICAL_RESEARCH","True","True","1","1","TERM_PRESENT_REQUIRES_CONTEXT_REVIEW","_BACKUPS\OLD_MATERIALS_RECOVERY_20261009_105957\MATERIALS\CORE\material_evidence_rules.md","MATERIALS\01_CORE\source_classification.md"
"Evidence classification","TECHNICAL_RECONSTRUCTION","True","True","1","1","TERM_PRESENT_REQUIRES_CONTEXT_REVIEW","_BACKUPS\OLD_MATERIALS_RECOVERY_20261009_105957\MATERIALS\CORE\material_evidence_rules.md","MATERIALS\01_CORE\source_classification.md"
"Evidence classification","DIRECTORIAL_CHOICE","True","True","1","3","TERM_PRESENT_REQUIRES_CONTEXT_REVIEW","_BACKUPS\OLD_MATERIALS_RECOVERY_20261009_105957\MATERIALS\CORE\material_evidence_rules.md","MATERIALS\01_CORE\source_classification.md"
"Evidence classification","confidence","True","True","1","8","TERM_PRESENT_REQUIRES_CONTEXT_REVIEW","_BACKUPS\OLD_MATERIALS_RECOVERY_20261009_105957\MATERIALS\CORE\material_evidence_rules.md","MATERIALS\01_CORE\source_classification.md"
"Evidence classification","rationale","True","True","0","2","TERM_NOT_IN_LEGACY_SOURCE","_BACKUPS\OLD_MATERIALS_RECOVERY_20261009_105957\MATERIALS\CORE\material_evidence_rules.md","MATERIALS\01_CORE\source_classification.md"
"Evidence classification","alternatives","True","True","1","5","TERM_PRESENT_REQUIRES_CONTEXT_REVIEW","_BACKUPS\OLD_MATERIALS_RECOVERY_20261009_105957\MATERIALS\CORE\material_evidence_rules.md","MATERIALS\01_CORE\source_classification.md"
"Material identity locks","base material","True","True","1","0","POSSIBLE_MIGRATION_GAP","_BACKUPS\OLD_MATERIALS_RECOVERY_20261009_105957\MATERIALS\CORE\material_lock_system.md","MATERIALS\01_CORE\material_identity.md"
"Material identity locks","category","True","True","1","3","TERM_PRESENT_REQUIRES_CONTEXT_REVIEW","_BACKUPS\OLD_MATERIALS_RECOVERY_20261009_105957\MATERIALS\CORE\material_lock_system.md","MATERIALS\01_CORE\material_identity.md"
"Material identity locks","physical identity","True","True","1","1","TERM_PRESENT_REQUIRES_CONTEXT_REVIEW","_BACKUPS\OLD_MATERIALS_RECOVERY_20261009_105957\MATERIALS\CORE\material_lock_system.md","MATERIALS\01_CORE\material_identity.md"
"Material identity locks","texture","True","True","1","1","TERM_PRESENT_REQUIRES_CONTEXT_REVIEW","_BACKUPS\OLD_MATERIALS_RECOVERY_20261009_105957\MATERIALS\CORE\material_lock_system.md","MATERIALS\01_CORE\material_identity.md"
"Material identity locks","behavior","True","True","1","1","TERM_PRESENT_REQUIRES_CONTEXT_REVIEW","_BACKUPS\OLD_MATERIALS_RECOVERY_20261009_105957\MATERIALS\CORE\material_lock_system.md","MATERIALS\01_CORE\material_identity.md"
"Material identity locks","construction","True","True","1","3","TERM_PRESENT_REQUIRES_CONTEXT_REVIEW","_BACKUPS\OLD_MATERIALS_RECOVERY_20261009_105957\MATERIALS\CORE\material_lock_system.md","MATERIALS\01_CORE\material_identity.md"
"Material identity locks","identity","True","True","2","30","TERM_PRESENT_REQUIRES_CONTEXT_REVIEW","_BACKUPS\OLD_MATERIALS_RECOVERY_20261009_105957\MATERIALS\CORE\material_lock_system.md","MATERIALS\01_CORE\material_identity.md"
"Material identity locks","substitution","True","True","0","0","TERM_NOT_IN_LEGACY_SOURCE","_BACKUPS\OLD_MATERIALS_RECOVERY_20261009_105957\MATERIALS\CORE\material_lock_system.md","MATERIALS\01_CORE\material_identity.md"
"Identity and changing states","identity","True","True","2","5","TERM_PRESENT_REQUIRES_CONTEXT_REVIEW","_BACKUPS\OLD_MATERIALS_RECOVERY_20261009_105957\MATERIALS\CORE\material_state_system.md","MATERIALS\06_STATES\material_state_model.md"
"Identity and changing states","state","True","True","6","7","TERM_PRESENT_REQUIRES_CONTEXT_REVIEW","_BACKUPS\OLD_MATERIALS_RECOVERY_20261009_105957\MATERIALS\CORE\material_state_system.md","MATERIALS\06_STATES\material_state_model.md"
"Identity and changing states","dust","True","True","2","1","TERM_PRESENT_REQUIRES_CONTEXT_REVIEW","_BACKUPS\OLD_MATERIALS_RECOVERY_20261009_105957\MATERIALS\CORE\material_state_system.md","MATERIALS\06_STATES\material_state_model.md"
"Identity and changing states","moisture","True","True","0","1","TERM_NOT_IN_LEGACY_SOURCE","_BACKUPS\OLD_MATERIALS_RECOVERY_20261009_105957\MATERIALS\CORE\material_state_system.md","MATERIALS\06_STATES\material_state_model.md"
"Identity and changing states","weathering","True","True","0","0","TERM_NOT_IN_LEGACY_SOURCE","_BACKUPS\OLD_MATERIALS_RECOVERY_20261009_105957\MATERIALS\CORE\material_state_system.md","MATERIALS\06_STATES\material_state_model.md"
"Identity and changing states","damage","True","True","4","2","TERM_PRESENT_REQUIRES_CONTEXT_REVIEW","_BACKUPS\OLD_MATERIALS_RECOVERY_20261009_105957\MATERIALS\CORE\material_state_system.md","MATERIALS\06_STATES\material_state_model.md"
"Identity and changing states","wet","True","True","2","1","TERM_PRESENT_REQUIRES_CONTEXT_REVIEW","_BACKUPS\OLD_MATERIALS_RECOVERY_20261009_105957\MATERIALS\CORE\material_state_system.md","MATERIALS\06_STATES\material_state_model.md"
"Identity and changing states","dry","True","True","1","0","POSSIBLE_MIGRATION_GAP","_BACKUPS\OLD_MATERIALS_RECOVERY_20261009_105957\MATERIALS\CORE\material_state_system.md","MATERIALS\06_STATES\material_state_model.md"
"Identity and changing states","persistence","True","True","1","0","POSSIBLE_MIGRATION_GAP","_BACKUPS\OLD_MATERIALS_RECOVERY_20261009_105957\MATERIALS\CORE\material_state_system.md","MATERIALS\06_STATES\material_state_model.md"
"Identity and changing states","cause","True","True","6","3","TERM_PRESENT_REQUIRES_CONTEXT_REVIEW","_BACKUPS\OLD_MATERIALS_RECOVERY_20261009_105957\MATERIALS\CORE\material_state_system.md","MATERIALS\06_STATES\material_state_model.md"
"Material selection","evidence","True","True","2","8","TERM_PRESENT_REQUIRES_CONTEXT_REVIEW","_BACKUPS\OLD_MATERIALS_RECOVERY_20261009_105957\MATERIALS\CORE\material_selection_rules.md","MATERIALS\02_MATERIAL_DATABASE\03_source_and_evidence_rules.md"
"Material selection","history","True","True","0","0","TERM_NOT_IN_LEGACY_SOURCE","_BACKUPS\OLD_MATERIALS_RECOVERY_20261009_105957\MATERIALS\CORE\material_selection_rules.md","MATERIALS\02_MATERIAL_DATABASE\03_source_and_evidence_rules.md"
"Material selection","tradition","True","True","1","2","TERM_PRESENT_REQUIRES_CONTEXT_REVIEW","_BACKUPS\OLD_MATERIALS_RECOVERY_20261009_105957\MATERIALS\CORE\material_selection_rules.md","MATERIALS\02_MATERIAL_DATABASE\03_source_and_evidence_rules.md"
"Material selection","function","True","True","1","0","POSSIBLE_MIGRATION_GAP","_BACKUPS\OLD_MATERIALS_RECOVERY_20261009_105957\MATERIALS\CORE\material_selection_rules.md","MATERIALS\02_MATERIAL_DATABASE\03_source_and_evidence_rules.md"
"Material selection","environment","True","True","1","0","POSSIBLE_MIGRATION_GAP","_BACKUPS\OLD_MATERIALS_RECOVERY_20261009_105957\MATERIALS\CORE\material_selection_rules.md","MATERIALS\02_MATERIAL_DATABASE\03_source_and_evidence_rules.md"
"Material selection","construction","True","True","3","7","TERM_PRESENT_REQUIRES_CONTEXT_REVIEW","_BACKUPS\OLD_MATERIALS_RECOVERY_20261009_105957\MATERIALS\CORE\material_selection_rules.md","MATERIALS\02_MATERIAL_DATABASE\03_source_and_evidence_rules.md"
"Material selection","physical plausibility","True","True","1","0","POSSIBLE_MIGRATION_GAP","_BACKUPS\OLD_MATERIALS_RECOVERY_20261009_105957\MATERIALS\CORE\material_selection_rules.md","MATERIALS\02_MATERIAL_DATABASE\03_source_and_evidence_rules.md"
"Material selection","continuity","True","True","1","0","POSSIBLE_MIGRATION_GAP","_BACKUPS\OLD_MATERIALS_RECOVERY_20261009_105957\MATERIALS\CORE\material_selection_rules.md","MATERIALS\02_MATERIAL_DATABASE\03_source_and_evidence_rules.md"
"Material selection","feasibility","True","True","1","0","POSSIBLE_MIGRATION_GAP","_BACKUPS\OLD_MATERIALS_RECOVERY_20261009_105957\MATERIALS\CORE\material_selection_rules.md","MATERIALS\02_MATERIAL_DATABASE\03_source_and_evidence_rules.md"
"Material selection","reconstruction","True","True","2","7","TERM_PRESENT_REQUIRES_CONTEXT_REVIEW","_BACKUPS\OLD_MATERIALS_RECOVERY_20261009_105957\MATERIALS\CORE\material_selection_rules.md","MATERIALS\02_MATERIAL_DATABASE\03_source_and_evidence_rules.md"
"Material QA","identity","True","True","1","11","TERM_PRESENT_REQUIRES_CONTEXT_REVIEW","_BACKUPS\OLD_MATERIALS_RECOVERY_20261009_105957\MATERIALS\CORE\material_qa.md","MATERIALS\10_CONTINUITY_QA\realism_qa.md"
"Material QA","physical response","True","True","0","3","TERM_NOT_IN_LEGACY_SOURCE","_BACKUPS\OLD_MATERIALS_RECOVERY_20261009_105957\MATERIALS\CORE\material_qa.md","MATERIALS\10_CONTINUITY_QA\realism_qa.md"
"Material QA","scale","True","True","4","6","TERM_PRESENT_REQUIRES_CONTEXT_REVIEW","_BACKUPS\OLD_MATERIALS_RECOVERY_20261009_105957\MATERIALS\CORE\material_qa.md","MATERIALS\10_CONTINUITY_QA\realism_qa.md"
"Material QA","state","True","True","3","7","TERM_PRESENT_REQUIRES_CONTEXT_REVIEW","_BACKUPS\OLD_MATERIALS_RECOVERY_20261009_105957\MATERIALS\CORE\material_qa.md","MATERIALS\10_CONTINUITY_QA\realism_qa.md"
"Material QA","continuity","True","True","1","6","TERM_PRESENT_REQUIRES_CONTEXT_REVIEW","_BACKUPS\OLD_MATERIALS_RECOVERY_20261009_105957\MATERIALS\CORE\material_qa.md","MATERIALS\10_CONTINUITY_QA\realism_qa.md"
"Material QA","AI artifacts","True","True","0","2","TERM_NOT_IN_LEGACY_SOURCE","_BACKUPS\OLD_MATERIALS_RECOVERY_20261009_105957\MATERIALS\CORE\material_qa.md","MATERIALS\10_CONTINUITY_QA\realism_qa.md"
"Material QA","renderer","True","True","0","1","TERM_NOT_IN_LEGACY_SOURCE","_BACKUPS\OLD_MATERIALS_RECOVERY_20261009_105957\MATERIALS\CORE\material_qa.md","MATERIALS\10_CONTINUITY_QA\realism_qa.md"
"Material QA","shader","True","True","1","3","TERM_PRESENT_REQUIRES_CONTEXT_REVIEW","_BACKUPS\OLD_MATERIALS_RECOVERY_20261009_105957\MATERIALS\CORE\material_qa.md","MATERIALS\10_CONTINUITY_QA\realism_qa.md"
"Material QA","subsurface","True","True","0","3","TERM_NOT_IN_LEGACY_SOURCE","_BACKUPS\OLD_MATERIALS_RECOVERY_20261009_105957\MATERIALS\CORE\material_qa.md","MATERIALS\10_CONTINUITY_QA\realism_qa.md"
"Material QA","transmission","True","True","1","5","TERM_PRESENT_REQUIRES_CONTEXT_REVIEW","_BACKUPS\OLD_MATERIALS_RECOVERY_20261009_105957\MATERIALS\CORE\material_qa.md","MATERIALS\10_CONTINUITY_QA\realism_qa.md"
"Overall material system","scope","True","True","0","5","TERM_NOT_IN_LEGACY_SOURCE","_BACKUPS\OLD_MATERIALS_RECOVERY_20261009_105957\MATERIALS\CORE\material_system.md","MATERIALS\01_CORE\material_master.md"
"Overall material system","domain boundaries","True","True","1","0","POSSIBLE_MIGRATION_GAP","_BACKUPS\OLD_MATERIALS_RECOVERY_20261009_105957\MATERIALS\CORE\material_system.md","MATERIALS\01_CORE\material_master.md"
"Overall material system","light","True","True","5","3","TERM_PRESENT_REQUIRES_CONTEXT_REVIEW","_BACKUPS\OLD_MATERIALS_RECOVERY_20261009_105957\MATERIALS\CORE\material_system.md","MATERIALS\01_CORE\material_master.md"
"Overall material system","generic shader","True","True","1","0","POSSIBLE_MIGRATION_GAP","_BACKUPS\OLD_MATERIALS_RECOVERY_20261009_105957\MATERIALS\CORE\material_system.md","MATERIALS\01_CORE\material_master.md"
"Overall material system","material identity","True","True","3","5","TERM_PRESENT_REQUIRES_CONTEXT_REVIEW","_BACKUPS\OLD_MATERIALS_RECOVERY_20261009_105957\MATERIALS\CORE\material_system.md","MATERIALS\01_CORE\material_master.md"
"Overall material system","physical behavior","True","True","0","1","TERM_NOT_IN_LEGACY_SOURCE","_BACKUPS\OLD_MATERIALS_RECOVERY_20261009_105957\MATERIALS\CORE\material_system.md","MATERIALS\01_CORE\material_master.md"
"Overall material system","continuity","True","True","1","6","TERM_PRESENT_REQUIRES_CONTEXT_REVIEW","_BACKUPS\OLD_MATERIALS_RECOVERY_20261009_105957\MATERIALS\CORE\material_system.md","MATERIALS\01_CORE\material_master.md"
