"SourceFile","SHA256","Destination","ConflictFlags","UnknownFlags","AssumptionFlags","AIFlags","ReviewRequired","Status"
"age_based_sound_variation.md","E3B0C44298FC1C149AFBF4C8996FB92427AE41E4649B934CA495991B7852B855","08_INDIVIDUAL_VARIATION","","","","","False","ELIGIBLE_FOR_DOMAIN_RECONCILIATION"
"aggression_sounds.md","E3B0C44298FC1C149AFBF4C8996FB92427AE41E4649B934CA495991B7852B855","04_BEHAVIOR_SOUND","","","","","False","ELIGIBLE_FOR_DOMAIN_RECONCILIATION"
"alarm_calls.md","E3B0C44298FC1C149AFBF4C8996FB92427AE41E4649B934CA495991B7852B855","04_BEHAVIOR_SOUND","","","","","False","ELIGIBLE_FOR_DOMAIN_RECONCILIATION"
"animal_audio_continuity.md","E3B0C44298FC1C149AFBF4C8996FB92427AE41E4649B934CA495991B7852B855","09_CONTINUITY","","","","","False","ELIGIBLE_FOR_DOMAIN_RECONCILIATION"
"animal_audio_directionality.md","E3B0C44298FC1C149AFBF4C8996FB92427AE41E4649B934CA495991B7852B855","06_SPATIAL_ACOUSTICS","","","","","False","ELIGIBLE_FOR_DOMAIN_RECONCILIATION"
"animal_audio_distance.md","E3B0C44298FC1C149AFBF4C8996FB92427AE41E4649B934CA495991B7852B855","06_SPATIAL_ACOUSTICS","","","","","False","ELIGIBLE_FOR_DOMAIN_RECONCILIATION"
"animal_audio_intensity.md","E3B0C44298FC1C149AFBF4C8996FB92427AE41E4649B934CA495991B7852B855","09_CONTINUITY","","","","","False","ELIGIBLE_FOR_DOMAIN_RECONCILIATION"
"animal_audio_reverb.md","E3B0C44298FC1C149AFBF4C8996FB92427AE41E4649B934CA495991B7852B855","06_SPATIAL_ACOUSTICS","","","","","False","ELIGIBLE_FOR_DOMAIN_RECONCILIATION"
"animal_audio_system.md","E3B0C44298FC1C149AFBF4C8996FB92427AE41E4649B934CA495991B7852B855","12_REVIEW_REQUIRED","","","","","True","REVIEW_REQUIRED"
"animal_audio_timing.md","E3B0C44298FC1C149AFBF4C8996FB92427AE41E4649B934CA495991B7852B855","09_CONTINUITY","","","","","False","ELIGIBLE_FOR_DOMAIN_RECONCILIATION"
"animal_sound_identity.md","E3B0C44298FC1C149AFBF4C8996FB92427AE41E4649B934CA495991B7852B855","03_AUDIO_IDENTITY","","","","","False","ELIGIBLE_FOR_DOMAIN_RECONCILIATION"
"animal_sound_system.md","E3B0C44298FC1C149AFBF4C8996FB92427AE41E4649B934CA495991B7852B855","12_REVIEW_REQUIRED","","","","","True","REVIEW_REQUIRED"
"background_sound_layers.md","E3B0C44298FC1C149AFBF4C8996FB92427AE41E4649B934CA495991B7852B855","12_REVIEW_REQUIRED","","","","","True","REVIEW_REQUIRED"
"BEHAVIOR_TO_SOUND\aggression_to_sound.md","E3B0C44298FC1C149AFBF4C8996FB92427AE41E4649B934CA495991B7852B855","04_BEHAVIOR_SOUND","","","","","False","ELIGIBLE_FOR_DOMAIN_RECONCILIATION"
"BEHAVIOR_TO_SOUND\alarm_to_sound.md","E3B0C44298FC1C149AFBF4C8996FB92427AE41E4649B934CA495991B7852B855","04_BEHAVIOR_SOUND","","","","","False","ELIGIBLE_FOR_DOMAIN_RECONCILIATION"
"BEHAVIOR_TO_SOUND\behavior_to_sound.md","E3B0C44298FC1C149AFBF4C8996FB92427AE41E4649B934CA495991B7852B855","04_BEHAVIOR_SOUND","","","","","False","ELIGIBLE_FOR_DOMAIN_RECONCILIATION"
"BEHAVIOR_TO_SOUND\distress_to_sound.md","E3B0C44298FC1C149AFBF4C8996FB92427AE41E4649B934CA495991B7852B855","04_BEHAVIOR_SOUND","","","","","False","ELIGIBLE_FOR_DOMAIN_RECONCILIATION"
"BEHAVIOR_TO_SOUND\divine_event_animal_response.md","E3B0C44298FC1C149AFBF4C8996FB92427AE41E4649B934CA495991B7852B855","04_BEHAVIOR_SOUND","","","","","False","ELIGIBLE_FOR_DOMAIN_RECONCILIATION"
"BEHAVIOR_TO_SOUND\emotion_to_sound.md","E3B0C44298FC1C149AFBF4C8996FB92427AE41E4649B934CA495991B7852B855","04_BEHAVIOR_SOUND","","","","","False","ELIGIBLE_FOR_DOMAIN_RECONCILIATION"
"BEHAVIOR_TO_SOUND\environment_change_to_sound.md","E3B0C44298FC1C149AFBF4C8996FB92427AE41E4649B934CA495991B7852B855","04_BEHAVIOR_SOUND","","","","","False","ELIGIBLE_FOR_DOMAIN_RECONCILIATION"
"BEHAVIOR_TO_SOUND\fear_to_sound.md","E3B0C44298FC1C149AFBF4C8996FB92427AE41E4649B934CA495991B7852B855","04_BEHAVIOR_SOUND","","","","","False","ELIGIBLE_FOR_DOMAIN_RECONCILIATION"
"BEHAVIOR_TO_SOUND\group_behavior_to_sound.md","E3B0C44298FC1C149AFBF4C8996FB92427AE41E4649B934CA495991B7852B855","04_BEHAVIOR_SOUND","","","","","False","ELIGIBLE_FOR_DOMAIN_RECONCILIATION"
"BEHAVIOR_TO_SOUND\movement_to_sound.md","E3B0C44298FC1C149AFBF4C8996FB92427AE41E4649B934CA495991B7852B855","04_BEHAVIOR_SOUND","","","","","False","ELIGIBLE_FOR_DOMAIN_RECONCILIATION"
"BEHAVIOR_TO_SOUND\parent_offspring_to_sound.md","E3B0C44298FC1C149AFBF4C8996FB92427AE41E4649B934CA495991B7852B855","04_BEHAVIOR_SOUND","","","","","False","ELIGIBLE_FOR_DOMAIN_RECONCILIATION"
"BEHAVIOR_TO_SOUND\social_interaction_to_sound.md","E3B0C44298FC1C149AFBF4C8996FB92427AE41E4649B934CA495991B7852B855","04_BEHAVIOR_SOUND","","","","","False","ELIGIBLE_FOR_DOMAIN_RECONCILIATION"
"calm_sounds.md","E3B0C44298FC1C149AFBF4C8996FB92427AE41E4649B934CA495991B7852B855","04_BEHAVIOR_SOUND","","","","","False","ELIGIBLE_FOR_DOMAIN_RECONCILIATION"
"contact_calls.md","E3B0C44298FC1C149AFBF4C8996FB92427AE41E4649B934CA495991B7852B855","04_BEHAVIOR_SOUND","","","","","False","ELIGIBLE_FOR_DOMAIN_RECONCILIATION"
"courtship_calls.md","E3B0C44298FC1C149AFBF4C8996FB92427AE41E4649B934CA495991B7852B855","04_BEHAVIOR_SOUND","","","","","False","ELIGIBLE_FOR_DOMAIN_RECONCILIATION"
"distress_calls.md","E3B0C44298FC1C149AFBF4C8996FB92427AE41E4649B934CA495991B7852B855","04_BEHAVIOR_SOUND","","","","","False","ELIGIBLE_FOR_DOMAIN_RECONCILIATION"
"environment_reactive_sounds.md","E3B0C44298FC1C149AFBF4C8996FB92427AE41E4649B934CA495991B7852B855","07_ENVIRONMENTAL_SOUNDSCAPE","","","","","False","ELIGIBLE_FOR_DOMAIN_RECONCILIATION"
"fear_sounds.md","E3B0C44298FC1C149AFBF4C8996FB92427AE41E4649B934CA495991B7852B855","04_BEHAVIOR_SOUND","","","","","False","ELIGIBLE_FOR_DOMAIN_RECONCILIATION"
"feeding_sounds.md","E3B0C44298FC1C149AFBF4C8996FB92427AE41E4649B934CA495991B7852B855","04_BEHAVIOR_SOUND","","","","","False","ELIGIBLE_FOR_DOMAIN_RECONCILIATION"
"forest_animal_soundscape.md","E3B0C44298FC1C149AFBF4C8996FB92427AE41E4649B934CA495991B7852B855","07_ENVIRONMENTAL_SOUNDSCAPE","","","","","False","ELIGIBLE_FOR_DOMAIN_RECONCILIATION"
"group_calls.md","E3B0C44298FC1C149AFBF4C8996FB92427AE41E4649B934CA495991B7852B855","04_BEHAVIOR_SOUND","","","","","False","ELIGIBLE_FOR_DOMAIN_RECONCILIATION"
"HANDOFF\animal_audio_continuity.md","E3B0C44298FC1C149AFBF4C8996FB92427AE41E4649B934CA495991B7852B855","09_CONTINUITY","","","","","False","ELIGIBLE_FOR_DOMAIN_RECONCILIATION"
"HANDOFF\animal_audio_registry.md","E3B0C44298FC1C149AFBF4C8996FB92427AE41E4649B934CA495991B7852B855","10_HANDOFF","","","","","False","ELIGIBLE_FOR_DOMAIN_RECONCILIATION"
"HANDOFF\animal_sound_requirements.md","E3B0C44298FC1C149AFBF4C8996FB92427AE41E4649B934CA495991B7852B855","10_HANDOFF","","","","","False","ELIGIBLE_FOR_DOMAIN_RECONCILIATION"
"HANDOFF\animal_to_audio.md","E3B0C44298FC1C149AFBF4C8996FB92427AE41E4649B934CA495991B7852B855","10_HANDOFF","","","","","False","ELIGIBLE_FOR_DOMAIN_RECONCILIATION"
"HANDOFF\animal_to_sound_design.md","E3B0C44298FC1C149AFBF4C8996FB92427AE41E4649B934CA495991B7852B855","10_HANDOFF","","","","","False","ELIGIBLE_FOR_DOMAIN_RECONCILIATION"
"individual_sound_variation.md","E3B0C44298FC1C149AFBF4C8996FB92427AE41E4649B934CA495991B7852B855","12_REVIEW_REQUIRED","","","","","True","REVIEW_REQUIRED"
"INDIVIDUAL_VARIATION\individual_call_variation.md","E3B0C44298FC1C149AFBF4C8996FB92427AE41E4649B934CA495991B7852B855","08_INDIVIDUAL_VARIATION","","","","","False","ELIGIBLE_FOR_DOMAIN_RECONCILIATION"
"INDIVIDUAL_VARIATION\individual_pitch_variation.md","E3B0C44298FC1C149AFBF4C8996FB92427AE41E4649B934CA495991B7852B855","08_INDIVIDUAL_VARIATION","","","","","False","ELIGIBLE_FOR_DOMAIN_RECONCILIATION"
"INDIVIDUAL_VARIATION\individual_rhythm_variation.md","E3B0C44298FC1C149AFBF4C8996FB92427AE41E4649B934CA495991B7852B855","08_INDIVIDUAL_VARIATION","","","","","False","ELIGIBLE_FOR_DOMAIN_RECONCILIATION"
"INDIVIDUAL_VARIATION\individual_sound_continuity.md","E3B0C44298FC1C149AFBF4C8996FB92427AE41E4649B934CA495991B7852B855","08_INDIVIDUAL_VARIATION","","","","","False","ELIGIBLE_FOR_DOMAIN_RECONCILIATION"
"INDIVIDUAL_VARIATION\individual_timbre_variation.md","E3B0C44298FC1C149AFBF4C8996FB92427AE41E4649B934CA495991B7852B855","08_INDIVIDUAL_VARIATION","","","","","False","ELIGIBLE_FOR_DOMAIN_RECONCILIATION"
"INDIVIDUAL_VARIATION\individual_voice_identity.md","E3B0C44298FC1C149AFBF4C8996FB92427AE41E4649B934CA495991B7852B855","08_INDIVIDUAL_VARIATION","","","","","False","ELIGIBLE_FOR_DOMAIN_RECONCILIATION"
"INDIVIDUAL_VARIATION\individual_volume_variation.md","E3B0C44298FC1C149AFBF4C8996FB92427AE41E4649B934CA495991B7852B855","08_INDIVIDUAL_VARIATION","","","","","False","ELIGIBLE_FOR_DOMAIN_RECONCILIATION"
"mating_calls.md","E3B0C44298FC1C149AFBF4C8996FB92427AE41E4649B934CA495991B7852B855","04_BEHAVIOR_SOUND","","","","","False","ELIGIBLE_FOR_DOMAIN_RECONCILIATION"
"mother_offspring_calls.md","E3B0C44298FC1C149AFBF4C8996FB92427AE41E4649B934CA495991B7852B855","04_BEHAVIOR_SOUND","","","","","False","ELIGIBLE_FOR_DOMAIN_RECONCILIATION"
"mountain_animal_soundscape.md","E3B0C44298FC1C149AFBF4C8996FB92427AE41E4649B934CA495991B7852B855","07_ENVIRONMENTAL_SOUNDSCAPE","","","","","False","ELIGIBLE_FOR_DOMAIN_RECONCILIATION"
"movement_sounds.md","E3B0C44298FC1C149AFBF4C8996FB92427AE41E4649B934CA495991B7852B855","06_SPATIAL_ACOUSTICS","","","","","False","ELIGIBLE_FOR_DOMAIN_RECONCILIATION"
"non_vocal_animal_sounds.md","E3B0C44298FC1C149AFBF4C8996FB92427AE41E4649B934CA495991B7852B855","06_SPATIAL_ACOUSTICS","","","","","False","ELIGIBLE_FOR_DOMAIN_RECONCILIATION"
"pain_sounds.md","E3B0C44298FC1C149AFBF4C8996FB92427AE41E4649B934CA495991B7852B855","12_REVIEW_REQUIRED","","","","","True","REVIEW_REQUIRED"
"palace_animal_soundscape.md","E3B0C44298FC1C149AFBF4C8996FB92427AE41E4649B934CA495991B7852B855","07_ENVIRONMENTAL_SOUNDSCAPE","","","","","False","ELIGIBLE_FOR_DOMAIN_RECONCILIATION"
"parent_offspring_calls.md","E3B0C44298FC1C149AFBF4C8996FB92427AE41E4649B934CA495991B7852B855","04_BEHAVIOR_SOUND","","","","","False","ELIGIBLE_FOR_DOMAIN_RECONCILIATION"
"REFERENCES\animal_sound_references.md","E3B0C44298FC1C149AFBF4C8996FB92427AE41E4649B934CA495991B7852B855","11_RESEARCH_REFERENCE","","","","","False","ELIGIBLE_FOR_DOMAIN_RECONCILIATION"
"REFERENCES\behavior_recordings.md","E3B0C44298FC1C149AFBF4C8996FB92427AE41E4649B934CA495991B7852B855","11_RESEARCH_REFERENCE","","","","","False","ELIGIBLE_FOR_DOMAIN_RECONCILIATION"
"REFERENCES\domestic_recordings.md","E3B0C44298FC1C149AFBF4C8996FB92427AE41E4649B934CA495991B7852B855","11_RESEARCH_REFERENCE","","","","","False","ELIGIBLE_FOR_DOMAIN_RECONCILIATION"
"REFERENCES\environment_recordings.md","E3B0C44298FC1C149AFBF4C8996FB92427AE41E4649B934CA495991B7852B855","07_ENVIRONMENTAL_SOUNDSCAPE","","","","","False","ELIGIBLE_FOR_DOMAIN_RECONCILIATION"
"REFERENCES\reference_provenance.md","E3B0C44298FC1C149AFBF4C8996FB92427AE41E4649B934CA495991B7852B855","11_RESEARCH_REFERENCE","","","","","False","ELIGIBLE_FOR_DOMAIN_RECONCILIATION"
"REFERENCES\reference_quality.md","E3B0C44298FC1C149AFBF4C8996FB92427AE41E4649B934CA495991B7852B855","11_RESEARCH_REFERENCE","","","","","False","ELIGIBLE_FOR_DOMAIN_RECONCILIATION"
"REFERENCES\species_recordings.md","E3B0C44298FC1C149AFBF4C8996FB92427AE41E4649B934CA495991B7852B855","11_RESEARCH_REFERENCE","","","","","False","ELIGIBLE_FOR_DOMAIN_RECONCILIATION"
"REFERENCES\wild_recordings.md","E3B0C44298FC1C149AFBF4C8996FB92427AE41E4649B934CA495991B7852B855","11_RESEARCH_REFERENCE","","","","","False","ELIGIBLE_FOR_DOMAIN_RECONCILIATION"
"river_animal_soundscape.md","E3B0C44298FC1C149AFBF4C8996FB92427AE41E4649B934CA495991B7852B855","07_ENVIRONMENTAL_SOUNDSCAPE","","","","","False","ELIGIBLE_FOR_DOMAIN_RECONCILIATION"
"sex_based_sound_variation.md","E3B0C44298FC1C149AFBF4C8996FB92427AE41E4649B934CA495991B7852B855","08_INDIVIDUAL_VARIATION","","","","","False","ELIGIBLE_FOR_DOMAIN_RECONCILIATION"
"social_calls.md","E3B0C44298FC1C149AFBF4C8996FB92427AE41E4649B934CA495991B7852B855","04_BEHAVIOR_SOUND","","","","","False","ELIGIBLE_FOR_DOMAIN_RECONCILIATION"
"SPATIAL\sound_absorption.md","E3B0C44298FC1C149AFBF4C8996FB92427AE41E4649B934CA495991B7852B855","06_SPATIAL_ACOUSTICS","","","","","False","ELIGIBLE_FOR_DOMAIN_RECONCILIATION"
"SPATIAL\sound_direction.md","E3B0C44298FC1C149AFBF4C8996FB92427AE41E4649B934CA495991B7852B855","06_SPATIAL_ACOUSTICS","","","","","False","ELIGIBLE_FOR_DOMAIN_RECONCILIATION"
"SPATIAL\sound_distance.md","E3B0C44298FC1C149AFBF4C8996FB92427AE41E4649B934CA495991B7852B855","06_SPATIAL_ACOUSTICS","","","","","False","ELIGIBLE_FOR_DOMAIN_RECONCILIATION"
"SPATIAL\sound_environment.md","E3B0C44298FC1C149AFBF4C8996FB92427AE41E4649B934CA495991B7852B855","06_SPATIAL_ACOUSTICS","","","","","False","ELIGIBLE_FOR_DOMAIN_RECONCILIATION"
"SPATIAL\sound_occlusion.md","E3B0C44298FC1C149AFBF4C8996FB92427AE41E4649B934CA495991B7852B855","06_SPATIAL_ACOUSTICS","","","","","False","ELIGIBLE_FOR_DOMAIN_RECONCILIATION"
"SPATIAL\sound_position.md","E3B0C44298FC1C149AFBF4C8996FB92427AE41E4649B934CA495991B7852B855","06_SPATIAL_ACOUSTICS","","","","","False","ELIGIBLE_FOR_DOMAIN_RECONCILIATION"
"SPATIAL\sound_reflection.md","E3B0C44298FC1C149AFBF4C8996FB92427AE41E4649B934CA495991B7852B855","06_SPATIAL_ACOUSTICS","","","","","False","ELIGIBLE_FOR_DOMAIN_RECONCILIATION"
"SPATIAL\sound_reverberation.md","E3B0C44298FC1C149AFBF4C8996FB92427AE41E4649B934CA495991B7852B855","06_SPATIAL_ACOUSTICS","","","","","False","ELIGIBLE_FOR_DOMAIN_RECONCILIATION"
"SPECIES_PROFILES\amphibian_sound_profiles.md","E3B0C44298FC1C149AFBF4C8996FB92427AE41E4649B934CA495991B7852B855","03_AUDIO_IDENTITY","","","","","False","ELIGIBLE_FOR_DOMAIN_RECONCILIATION"
"SPECIES_PROFILES\bird_sound_profiles.md","E3B0C44298FC1C149AFBF4C8996FB92427AE41E4649B934CA495991B7852B855","03_AUDIO_IDENTITY","","","","","False","ELIGIBLE_FOR_DOMAIN_RECONCILIATION"
"SPECIES_PROFILES\fish_sound_profiles.md","E3B0C44298FC1C149AFBF4C8996FB92427AE41E4649B934CA495991B7852B855","03_AUDIO_IDENTITY","","","","","False","ELIGIBLE_FOR_DOMAIN_RECONCILIATION"
"SPECIES_PROFILES\insect_sound_profiles.md","E3B0C44298FC1C149AFBF4C8996FB92427AE41E4649B934CA495991B7852B855","03_AUDIO_IDENTITY","","","","","False","ELIGIBLE_FOR_DOMAIN_RECONCILIATION"
"SPECIES_PROFILES\mammal_sound_profiles.md","E3B0C44298FC1C149AFBF4C8996FB92427AE41E4649B934CA495991B7852B855","03_AUDIO_IDENTITY","","","","","False","ELIGIBLE_FOR_DOMAIN_RECONCILIATION"
"SPECIES_PROFILES\reptile_sound_profiles.md","E3B0C44298FC1C149AFBF4C8996FB92427AE41E4649B934CA495991B7852B855","03_AUDIO_IDENTITY","","","","","False","ELIGIBLE_FOR_DOMAIN_RECONCILIATION"
"SPECIES_PROFILES\species_sound_profile_system.md","E3B0C44298FC1C149AFBF4C8996FB92427AE41E4649B934CA495991B7852B855","03_AUDIO_IDENTITY","","","","","False","ELIGIBLE_FOR_DOMAIN_RECONCILIATION"
"species_sound_profiles.md","E3B0C44298FC1C149AFBF4C8996FB92427AE41E4649B934CA495991B7852B855","03_AUDIO_IDENTITY","","","","","False","ELIGIBLE_FOR_DOMAIN_RECONCILIATION"
"species_vocalizations.md","E3B0C44298FC1C149AFBF4C8996FB92427AE41E4649B934CA495991B7852B855","03_AUDIO_IDENTITY","","","","","False","ELIGIBLE_FOR_DOMAIN_RECONCILIATION"
"territorial_calls.md","E3B0C44298FC1C149AFBF4C8996FB92427AE41E4649B934CA495991B7852B855","04_BEHAVIOR_SOUND","","","","","False","ELIGIBLE_FOR_DOMAIN_RECONCILIATION"
"village_animal_soundscape.md","E3B0C44298FC1C149AFBF4C8996FB92427AE41E4649B934CA495991B7852B855","07_ENVIRONMENTAL_SOUNDSCAPE","","","","","False","ELIGIBLE_FOR_DOMAIN_RECONCILIATION"
"vocalization_system.md","E3B0C44298FC1C149AFBF4C8996FB92427AE41E4649B934CA495991B7852B855","12_REVIEW_REQUIRED","","","","","True","REVIEW_REQUIRED"
"warning_calls.md","E3B0C44298FC1C149AFBF4C8996FB92427AE41E4649B934CA495991B7852B855","04_BEHAVIOR_SOUND","","","","","False","ELIGIBLE_FOR_DOMAIN_RECONCILIATION"
"warning_sounds.md","E3B0C44298FC1C149AFBF4C8996FB92427AE41E4649B934CA495991B7852B855","04_BEHAVIOR_SOUND","","","","","False","ELIGIBLE_FOR_DOMAIN_RECONCILIATION"
"wedding_animal_soundscape.md","E3B0C44298FC1C149AFBF4C8996FB92427AE41E4649B934CA495991B7852B855","07_ENVIRONMENTAL_SOUNDSCAPE","","","","","False","ELIGIBLE_FOR_DOMAIN_RECONCILIATION"
"yajna_animal_soundscape.md","E3B0C44298FC1C149AFBF4C8996FB92427AE41E4649B934CA495991B7852B855","07_ENVIRONMENTAL_SOUNDSCAPE","","","","","False","ELIGIBLE_FOR_DOMAIN_RECONCILIATION"
