"RelativePath","Extension","Bytes","Empty"
"PRODUCTION_COMPLETION_CHECKLIST.md",".md","1972","False"
"README.md",".md","6746","False"
"01_CORE\completion_standard.md",".md","952","False"
"01_CORE\legacy_migration_disposition.md",".md","3194","False"
"01_CORE\material_data_standard.md",".md","6213","False"
"01_CORE\material_identity.md",".md","6595","False"
"01_CORE\material_master.md",".md","14880","False"
"01_CORE\material_record_requirements.md",".md","795","False"
"01_CORE\material_taxonomy.md",".md","2926","False"
"01_CORE\source_classification.md",".md","9855","False"
"02_MATERIAL_DATABASE\00_database_index.md",".md","4535","False"
"02_MATERIAL_DATABASE\01_material_record_standard.md",".md","2454","False"
"02_MATERIAL_DATABASE\02_material_id_rules.md",".md","1407","False"
"02_MATERIAL_DATABASE\03_source_and_evidence_rules.md",".md","4574","False"
"02_MATERIAL_DATABASE\04_initial_research_sources.md",".md","1477","False"
"02_MATERIAL_DATABASE\10_stone_rocks.md",".md","2134","False"
"02_MATERIAL_DATABASE\11_gemstones_crystals.md",".md","1358","False"
"02_MATERIAL_DATABASE\12_earth_soil_mud.md",".md","954","False"
"02_MATERIAL_DATABASE\13_sand_gravel_aggregate.md",".md","650","False"
"02_MATERIAL_DATABASE\14_clay_bricks_mortar_plaster.md",".md","1187","False"
"02_MATERIAL_DATABASE\15_minerals_earth_ornamental_materials.md",".md","1427","False"
"02_MATERIAL_DATABASE\16_charcoal_ash_soot_particulates.md",".md","993","False"
"02_MATERIAL_DATABASE\17_water_and_aqueous_materials.md",".md","967","False"
"02_MATERIAL_DATABASE\18_cordage_rope_mats_thatch.md",".md","733","False"
"02_MATERIAL_DATABASE\19_writing_record_substrates.md",".md","716","False"
"02_MATERIAL_DATABASE\20_wood_species.md",".md","1263","False"
"02_MATERIAL_DATABASE\21_bamboo_reeds_grasses.md",".md","614","False"
"02_MATERIAL_DATABASE\22_bark_plant_fibres.md",".md","658","False"
"02_MATERIAL_DATABASE\30_metals_native.md",".md","1066","False"
"02_MATERIAL_DATABASE\31_copper_alloys.md",".md","893","False"
"02_MATERIAL_DATABASE\32_iron_steel.md",".md","951","False"
"02_MATERIAL_DATABASE\33_precious_metals.md",".md","669","False"
"02_MATERIAL_DATABASE\34_other_historical_metals.md",".md","643","False"
"02_MATERIAL_DATABASE\35_special_historical_materials.md",".md","821","False"
"02_MATERIAL_DATABASE\36_material_composites_and_layered_systems.md",".md","895","False"
"02_MATERIAL_DATABASE\37_material_data_completeness_audit.md",".md","3366","False"
"02_MATERIAL_DATABASE\38_material_synonyms_and_translation_control.md",".md","670","False"
"02_MATERIAL_DATABASE\39_material_research_queue.md",".md","1198","False"
"02_MATERIAL_DATABASE\40_ceramics_faience_glazes.md",".md","791","False"
"02_MATERIAL_DATABASE\41_glass_mineral.md",".md","737","False"
"02_MATERIAL_DATABASE\50_textile_fibres.md",".md","757","False"
"02_MATERIAL_DATABASE\51_yarns_weaves_fabrics.md",".md","785","False"
"02_MATERIAL_DATABASE\52_textile_finishes.md",".md","438","False"
"02_MATERIAL_DATABASE\60_leather_hide.md",".md","520","False"
"02_MATERIAL_DATABASE\61_bone_horn_ivory.md",".md","520","False"
"02_MATERIAL_DATABASE\62_shell_conch_nacre.md",".md","508","False"
"02_MATERIAL_DATABASE\63_feathers_hair_sinew.md",".md","469","False"
"02_MATERIAL_DATABASE\70_oils_fats_waxes.md",".md","682","False"
"02_MATERIAL_DATABASE\71_resins_gums_latex.md",".md","436","False"
"02_MATERIAL_DATABASE\72_adhesives_binders.md",".md","518","False"
"02_MATERIAL_DATABASE\80_pigments.md",".md","817","False"
"02_MATERIAL_DATABASE\81_dyes_mordants.md",".md","685","False"
"02_MATERIAL_DATABASE\82_coatings_polishes.md",".md","508","False"
"02_MATERIAL_DATABASE\90_plant_materials.md",".md","574","False"
"02_MATERIAL_DATABASE\91_animal_derived_materials.md",".md","352","False"
"02_MATERIAL_DATABASE\92_food_organic_matter.md",".md","669","False"
"02_MATERIAL_DATABASE\93_composite_historical_materials.md",".md","853","False"
"02_MATERIAL_DATABASE\99_material_database_scope_and_gaps.md",".md","1446","False"
"02_MATERIAL_DATABASE\material_research_workflow.md",".md","787","False"
"03_PHYSICS\acoustic_physics.md",".md","411","False"
"03_PHYSICS\bone_horn_shell_physics.md",".md","399","False"
"03_PHYSICS\ceramic_clay_physics.md",".md","425","False"
"03_PHYSICS\combustion_fire.md",".md","666","False"
"03_PHYSICS\deformation.md",".md","365","False"
"03_PHYSICS\dust_particles_sedimentation.md",".md","380","False"
"03_PHYSICS\elasticity_plasticity.md",".md","542","False"
"03_PHYSICS\fluid_mechanics.md",".md","432","False"
"03_PHYSICS\fluid_properties.md",".md","373","False"
"03_PHYSICS\friction_contact_adhesion.md",".md","581","False"
"03_PHYSICS\glass_mineral_physics.md",".md","399","False"
"03_PHYSICS\heat_transfer.md",".md","409","False"
"03_PHYSICS\humidity_temperature_environment.md",".md","463","False"
"03_PHYSICS\impact_momentum_collision.md",".md","459","False"
"03_PHYSICS\leather_hide_physics.md",".md","347","False"
"03_PHYSICS\mass_density_volume.md",".md","602","False"
"03_PHYSICS\measurement_methods.md",".md","480","False"
"03_PHYSICS\mechanical_properties.md",".md","501","False"
"03_PHYSICS\metal_physics.md",".md","459","False"
"03_PHYSICS\model_validation.md",".md","413","False"
"03_PHYSICS\numerical_methods.md",".md","359","False"
"03_PHYSICS\optical_properties.md",".md","424","False"
"03_PHYSICS\organic_material_physics.md",".md","346","False"
"03_PHYSICS\phase_change.md",".md","393","False"
"03_PHYSICS\physical_models.md",".md","645","False"
"03_PHYSICS\physical_provenance.md",".md","586","False"
"03_PHYSICS\physics_assumption_registry.md",".md","459","False"
"03_PHYSICS\physics_change_control.md",".md","458","False"
"03_PHYSICS\physics_completeness_audit.md",".md","1230","False"
"03_PHYSICS\physics_data_standard.md",".md","1814","False"
"03_PHYSICS\physics_failure_modes.md",".md","594","False"
"03_PHYSICS\physics_master.md",".md","4997","False"
"03_PHYSICS\physics_reference_registry.md",".md","439","False"
"03_PHYSICS\physics_to_3d_interface.md",".md","310","False"
"03_PHYSICS\physics_to_audio_interface.md",".md","253","False"
"03_PHYSICS\physics_to_behavior_interface.md",".md","282","False"
"03_PHYSICS\physics_to_lighting_interface.md",".md","328","False"
"03_PHYSICS\physics_to_simulation_interface.md",".md","400","False"
"03_PHYSICS\physics_to_states_interface.md",".md","379","False"
"03_PHYSICS\physics_to_vfx_interface.md",".md","252","False"
"03_PHYSICS\radiation_absorption_scattering.md",".md","460","False"
"03_PHYSICS\real_world_validation.md",".md","530","False"
"03_PHYSICS\scale_and_dimension.md",".md","398","False"
"03_PHYSICS\simulation_approximation.md",".md","438","False"
"03_PHYSICS\simulation_models.md",".md","389","False"
"03_PHYSICS\stone_earth_physics.md",".md","508","False"
"03_PHYSICS\strength_failure_fracture.md",".md","527","False"
"03_PHYSICS\surface_microphysics.md",".md","363","False"
"03_PHYSICS\textile_fibre_physics.md",".md","422","False"
"03_PHYSICS\thermal_properties.md",".md","462","False"
"03_PHYSICS\uncertainty_and_error.md",".md","938","False"
"03_PHYSICS\units_and_dimensions.md",".md","851","False"
"03_PHYSICS\validity_regimes.md",".md","680","False"
"03_PHYSICS\vibration_resonance.md",".md","429","False"
"03_PHYSICS\weathering_erosion_physics.md",".md","388","False"
"03_PHYSICS\wetting_absorption_permeability.md",".md","526","False"
"03_PHYSICS\wood_physics.md",".md","414","False"
"04_SURFACE_STRUCTURE\asset_material_assignment_register.csv",".csv","155","False"
"04_SURFACE_STRUCTURE\imperfections.md",".md","1733","False"
"04_SURFACE_STRUCTURE\macro_structure.md",".md","1715","False"
"04_SURFACE_STRUCTURE\material_database_and_assignment_gap_report.md",".md","1687","False"
"04_SURFACE_STRUCTURE\material_record_inventory.csv",".csv","5556","False"
"04_SURFACE_STRUCTURE\medium_structure.md",".md","1547","False"
"04_SURFACE_STRUCTURE\micro_surface.md",".md","1745","False"
"04_SURFACE_STRUCTURE\multiple_reflection_and_light_transport.md",".md","4434","False"
"04_SURFACE_STRUCTURE\natural_variation.md",".md","1695","False"
"04_SURFACE_STRUCTURE\README_REPAIR_PACKAGE.md",".md","1190","False"
"04_SURFACE_STRUCTURE\sub_micro_structure.md",".md","1714","False"
"04_SURFACE_STRUCTURE\surface_change_and_decision_log.md",".md","1095","False"
"04_SURFACE_STRUCTURE\surface_cross_folder_contract.md",".md","1994","False"
"04_SURFACE_STRUCTURE\surface_environment_interaction.md",".md","1441","False"
"04_SURFACE_STRUCTURE\surface_evidence_and_research_register.md",".md","1969","False"
"04_SURFACE_STRUCTURE\surface_evidence_source_register.md",".md","3293","False"
"04_SURFACE_STRUCTURE\surface_failure_modes.md",".md","1922","False"
"04_SURFACE_STRUCTURE\surface_final_inventory.md",".md","1236","False"
"04_SURFACE_STRUCTURE\surface_implementation_handoff.md",".md","1827","False"
"04_SURFACE_STRUCTURE\surface_interfaces_and_layers.md",".md","1547","False"
"04_SURFACE_STRUCTURE\surface_material_family_mapping.csv",".csv","4101","False"
"04_SURFACE_STRUCTURE\surface_material_research_queue.csv",".csv","8535","False"
"04_SURFACE_STRUCTURE\surface_record_standard.md",".md","2210","False"
"04_SURFACE_STRUCTURE\surface_release_gate.md",".md","1727","False"
"04_SURFACE_STRUCTURE\surface_renderer_confirmation_note.md",".md","1067","False"
"04_SURFACE_STRUCTURE\surface_renderer_test_matrix.md",".md","2130","False"
"04_SURFACE_STRUCTURE\surface_renderer_validation_register.csv",".csv","5635","False"
"04_SURFACE_STRUCTURE\surface_research_execution_plan.md",".md","5315","False"
"04_SURFACE_STRUCTURE\surface_scale_and_filtering.md",".md","1754","False"
"04_SURFACE_STRUCTURE\surface_structure_audit_report.txt",".txt","1771","False"
"04_SURFACE_STRUCTURE\surface_structure_completion_discovery.txt",".txt","11921","False"
"04_SURFACE_STRUCTURE\surface_structure_master.md",".md","5281","False"
"04_SURFACE_STRUCTURE\surface_validation_and_qa.md",".md","2537","False"
"04_SURFACE_STRUCTURE\ONE_PASS_AUDIT_20261009_104240\asset_material_assignment_gaps.csv",".csv","244","False"
"04_SURFACE_STRUCTURE\ONE_PASS_AUDIT_20261009_104240\asset_material_assignment_register.csv",".csv","3","False"
"04_SURFACE_STRUCTURE\ONE_PASS_AUDIT_20261009_104240\discovered_asset_file_inventory.csv",".csv","167","False"
"04_SURFACE_STRUCTURE\ONE_PASS_AUDIT_20261009_104240\material_database_and_assignment_gap_report.md",".md","1687","False"
"04_SURFACE_STRUCTURE\ONE_PASS_AUDIT_20261009_104240\material_record_inventory.csv",".csv","5556","False"
"04_SURFACE_STRUCTURE\ONE_PASS_AUDIT_20261009_104240\material_record_inventory_detailed.csv",".csv","14500","False"
"04_SURFACE_STRUCTURE\ONE_PASS_AUDIT_20261009_104240\ONE_PASS_COMPLETION_AUDIT.md",".md","4772","False"
"04_SURFACE_STRUCTURE\ONE_PASS_AUDIT_20261009_104240\run_summary.json",".json","793","False"
"04_SURFACE_STRUCTURE\ONE_PASS_AUDIT_20261009_104240\surface_material_family_mapping.csv",".csv","4101","False"
"04_SURFACE_STRUCTURE\ONE_PASS_AUDIT_20261009_104240\surface_material_research_queue.csv",".csv","8535","False"
"04_SURFACE_STRUCTURE\ONE_PASS_AUDIT_20261009_104240\surface_release_gate_register.csv",".csv","1559","False"
"04_SURFACE_STRUCTURE\ONE_PASS_AUDIT_20261009_104240\surface_renderer_validation_register.csv",".csv","5635","False"
"05_BEHAVIOR\aging.md",".md","1585","False"
"05_BEHAVIOR\damage.md",".md","1547","False"
"05_BEHAVIOR\dust_dirt_mud.md",".md","1572","False"
"05_BEHAVIOR\environmental_response.md",".md","1568","False"
"05_BEHAVIOR\repair.md",".md","1528","False"
"05_BEHAVIOR\water_wetting_absorption.md",".md","1592","False"
"05_BEHAVIOR\wear.md",".md","1519","False"
"05_BEHAVIOR\weathering.md",".md","1492","False"
"06_STATES\condition_states.md",".md","1582","False"
"06_STATES\material_state_model.md",".md","4089","False"
"06_STATES\state_continuity.md",".md","1477","False"
"06_STATES\state_transitions.md",".md","2593","False"
"06_STATES\thermal_states.md",".md","1529","False"
"06_STATES\wet_dry_states.md",".md","1493","False"
"07_CONTINUITY\material_continuity_rules.md",".md","1021","False"
"07_HISTORICAL_CANONICAL\canonical_material_usage.md",".md","1574","False"
"07_HISTORICAL_CANONICAL\conflicts_uncertainty.md",".md","1577","False"
"07_HISTORICAL_CANONICAL\historical_material_availability.md",".md","1551","False"
"07_HISTORICAL_CANONICAL\material_evidence.md",".md","1569","False"
"07_HISTORICAL_CANONICAL\traditional_indian_materials.md",".md","1548","False"
"07_HISTORICAL_CANONICAL\traditional_manufacturing.md",".md","1563","False"
"08_ASSET_ASSIGNMENTS\asset_assignment_rules.md",".md","613","False"
"08_INTERACTION\animal_interaction.md",".md","1529","False"
"08_INTERACTION\architecture_interaction.md",".md","1509","False"
"08_INTERACTION\environment_interaction.md",".md","1475","False"
"08_INTERACTION\human_interaction.md",".md","1518","False"
"08_INTERACTION\prop_interaction.md",".md","1459","False"
"09_AI_PRODUCTION\artifact_prevention.md",".md","1548","False"
"09_AI_PRODUCTION\candidate_selection.md",".md","1521","False"
"09_AI_PRODUCTION\material_generation_validation.md",".md","1578","False"
"09_AI_PRODUCTION\material_prompting.md",".md","1550","False"
"09_AI_PRODUCTION\negative_constraints.md",".md","1575","False"
"09_AI_PRODUCTION\reference_strategy.md",".md","1655","False"
"09_REGISTRY\material_registry_rules.md",".md","683","False"
"10_CONTINUITY_QA\approval_criteria.md",".md","1516","False"
"10_CONTINUITY_QA\cross_episode_consistency.md",".md","1550","False"
"10_CONTINUITY_QA\cross_scene_consistency.md",".md","1460","False"
"10_CONTINUITY_QA\cross_shot_consistency.md",".md","1480","False"
"10_CONTINUITY_QA\material_acceptance_criteria.md",".md","1392","False"
"10_CONTINUITY_QA\material_continuity.md",".md","2511","False"
"10_CONTINUITY_QA\realism_qa.md",".md","5550","False"
"10_CONTINUITY_QA\temporal_consistency.md",".md","1474","False"
"11_EVIDENCE\evidence_ledger_rules.md",".md","755","False"
"11_PRODUCTION_HANDOFF\3d_handoff.md",".md","1525","False"
"11_PRODUCTION_HANDOFF\lighting_handoff.md",".md","1559","False"
"11_PRODUCTION_HANDOFF\physics_handoff.md",".md","1468","False"
"11_PRODUCTION_HANDOFF\render_validation.md",".md","2703","False"
"11_PRODUCTION_HANDOFF\shader_handoff.md",".md","1546","False"
"11_PRODUCTION_HANDOFF\texture_handoff.md",".md","1546","False"
"11_PRODUCTION_HANDOFF\vfx_handoff.md",".md","1515","False"
"12_REGISTRY\change_control.md",".md","1495","False"
"12_REGISTRY\material_evidence_ledger.csv",".csv","227","False"
"12_REGISTRY\material_master_registry.csv",".csv","252","False"
"12_REGISTRY\material_registry.md",".md","2287","False"
"12_REGISTRY\material_variants.md",".md","1534","False"
"12_REGISTRY\material_versions.md",".md","1487","False"
