"RelativePath","Bytes","Empty","ContentPreview"
"03_PHYSICS\physics_assumption_registry.md","459","False","# PHYSICS ASSUMPTION REGISTRY Every non-measured assumption must be registered. Required: - assumption_id - statement - reason - affected material/system - evidence - confidence - validity - expected error - downstream impact - approval status Assumptions are not facts. If an assumption becomes supported by evidence, the record may be upgraded through change control. If an assumption is disproven, affected downstream results must be identified."
"03_PHYSICS\physics_reference_registry.md","439","False","# PHYSICS REFERENCE REGISTRY Every external physical value/model should be traceable to: SOURCE → MATERIAL → PROPERTY → CONDITION → MODEL → VERSION → IMPLEMENTATION Reference classes: SCIENTIFIC_FACT ENGINEERING_REFERENCE MEASURED_DATA EMPIRICAL_MODEL CALCULATED DERIVED HISTORICAL_RECONSTRUCTION SIMULATION_PARAMETER ASSUMPTION UNKNOWN Do not silently upgrade a lower-confidence source into a higher-confidence fact."
"09_REGISTRY\material_registry_rules.md","683","False","# Master Material Registry Rules Defines registry governance and record quality. ## Registry governance Every approved entry must have a stable unique material ID, a name, category, evidence classification, status, and traceable links to supporting records. Before adding an entry, check for duplicates and conflicts. Keep base identity separate from state variations. Use separate state records or linked state definitions when a material changes condition without changing identity. Do not populate"
"12_REGISTRY\change_control.md","1495","False","# MATERIAL CHANGE CONTROL ## Purpose and scope Every change to approved material identity, physical data, structure, state definitions, or production rules requires a traceable decision. ## Required controls Record change ID, author, date, affected IDs/versions, reason, evidence, impact assessment, approver, migration plan, and validation results. ## Evidence and uncertainty Record the source, provenance, confidence, uncertainty, applicable context, and version for every material-specific claim."
"12_REGISTRY\material_evidence_ledger.csv","227","False","evidence_id,material_id,claim,source_title,source_type,author_or_organization,publication_date,source_location,quoted_or_paraphrased_support,applicable_period,applicable_region,limitations,confidence,reviewer,review_status"
"12_REGISTRY\material_master_registry.csv","252","False","material_id,canonical_name,aliases,material_family,identity_statement,composition_or_source,evidence_classification,source_references,confidence,uncertainty,status,record_path,version,owner,reviewer,dependent_asset_ids,last_reviewed,decision_notes"
"12_REGISTRY\material_registry.md","2287","False","# MATERIAL REGISTRY ## Purpose and scope Maintain the authoritative index of material identities and their approved versions. ## Required controls Each entry should link stable material ID, name, category, composition/identity confidence, source class, record path, version, approval status, variants, and dependent assets. ## Evidence and uncertainty Record the source, provenance, confidence, uncertainty, applicable context, and version for every material-specific claim. Use UNKNOWN when informat"
"12_REGISTRY\material_variants.md","1534","False","# MATERIAL VARIANTS ## Purpose and scope Register variants only when a supported difference exists in composition, processing, structure, or another identity-defining property. ## Required controls Record parent material, variant ID, distinguishing property, evidence, applicable conditions, physical consequences, confidence, and affected records. ## Evidence and uncertainty Record the source, provenance, confidence, uncertainty, applicable context, and version for every material-specific claim. "
"12_REGISTRY\material_versions.md","1487","False","# MATERIAL VERSIONS ## Purpose and scope Version approved material definitions and their dependent data so production can reproduce prior decisions. ## Required controls Record version ID, change summary, date, approval state, source/evidence changes, property changes, compatibility, affected assets/shots, and validation. ## Evidence and uncertainty Record the source, provenance, confidence, uncertainty, applicable context, and version for every material-specific claim. Use UNKNOWN when informat"
