"LegacyPath","Bytes","Characters","SHA256","Headings"
"README.md","926","908","3D25071B65AB72D0E0BBCE42CA06B7E39CB9836DDEFE4FB9A9EC54A0EE28DF16","MATERIALS | Material pipeline | Most important rule"
"AI\material_consistency.md","0","0","E3B0C44298FC1C149AFBF4C8996FB92427AE41E4649B934CA495991B7852B855",""
"AI\material_drift.md","0","0","E3B0C44298FC1C149AFBF4C8996FB92427AE41E4649B934CA495991B7852B855",""
"AI\material_generation_qa.md","0","0","E3B0C44298FC1C149AFBF4C8996FB92427AE41E4649B934CA495991B7852B855",""
"AI\material_prompt_rules.md","0","0","E3B0C44298FC1C149AFBF4C8996FB92427AE41E4649B934CA495991B7852B855",""
"AI\material_provenance.md","0","0","E3B0C44298FC1C149AFBF4C8996FB92427AE41E4649B934CA495991B7852B855",""
"ARCHITECTURAL_MATERIALS\decorative_surfaces.md","0","0","E3B0C44298FC1C149AFBF4C8996FB92427AE41E4649B934CA495991B7852B855",""
"ARCHITECTURAL_MATERIALS\doors.md","0","0","E3B0C44298FC1C149AFBF4C8996FB92427AE41E4649B934CA495991B7852B855",""
"ARCHITECTURAL_MATERIALS\floors.md","0","0","E3B0C44298FC1C149AFBF4C8996FB92427AE41E4649B934CA495991B7852B855",""
"ARCHITECTURAL_MATERIALS\pillars.md","0","0","E3B0C44298FC1C149AFBF4C8996FB92427AE41E4649B934CA495991B7852B855",""
"ARCHITECTURAL_MATERIALS\platforms.md","0","0","E3B0C44298FC1C149AFBF4C8996FB92427AE41E4649B934CA495991B7852B855",""
"ARCHITECTURAL_MATERIALS\roofs.md","0","0","E3B0C44298FC1C149AFBF4C8996FB92427AE41E4649B934CA495991B7852B855",""
"ARCHITECTURAL_MATERIALS\stairs.md","0","0","E3B0C44298FC1C149AFBF4C8996FB92427AE41E4649B934CA495991B7852B855",""
"ARCHITECTURAL_MATERIALS\walls.md","0","0","E3B0C44298FC1C149AFBF4C8996FB92427AE41E4649B934CA495991B7852B855",""
"ARCHITECTURAL_MATERIALS\windows.md","0","0","E3B0C44298FC1C149AFBF4C8996FB92427AE41E4649B934CA495991B7852B855",""
"CHARACTER_MATERIALS\body_material_rules.md","0","0","E3B0C44298FC1C149AFBF4C8996FB92427AE41E4649B934CA495991B7852B855",""
"CHARACTER_MATERIALS\hair.md","0","0","E3B0C44298FC1C149AFBF4C8996FB92427AE41E4649B934CA495991B7852B855",""
"CHARACTER_MATERIALS\nails.md","0","0","E3B0C44298FC1C149AFBF4C8996FB92427AE41E4649B934CA495991B7852B855",""
"CHARACTER_MATERIALS\skin.md","0","0","E3B0C44298FC1C149AFBF4C8996FB92427AE41E4649B934CA495991B7852B855",""
"CHARACTER_MATERIALS\teeth.md","0","0","E3B0C44298FC1C149AFBF4C8996FB92427AE41E4649B934CA495991B7852B855",""
"CONSTRUCTION_MATERIALS\flooring_materials.md","0","0","E3B0C44298FC1C149AFBF4C8996FB92427AE41E4649B934CA495991B7852B855",""
"CONSTRUCTION_MATERIALS\lime.md","0","0","E3B0C44298FC1C149AFBF4C8996FB92427AE41E4649B934CA495991B7852B855",""
"CONSTRUCTION_MATERIALS\mortar.md","0","0","E3B0C44298FC1C149AFBF4C8996FB92427AE41E4649B934CA495991B7852B855",""
"CONSTRUCTION_MATERIALS\pigment_binder.md","0","0","E3B0C44298FC1C149AFBF4C8996FB92427AE41E4649B934CA495991B7852B855",""
"CONSTRUCTION_MATERIALS\plaster.md","0","0","E3B0C44298FC1C149AFBF4C8996FB92427AE41E4649B934CA495991B7852B855",""
"CONSTRUCTION_MATERIALS\roofing_materials.md","0","0","E3B0C44298FC1C149AFBF4C8996FB92427AE41E4649B934CA495991B7852B855",""
"CORE\material_classification.md","0","0","E3B0C44298FC1C149AFBF4C8996FB92427AE41E4649B934CA495991B7852B855",""
"CORE\material_continuity.md","0","0","E3B0C44298FC1C149AFBF4C8996FB92427AE41E4649B934CA495991B7852B855",""
"CORE\material_decision_log.md","0","0","E3B0C44298FC1C149AFBF4C8996FB92427AE41E4649B934CA495991B7852B855",""
"CORE\material_evidence_rules.md","668","668","FC069BFE78ED352B11833003F16DD7FE94C9F7DC8AD3F3E36A895CF147A8DF08","MATERIAL EVIDENCE RULES"
"CORE\material_identity_rules.md","0","0","E3B0C44298FC1C149AFBF4C8996FB92427AE41E4649B934CA495991B7852B855",""
"CORE\material_lock_system.md","605","595","F85115B76C5800B4C3F6CE9B347930901C563482A74C4D8514B0CC22B16063D3","MATERIAL LOCK SYSTEM"
"CORE\material_policy.md","0","0","E3B0C44298FC1C149AFBF4C8996FB92427AE41E4649B934CA495991B7852B855",""
"CORE\material_qa.md","958","958","AEA93893467B5DDA8E7269EF668088FA7754150EDF63116CD7D32332BA034C60","MATERIAL QA | Identity | Physical behavior | Scale | State | Continuity | AI | Rendering"
"CORE\material_registry.md","0","0","E3B0C44298FC1C149AFBF4C8996FB92427AE41E4649B934CA495991B7852B855",""
"CORE\material_scale_rules.md","0","0","E3B0C44298FC1C149AFBF4C8996FB92427AE41E4649B934CA495991B7852B855",""
"CORE\material_selection_rules.md","496","496","10A4CE90488EAA6E016A2EBACB2A0516BF099BE0C9B3D8F32113B384562B67D2","MATERIAL SELECTION RULES"
"CORE\material_source_policy.md","0","0","E3B0C44298FC1C149AFBF4C8996FB92427AE41E4649B934CA495991B7852B855",""
"CORE\material_state_system.md","901","901","88352C8EC686CAB49395C792072D34396B20A384669AAD6D03C6A01521578BE5","MATERIAL STATE SYSTEM | Base identity | States | State changes must have causes. | State persistence"
"CORE\material_substitution_rules.md","0","0","E3B0C44298FC1C149AFBF4C8996FB92427AE41E4649B934CA495991B7852B855",""
"CORE\material_system.md","1403","1401","BD7CF0E38CF6A563086E3017F1FC60414CA4AED6B36CDFD58AF7092F35D4B5BD","MATERIALS SYSTEM | Domain boundaries | Material identity | Core principle"
"EARTHEN_AND_CERAMIC\ceramic.md","0","0","E3B0C44298FC1C149AFBF4C8996FB92427AE41E4649B934CA495991B7852B855",""
"EARTHEN_AND_CERAMIC\fired_clay.md","0","0","E3B0C44298FC1C149AFBF4C8996FB92427AE41E4649B934CA495991B7852B855",""
"EARTHEN_AND_CERAMIC\glazed_surfaces.md","0","0","E3B0C44298FC1C149AFBF4C8996FB92427AE41E4649B934CA495991B7852B855",""
"EARTHEN_AND_CERAMIC\pottery.md","0","0","E3B0C44298FC1C149AFBF4C8996FB92427AE41E4649B934CA495991B7852B855",""
"EARTHEN_AND_CERAMIC\terracotta.md","0","0","E3B0C44298FC1C149AFBF4C8996FB92427AE41E4649B934CA495991B7852B855",""
"GLASS_AND_MINERAL_MATERIALS\crystal.md","0","0","E3B0C44298FC1C149AFBF4C8996FB92427AE41E4649B934CA495991B7852B855",""
"GLASS_AND_MINERAL_MATERIALS\gemstone.md","0","0","E3B0C44298FC1C149AFBF4C8996FB92427AE41E4649B934CA495991B7852B855",""
"GLASS_AND_MINERAL_MATERIALS\glass.md","0","0","E3B0C44298FC1C149AFBF4C8996FB92427AE41E4649B934CA495991B7852B855",""
"GLASS_AND_MINERAL_MATERIALS\mica.md","0","0","E3B0C44298FC1C149AFBF4C8996FB92427AE41E4649B934CA495991B7852B855",""
"GLASS_AND_MINERAL_MATERIALS\mineral_surfaces.md","0","0","E3B0C44298FC1C149AFBF4C8996FB92427AE41E4649B934CA495991B7852B855",""
"GLASS_AND_MINERAL_MATERIALS\pearl.md","0","0","E3B0C44298FC1C149AFBF4C8996FB92427AE41E4649B934CA495991B7852B855",""
"LEATHER_AND_ANIMAL_MATERIALS\bone.md","0","0","E3B0C44298FC1C149AFBF4C8996FB92427AE41E4649B934CA495991B7852B855",""
"LEATHER_AND_ANIMAL_MATERIALS\feather_material.md","0","0","E3B0C44298FC1C149AFBF4C8996FB92427AE41E4649B934CA495991B7852B855",""
"LEATHER_AND_ANIMAL_MATERIALS\hide.md","0","0","E3B0C44298FC1C149AFBF4C8996FB92427AE41E4649B934CA495991B7852B855",""
"LEATHER_AND_ANIMAL_MATERIALS\horn.md","0","0","E3B0C44298FC1C149AFBF4C8996FB92427AE41E4649B934CA495991B7852B855",""
"LEATHER_AND_ANIMAL_MATERIALS\ivory_research.md","0","0","E3B0C44298FC1C149AFBF4C8996FB92427AE41E4649B934CA495991B7852B855",""
"LEATHER_AND_ANIMAL_MATERIALS\leather.md","0","0","E3B0C44298FC1C149AFBF4C8996FB92427AE41E4649B934CA495991B7852B855",""
"LEATHER_AND_ANIMAL_MATERIALS\shell.md","0","0","E3B0C44298FC1C149AFBF4C8996FB92427AE41E4649B934CA495991B7852B855",""
"MATERIAL_COMBINATIONS\composite_materials.md","0","0","E3B0C44298FC1C149AFBF4C8996FB92427AE41E4649B934CA495991B7852B855",""
"MATERIAL_COMBINATIONS\glass_metal.md","0","0","E3B0C44298FC1C149AFBF4C8996FB92427AE41E4649B934CA495991B7852B855",""
"MATERIAL_COMBINATIONS\metal_stone.md","0","0","E3B0C44298FC1C149AFBF4C8996FB92427AE41E4649B934CA495991B7852B855",""
"MATERIAL_COMBINATIONS\metal_wood.md","0","0","E3B0C44298FC1C149AFBF4C8996FB92427AE41E4649B934CA495991B7852B855",""
"MATERIAL_COMBINATIONS\stone_wood.md","0","0","E3B0C44298FC1C149AFBF4C8996FB92427AE41E4649B934CA495991B7852B855",""
"MATERIAL_COMBINATIONS\textile_leather.md","0","0","E3B0C44298FC1C149AFBF4C8996FB92427AE41E4649B934CA495991B7852B855",""
"MATERIAL_COMBINATIONS\textile_metal.md","0","0","E3B0C44298FC1C149AFBF4C8996FB92427AE41E4649B934CA495991B7852B855",""
"MATERIAL_COMBINATIONS\wood_textile.md","0","0","E3B0C44298FC1C149AFBF4C8996FB92427AE41E4649B934CA495991B7852B855",""
"MATERIAL_INTERACTION\cold_interaction.md","0","0","E3B0C44298FC1C149AFBF4C8996FB92427AE41E4649B934CA495991B7852B855",""
"MATERIAL_INTERACTION\contact_interaction.md","0","0","E3B0C44298FC1C149AFBF4C8996FB92427AE41E4649B934CA495991B7852B855",""
"MATERIAL_INTERACTION\dust_interaction.md","0","0","E3B0C44298FC1C149AFBF4C8996FB92427AE41E4649B934CA495991B7852B855",""
"MATERIAL_INTERACTION\fire_interaction.md","0","0","E3B0C44298FC1C149AFBF4C8996FB92427AE41E4649B934CA495991B7852B855",""
"MATERIAL_INTERACTION\heat_interaction.md","0","0","E3B0C44298FC1C149AFBF4C8996FB92427AE41E4649B934CA495991B7852B855",""
"MATERIAL_INTERACTION\moonlight_interaction.md","0","0","E3B0C44298FC1C149AFBF4C8996FB92427AE41E4649B934CA495991B7852B855",""
"MATERIAL_INTERACTION\smoke_interaction.md","0","0","E3B0C44298FC1C149AFBF4C8996FB92427AE41E4649B934CA495991B7852B855",""
"MATERIAL_INTERACTION\sunlight_interaction.md","0","0","E3B0C44298FC1C149AFBF4C8996FB92427AE41E4649B934CA495991B7852B855",""
"MATERIAL_INTERACTION\water_interaction.md","0","0","E3B0C44298FC1C149AFBF4C8996FB92427AE41E4649B934CA495991B7852B855",""
"MATERIAL_INTERACTION\wind_interaction.md","0","0","E3B0C44298FC1C149AFBF4C8996FB92427AE41E4649B934CA495991B7852B855",""
"MATERIAL_STATES\aging.md","0","0","E3B0C44298FC1C149AFBF4C8996FB92427AE41E4649B934CA495991B7852B855",""
"MATERIAL_STATES\biological_growth.md","0","0","E3B0C44298FC1C149AFBF4C8996FB92427AE41E4649B934CA495991B7852B855",""
"MATERIAL_STATES\damage.md","0","0","E3B0C44298FC1C149AFBF4C8996FB92427AE41E4649B934CA495991B7852B855",""
"MATERIAL_STATES\destruction.md","0","0","E3B0C44298FC1C149AFBF4C8996FB92427AE41E4649B934CA495991B7852B855",""
"MATERIAL_STATES\fire_damage.md","0","0","E3B0C44298FC1C149AFBF4C8996FB92427AE41E4649B934CA495991B7852B855",""
"MATERIAL_STATES\normal_use.md","0","0","E3B0C44298FC1C149AFBF4C8996FB92427AE41E4649B934CA495991B7852B855",""
"MATERIAL_STATES\pristine.md","0","0","E3B0C44298FC1C149AFBF4C8996FB92427AE41E4649B934CA495991B7852B855",""
"MATERIAL_STATES\repair.md","0","0","E3B0C44298FC1C149AFBF4C8996FB92427AE41E4649B934CA495991B7852B855",""
"MATERIAL_STATES\restoration.md","0","0","E3B0C44298FC1C149AFBF4C8996FB92427AE41E4649B934CA495991B7852B855",""
"MATERIAL_STATES\water_damage.md","0","0","E3B0C44298FC1C149AFBF4C8996FB92427AE41E4649B934CA495991B7852B855",""
"MATERIAL_STATES\weathering.md","0","0","E3B0C44298FC1C149AFBF4C8996FB92427AE41E4649B934CA495991B7852B855",""
"METALS\brass.md","0","0","E3B0C44298FC1C149AFBF4C8996FB92427AE41E4649B934CA495991B7852B855",""
"METALS\bronze.md","0","0","E3B0C44298FC1C149AFBF4C8996FB92427AE41E4649B934CA495991B7852B855",""
"METALS\copper.md","0","0","E3B0C44298FC1C149AFBF4C8996FB92427AE41E4649B934CA495991B7852B855",""
"METALS\gold.md","0","0","E3B0C44298FC1C149AFBF4C8996FB92427AE41E4649B934CA495991B7852B855",""
"METALS\iron.md","0","0","E3B0C44298FC1C149AFBF4C8996FB92427AE41E4649B934CA495991B7852B855",""
"METALS\silver.md","0","0","E3B0C44298FC1C149AFBF4C8996FB92427AE41E4649B934CA495991B7852B855",""
"METALS\steel.md","0","0","E3B0C44298FC1C149AFBF4C8996FB92427AE41E4649B934CA495991B7852B855",""
"ORGANIC_AND_NATURAL\flowers.md","0","0","E3B0C44298FC1C149AFBF4C8996FB92427AE41E4649B934CA495991B7852B855",""
"ORGANIC_AND_NATURAL\leaves.md","0","0","E3B0C44298FC1C149AFBF4C8996FB92427AE41E4649B934CA495991B7852B855",""
"ORGANIC_AND_NATURAL\organic_decay.md","0","0","E3B0C44298FC1C149AFBF4C8996FB92427AE41E4649B934CA495991B7852B855",""
"ORGANIC_AND_NATURAL\resin.md","0","0","E3B0C44298FC1C149AFBF4C8996FB92427AE41E4649B934CA495991B7852B855",""
"ORGANIC_AND_NATURAL\sap.md","0","0","E3B0C44298FC1C149AFBF4C8996FB92427AE41E4649B934CA495991B7852B855",""
"ORGANIC_AND_NATURAL\wax.md","0","0","E3B0C44298FC1C149AFBF4C8996FB92427AE41E4649B934CA495991B7852B855",""
"PHYSICAL_PROPERTIES\absorption.md","0","0","E3B0C44298FC1C149AFBF4C8996FB92427AE41E4649B934CA495991B7852B855",""
"PHYSICAL_PROPERTIES\density.md","0","0","E3B0C44298FC1C149AFBF4C8996FB92427AE41E4649B934CA495991B7852B855",""
"PHYSICAL_PROPERTIES\electrical_behavior.md","0","0","E3B0C44298FC1C149AFBF4C8996FB92427AE41E4649B934CA495991B7852B855",""
"PHYSICAL_PROPERTIES\hardness.md","0","0","E3B0C44298FC1C149AFBF4C8996FB92427AE41E4649B934CA495991B7852B855",""
"PHYSICAL_PROPERTIES\mechanical_behavior.md","0","0","E3B0C44298FC1C149AFBF4C8996FB92427AE41E4649B934CA495991B7852B855",""
"PHYSICAL_PROPERTIES\reflectivity.md","0","0","E3B0C44298FC1C149AFBF4C8996FB92427AE41E4649B934CA495991B7852B855",""
"PHYSICAL_PROPERTIES\roughness.md","0","0","E3B0C44298FC1C149AFBF4C8996FB92427AE41E4649B934CA495991B7852B855",""
"PHYSICAL_PROPERTIES\scattering.md","0","0","E3B0C44298FC1C149AFBF4C8996FB92427AE41E4649B934CA495991B7852B855",""
"PHYSICAL_PROPERTIES\surface_behavior.md","0","0","E3B0C44298FC1C149AFBF4C8996FB92427AE41E4649B934CA495991B7852B855",""
"PHYSICAL_PROPERTIES\thermal_behavior.md","0","0","E3B0C44298FC1C149AFBF4C8996FB92427AE41E4649B934CA495991B7852B855",""
"PHYSICAL_PROPERTIES\translucency.md","0","0","E3B0C44298FC1C149AFBF4C8996FB92427AE41E4649B934CA495991B7852B855",""
"PHYSICAL_PROPERTIES\transparency.md","0","0","E3B0C44298FC1C149AFBF4C8996FB92427AE41E4649B934CA495991B7852B855",""
"REFERENCES\historical_reference.md","0","0","E3B0C44298FC1C149AFBF4C8996FB92427AE41E4649B934CA495991B7852B855",""
"REFERENCES\material_reference_policy.md","0","0","E3B0C44298FC1C149AFBF4C8996FB92427AE41E4649B934CA495991B7852B855",""
"REFERENCES\physical_reference.md","0","0","E3B0C44298FC1C149AFBF4C8996FB92427AE41E4649B934CA495991B7852B855",""
"REFERENCES\reference_index.md","0","0","E3B0C44298FC1C149AFBF4C8996FB92427AE41E4649B934CA495991B7852B855",""
"REFERENCES\traditional_reference.md","0","0","E3B0C44298FC1C149AFBF4C8996FB92427AE41E4649B934CA495991B7852B855",""
"REGISTRIES\material_master_registry.md","0","0","E3B0C44298FC1C149AFBF4C8996FB92427AE41E4649B934CA495991B7852B855",""
"REGISTRIES\material_reference_registry.md","0","0","E3B0C44298FC1C149AFBF4C8996FB92427AE41E4649B934CA495991B7852B855",""
"REGISTRIES\material_state_registry.md","0","0","E3B0C44298FC1C149AFBF4C8996FB92427AE41E4649B934CA495991B7852B855",""
"REGISTRIES\material_usage_registry.md","0","0","E3B0C44298FC1C149AFBF4C8996FB92427AE41E4649B934CA495991B7852B855",""
"RENDERING\albedo.md","0","0","E3B0C44298FC1C149AFBF4C8996FB92427AE41E4649B934CA495991B7852B855",""
"RENDERING\anisotropy.md","0","0","E3B0C44298FC1C149AFBF4C8996FB92427AE41E4649B934CA495991B7852B855",""
"RENDERING\clearcoat.md","0","0","E3B0C44298FC1C149AFBF4C8996FB92427AE41E4649B934CA495991B7852B855",""
"RENDERING\displacement.md","0","0","E3B0C44298FC1C149AFBF4C8996FB92427AE41E4649B934CA495991B7852B855",""
"RENDERING\material_shader_rules.md","0","0","E3B0C44298FC1C149AFBF4C8996FB92427AE41E4649B934CA495991B7852B855",""
"RENDERING\metallic_workflow.md","0","0","E3B0C44298FC1C149AFBF4C8996FB92427AE41E4649B934CA495991B7852B855",""
"RENDERING\normal_maps.md","0","0","E3B0C44298FC1C149AFBF4C8996FB92427AE41E4649B934CA495991B7852B855",""
"RENDERING\physically_based_materials.md","0","0","E3B0C44298FC1C149AFBF4C8996FB92427AE41E4649B934CA495991B7852B855",""
"RENDERING\roughness_maps.md","0","0","E3B0C44298FC1C149AFBF4C8996FB92427AE41E4649B934CA495991B7852B855",""
"RENDERING\sheen.md","0","0","E3B0C44298FC1C149AFBF4C8996FB92427AE41E4649B934CA495991B7852B855",""
"RENDERING\subsurface_scattering.md","0","0","E3B0C44298FC1C149AFBF4C8996FB92427AE41E4649B934CA495991B7852B855",""
"RENDERING\transmission.md","0","0","E3B0C44298FC1C149AFBF4C8996FB92427AE41E4649B934CA495991B7852B855",""
"STONE_AND_EARTH\basalt.md","0","0","E3B0C44298FC1C149AFBF4C8996FB92427AE41E4649B934CA495991B7852B855",""
"STONE_AND_EARTH\clay.md","0","0","E3B0C44298FC1C149AFBF4C8996FB92427AE41E4649B934CA495991B7852B855",""
"STONE_AND_EARTH\granite.md","0","0","E3B0C44298FC1C149AFBF4C8996FB92427AE41E4649B934CA495991B7852B855",""
"STONE_AND_EARTH\gravel.md","0","0","E3B0C44298FC1C149AFBF4C8996FB92427AE41E4649B934CA495991B7852B855",""
"STONE_AND_EARTH\limestone.md","0","0","E3B0C44298FC1C149AFBF4C8996FB92427AE41E4649B934CA495991B7852B855",""
"STONE_AND_EARTH\marble.md","0","0","E3B0C44298FC1C149AFBF4C8996FB92427AE41E4649B934CA495991B7852B855",""
"STONE_AND_EARTH\mud.md","0","0","E3B0C44298FC1C149AFBF4C8996FB92427AE41E4649B934CA495991B7852B855",""
"STONE_AND_EARTH\natural_rock.md","0","0","E3B0C44298FC1C149AFBF4C8996FB92427AE41E4649B934CA495991B7852B855",""
"STONE_AND_EARTH\sandstone.md","0","0","E3B0C44298FC1C149AFBF4C8996FB92427AE41E4649B934CA495991B7852B855",""
"STONE_AND_EARTH\slate.md","0","0","E3B0C44298FC1C149AFBF4C8996FB92427AE41E4649B934CA495991B7852B855",""
"STONE_AND_EARTH\soil.md","0","0","E3B0C44298FC1C149AFBF4C8996FB92427AE41E4649B934CA495991B7852B855",""
"SURFACE_BEHAVIOR\ash.md","0","0","E3B0C44298FC1C149AFBF4C8996FB92427AE41E4649B934CA495991B7852B855",""
"SURFACE_BEHAVIOR\chipped.md","0","0","E3B0C44298FC1C149AFBF4C8996FB92427AE41E4649B934CA495991B7852B855",""
"SURFACE_BEHAVIOR\cracked.md","0","0","E3B0C44298FC1C149AFBF4C8996FB92427AE41E4649B934CA495991B7852B855",""
"SURFACE_BEHAVIOR\dented.md","0","0","E3B0C44298FC1C149AFBF4C8996FB92427AE41E4649B934CA495991B7852B855",""
"SURFACE_BEHAVIOR\dusty.md","0","0","E3B0C44298FC1C149AFBF4C8996FB92427AE41E4649B934CA495991B7852B855",""
"SURFACE_BEHAVIOR\glossy.md","0","0","E3B0C44298FC1C149AFBF4C8996FB92427AE41E4649B934CA495991B7852B855",""
"SURFACE_BEHAVIOR\matte.md","0","0","E3B0C44298FC1C149AFBF4C8996FB92427AE41E4649B934CA495991B7852B855",""
"SURFACE_BEHAVIOR\muddy.md","0","0","E3B0C44298FC1C149AFBF4C8996FB92427AE41E4649B934CA495991B7852B855",""
"SURFACE_BEHAVIOR\oily.md","0","0","E3B0C44298FC1C149AFBF4C8996FB92427AE41E4649B934CA495991B7852B855",""
"SURFACE_BEHAVIOR\polished.md","0","0","E3B0C44298FC1C149AFBF4C8996FB92427AE41E4649B934CA495991B7852B855",""
"SURFACE_BEHAVIOR\residue.md","0","0","E3B0C44298FC1C149AFBF4C8996FB92427AE41E4649B934CA495991B7852B855",""
"SURFACE_BEHAVIOR\rough.md","0","0","E3B0C44298FC1C149AFBF4C8996FB92427AE41E4649B934CA495991B7852B855",""
"SURFACE_BEHAVIOR\scratched.md","0","0","E3B0C44298FC1C149AFBF4C8996FB92427AE41E4649B934CA495991B7852B855",""
"SURFACE_BEHAVIOR\soot.md","0","0","E3B0C44298FC1C149AFBF4C8996FB92427AE41E4649B934CA495991B7852B855",""
"SURFACE_BEHAVIOR\stained.md","0","0","E3B0C44298FC1C149AFBF4C8996FB92427AE41E4649B934CA495991B7852B855",""
"SURFACE_BEHAVIOR\wet.md","0","0","E3B0C44298FC1C149AFBF4C8996FB92427AE41E4649B934CA495991B7852B855",""
"SURFACE_BEHAVIOR\worn.md","0","0","E3B0C44298FC1C149AFBF4C8996FB92427AE41E4649B934CA495991B7852B855",""
"TEXTILES_AND_FIBERS\cotton.md","0","0","E3B0C44298FC1C149AFBF4C8996FB92427AE41E4649B934CA495991B7852B855",""
"TEXTILES_AND_FIBERS\embroidery_materials.md","0","0","E3B0C44298FC1C149AFBF4C8996FB92427AE41E4649B934CA495991B7852B855",""
"TEXTILES_AND_FIBERS\hemp.md","0","0","E3B0C44298FC1C149AFBF4C8996FB92427AE41E4649B934CA495991B7852B855",""
"TEXTILES_AND_FIBERS\jute.md","0","0","E3B0C44298FC1C149AFBF4C8996FB92427AE41E4649B934CA495991B7852B855",""
"TEXTILES_AND_FIBERS\knitted_structure.md","0","0","E3B0C44298FC1C149AFBF4C8996FB92427AE41E4649B934CA495991B7852B855",""
"TEXTILES_AND_FIBERS\linen.md","0","0","E3B0C44298FC1C149AFBF4C8996FB92427AE41E4649B934CA495991B7852B855",""
"TEXTILES_AND_FIBERS\natural_fibers.md","0","0","E3B0C44298FC1C149AFBF4C8996FB92427AE41E4649B934CA495991B7852B855",""
"TEXTILES_AND_FIBERS\silk.md","0","0","E3B0C44298FC1C149AFBF4C8996FB92427AE41E4649B934CA495991B7852B855",""
"TEXTILES_AND_FIBERS\textile_surface_behavior.md","0","0","E3B0C44298FC1C149AFBF4C8996FB92427AE41E4649B934CA495991B7852B855",""
"TEXTILES_AND_FIBERS\wool.md","0","0","E3B0C44298FC1C149AFBF4C8996FB92427AE41E4649B934CA495991B7852B855",""
"TEXTILES_AND_FIBERS\woven_structure.md","0","0","E3B0C44298FC1C149AFBF4C8996FB92427AE41E4649B934CA495991B7852B855",""
"TEXTURE\photographic_textures.md","0","0","E3B0C44298FC1C149AFBF4C8996FB92427AE41E4649B934CA495991B7852B855",""
"TEXTURE\procedural_textures.md","0","0","E3B0C44298FC1C149AFBF4C8996FB92427AE41E4649B934CA495991B7852B855",""
"TEXTURE\texel_density.md","0","0","E3B0C44298FC1C149AFBF4C8996FB92427AE41E4649B934CA495991B7852B855",""
"TEXTURE\texture_artifact_control.md","0","0","E3B0C44298FC1C149AFBF4C8996FB92427AE41E4649B934CA495991B7852B855",""
"TEXTURE\texture_repetition.md","0","0","E3B0C44298FC1C149AFBF4C8996FB92427AE41E4649B934CA495991B7852B855",""
"TEXTURE\texture_resolution.md","0","0","E3B0C44298FC1C149AFBF4C8996FB92427AE41E4649B934CA495991B7852B855",""
"TEXTURE\texture_scale.md","0","0","E3B0C44298FC1C149AFBF4C8996FB92427AE41E4649B934CA495991B7852B855",""
"TEXTURE\texture_variation.md","0","0","E3B0C44298FC1C149AFBF4C8996FB92427AE41E4649B934CA495991B7852B855",""
"WOOD_AND_PLANT_MATERIALS\bamboo.md","0","0","E3B0C44298FC1C149AFBF4C8996FB92427AE41E4649B934CA495991B7852B855",""
"WOOD_AND_PLANT_MATERIALS\bark.md","0","0","E3B0C44298FC1C149AFBF4C8996FB92427AE41E4649B934CA495991B7852B855",""
"WOOD_AND_PLANT_MATERIALS\cane.md","0","0","E3B0C44298FC1C149AFBF4C8996FB92427AE41E4649B934CA495991B7852B855",""
"WOOD_AND_PLANT_MATERIALS\hardwood.md","0","0","E3B0C44298FC1C149AFBF4C8996FB92427AE41E4649B934CA495991B7852B855",""
"WOOD_AND_PLANT_MATERIALS\palm_materials.md","0","0","E3B0C44298FC1C149AFBF4C8996FB92427AE41E4649B934CA495991B7852B855",""
"WOOD_AND_PLANT_MATERIALS\plant_fibers.md","0","0","E3B0C44298FC1C149AFBF4C8996FB92427AE41E4649B934CA495991B7852B855",""
"WOOD_AND_PLANT_MATERIALS\softwood.md","0","0","E3B0C44298FC1C149AFBF4C8996FB92427AE41E4649B934CA495991B7852B855",""
