"File","Section","Action"
"README.md","LEGACY_SYSTEM_AUTHORITY","APPENDED"
"01_CORE\source_classification.md","LEGACY_EVIDENCE_RULES","APPENDED"
"02_MATERIAL_DATABASE\03_source_and_evidence_rules.md","LEGACY_EVIDENCE_TRACEABILITY","APPENDED"
"01_CORE\material_identity.md","LEGACY_IDENTITY_LOCK","APPENDED"
"01_CORE\material_master.md","LEGACY_MATERIAL_SYSTEM","APPENDED"
"10_CONTINUITY_QA\realism_qa.md","LEGACY_MATERIAL_QA","APPENDED"
"11_PRODUCTION_HANDOFF\render_validation.md","LEGACY_RENDER_VALIDATION","APPENDED"
"06_STATES\material_state_model.md","LEGACY_STATE_MODEL","APPENDED"
"06_STATES\state_transitions.md","LEGACY_STATE_TRANSITIONS","APPENDED"
"10_CONTINUITY_QA\material_continuity.md","LEGACY_CONTINUITY_LOCK","APPENDED"
