"File","Section","Status","Detail"
"README.md","LEGACY_SYSTEM_AUTHORITY","RULES_ADDED_REVIEW_REQUIRED","Additive migration controls appended; source comparison and sign-off remain necessary."
"01_CORE\source_classification.md","LEGACY_EVIDENCE_RULES","RULES_ADDED_REVIEW_REQUIRED","Additive migration controls appended; source comparison and sign-off remain necessary."
"02_MATERIAL_DATABASE\03_source_and_evidence_rules.md","LEGACY_EVIDENCE_TRACEABILITY","RULES_ADDED_REVIEW_REQUIRED","Additive migration controls appended; source comparison and sign-off remain necessary."
"01_CORE\material_identity.md","LEGACY_IDENTITY_LOCK","RULES_ADDED_REVIEW_REQUIRED","Additive migration controls appended; source comparison and sign-off remain necessary."
"01_CORE\material_master.md","LEGACY_MATERIAL_SYSTEM","RULES_ADDED_REVIEW_REQUIRED","Additive migration controls appended; source comparison and sign-off remain necessary."
"10_CONTINUITY_QA\realism_qa.md","LEGACY_MATERIAL_QA","RULES_ADDED_REVIEW_REQUIRED","Additive migration controls appended; source comparison and sign-off remain necessary."
"11_PRODUCTION_HANDOFF\render_validation.md","LEGACY_RENDER_VALIDATION","RULES_ADDED_REVIEW_REQUIRED","Additive migration controls appended; source comparison and sign-off remain necessary."
"06_STATES\material_state_model.md","LEGACY_STATE_MODEL","RULES_ADDED_REVIEW_REQUIRED","Additive migration controls appended; source comparison and sign-off remain necessary."
"06_STATES\state_transitions.md","LEGACY_STATE_TRANSITIONS","RULES_ADDED_REVIEW_REQUIRED","Additive migration controls appended; source comparison and sign-off remain necessary."
"10_CONTINUITY_QA\material_continuity.md","LEGACY_CONTINUITY_LOCK","RULES_ADDED_REVIEW_REQUIRED","Additive migration controls appended; source comparison and sign-off remain necessary."
