"research_id","material_id","feature_id","question","evidence_classification","source_reference","measurement_method","uncertainty","validity_range","status","owner","reviewer","closure_evidence"
"SRQ-0001","UNASSIGNED","UNASSIGNED","Identify authoritative material-specific surface structure evidence","unknown","UNVERIFIED","UNVERIFIED","UNKNOWN","UNKNOWN","OPEN","UNASSIGNED","UNASSIGNED","NOT YET PROVIDED"
"SRQ-0002","UNASSIGNED","UNASSIGNED","Determine physical feature dimensions and distributions","unknown","UNVERIFIED","UNVERIFIED","UNKNOWN","UNKNOWN","OPEN","UNASSIGNED","UNASSIGNED","NOT YET PROVIDED"
"SRQ-0003","UNASSIGNED","UNASSIGNED","Determine relevant scale-dependent optical effects","unknown","UNVERIFIED","UNVERIFIED","UNKNOWN","UNKNOWN","OPEN","UNASSIGNED","UNASSIGNED","NOT YET PROVIDED"
"SRQ-0004","UNASSIGNED","UNASSIGNED","Determine layer topology and surface-interface structure where applicable","unknown","UNVERIFIED","UNVERIFIED","UNKNOWN","UNKNOWN","OPEN","UNASSIGNED","UNASSIGNED","NOT YET PROVIDED"
"SRQ-0005","UNASSIGNED","UNASSIGNED","Validate procedural distributions against evidence or label as reconstruction","unknown","UNVERIFIED","UNVERIFIED","UNKNOWN","UNKNOWN","OPEN","UNASSIGNED","UNASSIGNED","NOT YET PROVIDED"
"SRQ-0006","FAMILY_STONE_UNASSIGNED","STONE_SURFACE_FEATURES","Identify scene-used stone identities and source-supported grain, pore, fracture, cleavage and weathering scales","unknown","SRC-SURF-001; SRC-SURF-002; material-specific source required","specimen metrology or traceable material-specific literature","NOT ESTABLISHED","material and state specific","OPEN","UNASSIGNED","UNASSIGNED","NOT PROVIDED"
"SRQ-0007","FAMILY_EARTH_UNASSIGNED","EARTH_PARTICLE_STRUCTURE","Identify scene-used soil or sediment and establish particle, clumping and moisture-state evidence","unknown","SRC-SURF-001; material-specific source required","particle-size evidence or traceable specimen study","NOT ESTABLISHED","sediment and moisture state specific","OPEN","UNASSIGNED","UNASSIGNED","NOT PROVIDED"
"SRQ-0008","FAMILY_WOOD_UNASSIGNED","WOOD_ANATOMICAL_STRUCTURE","Identify wood species where supportable and establish grain, vessel and cut-surface evidence","unknown","material-specific botanical/wood anatomy source required","specimen microscopy or traceable wood anatomy reference","NOT ESTABLISHED","species and cut orientation specific","OPEN","UNASSIGNED","UNASSIGNED","NOT PROVIDED"
"SRQ-0009","FAMILY_METAL_UNASSIGNED","METAL_FINISH_STRUCTURE","Determine scene-relevant metal identity and distinguish polish, fabrication marks, corrosion and coating","unknown","SRC-SURF-001; material-specific metallurgy/finish source required","surface metrology or traceable material/finish reference","NOT ESTABLISHED","alloy, finish and aging state specific","OPEN","UNASSIGNED","UNASSIGNED","NOT PROVIDED"
"SRQ-0010","FAMILY_CERAMIC_UNASSIGNED","CERAMIC_POROSITY_AND_FINISH","Determine body, firing/processing and surface finish before defining pores, inclusions or glaze layers","unknown","material-specific ceramic technology source required","specimen study or traceable ceramic reference","NOT ESTABLISHED","body and finish specific","OPEN","UNASSIGNED","UNASSIGNED","NOT PROVIDED"
"SRQ-0011","FAMILY_TEXTILE_UNASSIGNED","TEXTILE_WEAVE_AND_FIBRE","Determine fibre and weave identity, yarn scale, surface fuzz and finish for actual costume/prop textiles","unknown","material-specific textile analysis required","weave analysis or traceable textile reference","NOT ESTABLISHED","fibre, weave and finish specific","OPEN","UNASSIGNED","UNASSIGNED","NOT PROVIDED"
"SRQ-0012","FAMILY_LEATHER_BONE_SHELL_UNASSIGNED","ORGANIC_HARD_TISSUE_SURFACE","Separate the identity and surface structure of each scene-used leather, bone, horn or shell material","unknown","material-specific biological/material source required","specimen study or traceable anatomy/material reference","NOT ESTABLISHED","material and processing state specific","OPEN","UNASSIGNED","UNASSIGNED","NOT PROVIDED"
"SRQ-0013","FAMILY_ASH_RESIDUE_UNASSIGNED","PARTICULATE_RESIDUE_STRUCTURE","Identify the residue and substrate, then determine particle distribution, adhesion and state-dependent appearance","unknown","material-specific combustion/particle source required","particle characterization or traceable specimen reference","NOT ESTABLISHED","residue, substrate and environmental state specific","OPEN","UNASSIGNED","UNASSIGNED","NOT PROVIDED"
