research_id, material_id       , feature_id  , material_family_id, question                                                                                                         , evidence_classification, source_reference                                                                         , measurement_method                                                      , uncertainty    , validity_range                                                           , status, owner     , reviewer  , closure_evidence, next_action
SRQ-0001   , UNASSIGNED        , UNASSIGNED  , GENERAL           , Identify authoritative material-specific surface-structure evidence                                              , UNKNOWN                , See surface_evidence_source_register_REPAIRED.md; material-specific source still required, NOT SELECTED — choose method after material identity and scale are known, NOT ESTABLISHED, "Material-, state-, orientation- and scale-specific; not yet established", OPEN  , UNASSIGNED, UNASSIGNED, NOT PROVIDED    , "Locate material-specific primary literature, standards, collection/specimen documentation or traceable measurements."
SRQ-0002   , UNASSIGNED        , UNASSIGNED  , GENERAL           , Determine feature dimensions and distributions                                                                   , UNKNOWN                , See surface_evidence_source_register_REPAIRED.md; material-specific source still required, NOT SELECTED — choose method after material identity and scale are known, NOT ESTABLISHED, "Material-, state-, orientation- and scale-specific; not yet established", OPEN  , UNASSIGNED, UNASSIGNED, NOT PROVIDED    , "Record sampling scale, instrument/method, units, number/location of measurements and uncertainty; do not invent dimensions."
SRQ-0003   , UNASSIGNED        , UNASSIGNED  , GENERAL           , Determine scale-dependent optical effects                                                                        , UNKNOWN                , See surface_evidence_source_register_REPAIRED.md; material-specific source still required, NOT SELECTED — choose method after material identity and scale are known, NOT ESTABLISHED, "Material-, state-, orientation- and scale-specific; not yet established", OPEN  , UNASSIGNED, UNASSIGNED, NOT PROVIDED    , Use measured material data where available; distinguish physical evidence from artistic reconstruction.
SRQ-0004   , UNASSIGNED        , UNASSIGNED  , GENERAL           , Determine layer topology and interface structure where applicable                                                , UNKNOWN                , See surface_evidence_source_register_REPAIRED.md; material-specific source still required, NOT SELECTED — choose method after material identity and scale are known, NOT ESTABLISHED, "Material-, state-, orientation- and scale-specific; not yet established", OPEN  , UNASSIGNED, UNASSIGNED, NOT PROVIDED    , "Document layer order, adhesion/interface evidence and whether layering is observed, sourced or hypothesized."
SRQ-0005   , UNASSIGNED        , UNASSIGNED  , GENERAL           , Validate procedural distributions against evidence or label as reconstruction                                    , UNKNOWN                , See surface_evidence_source_register_REPAIRED.md; material-specific source still required, NOT SELECTED — choose method after material identity and scale are known, NOT ESTABLISHED, "Material-, state-, orientation- and scale-specific; not yet established", OPEN  , UNASSIGNED, UNASSIGNED, NOT PROVIDED    , Compare generated statistics against traceable references or mark the result ARTISTIC_RECONSTRUCTION with rationale.
SRQ-0006   , FAMILY_PLACEHOLDER, 001_FEATURES, FAM-SURF-001      , "Identify scene-used stone identities and source-supported grain, pore, fracture, cleavage and weathering scales", UNKNOWN                , See surface_evidence_source_register_REPAIRED.md; material-specific source still required, NOT SELECTED — choose method after material identity and scale are known, NOT ESTABLISHED, "Material-, state-, orientation- and scale-specific; not yet established", OPEN  , UNASSIGNED, UNASSIGNED, NOT PROVIDED    , Identify asset/material assignment first; then gather material-specific metrology or literature.
SRQ-0007   , FAMILY_PLACEHOLDER, 002_FEATURES, FAM-SURF-002      , "Identify scene-used soil/sediment and establish particle, clumping and moisture-state evidence"                 , UNKNOWN                , See surface_evidence_source_register_REPAIRED.md; material-specific source still required, NOT SELECTED — choose method after material identity and scale are known, NOT ESTABLISHED, "Material-, state-, orientation- and scale-specific; not yet established", OPEN  , UNASSIGNED, UNASSIGNED, NOT PROVIDED    , Identify sediment and state; collect particle-size or specimen evidence.
SRQ-0008   , FAMILY_PLACEHOLDER, 003_FEATURES, FAM-SURF-003      , "Identify wood species where supportable and establish grain, vessel and cut-surface evidence"                   , UNKNOWN                , See surface_evidence_source_register_REPAIRED.md; material-specific source still required, NOT SELECTED — choose method after material identity and scale are known, NOT ESTABLISHED, "Material-, state-, orientation- and scale-specific; not yet established", OPEN  , UNASSIGNED, UNASSIGNED, NOT PROVIDED    , Link to asset and species/anatomy evidence; otherwise retain FAMILY_LEVEL_ONLY or MULTIPLE_POSSIBILITIES.
SRQ-0009   , FAMILY_PLACEHOLDER, 004_FEATURES, FAM-SURF-004      , "Determine scene-relevant metal identity and distinguish polish, fabrication marks, corrosion and coating"       , UNKNOWN                , See surface_evidence_source_register_REPAIRED.md; material-specific source still required, NOT SELECTED — choose method after material identity and scale are known, NOT ESTABLISHED, "Material-, state-, orientation- and scale-specific; not yet established", OPEN  , UNASSIGNED, UNASSIGNED, NOT PROVIDED    , Identify metal/alloy and finish before assigning optical or geometric parameters.
SRQ-0010   , FAMILY_PLACEHOLDER, 005_FEATURES, FAM-SURF-005      , "Determine ceramic body, firing/processing and finish before defining pores, inclusions or glaze layers"         , UNKNOWN                , See surface_evidence_source_register_REPAIRED.md; material-specific source still required, NOT SELECTED — choose method after material identity and scale are known, NOT ESTABLISHED, "Material-, state-, orientation- and scale-specific; not yet established", OPEN  , UNASSIGNED, UNASSIGNED, NOT PROVIDED    , Identify body and finish as separate records; document layer topology if present.
SRQ-0011   , FAMILY_PLACEHOLDER, 006_FEATURES, FAM-SURF-006      , "Determine fibre and weave identity, yarn scale, surface fuzz and finish for actual textiles"                    , UNKNOWN                , See surface_evidence_source_register_REPAIRED.md; material-specific source still required, NOT SELECTED — choose method after material identity and scale are known, NOT ESTABLISHED, "Material-, state-, orientation- and scale-specific; not yet established", OPEN  , UNASSIGNED, UNASSIGNED, NOT PROVIDED    , Identify garment/prop and textile construction before setting yarn/weave scales.
SRQ-0012   , FAMILY_PLACEHOLDER, 007_FEATURES, FAM-SURF-007      , "Separate identities and surface structure of each scene-used leather, bone, horn or shell material"             , UNKNOWN                , See surface_evidence_source_register_REPAIRED.md; material-specific source still required, NOT SELECTED — choose method after material identity and scale are known, NOT ESTABLISHED, "Material-, state-, orientation- and scale-specific; not yet established", OPEN  , UNASSIGNED, UNASSIGNED, NOT PROVIDED    , Split this triage task into material-specific records when the asset inventory is available.
SRQ-0013   , FAMILY_PLACEHOLDER, 008_FEATURES, FAM-SURF-008      , "Identify residue and substrate, then determine particle distribution, adhesion and state-dependent appearance"  , UNKNOWN                , See surface_evidence_source_register_REPAIRED.md; material-specific source still required, NOT SELECTED — choose method after material identity and scale are known, NOT ESTABLISHED, "Material-, state-, orientation- and scale-specific; not yet established", OPEN  , UNASSIGNED, UNASSIGNED, NOT PROVIDED    , "Identify residue and substrate; distinguish loose particulate, stain, and adhered coating."
