"Priority","FileName","RelativePath","Bytes","DetectedMaterialIDs","HasIdentityHeading","HasEvidencePlaceholder","HasURLs","ReviewReason"
"P1_CONTROL_DOCUMENT","03_source_and_evidence_rules.md","MATERIALS\02_MATERIAL_DATABASE\03_source_and_evidence_rules.md","2748","","False","True","False","Control document; inspect its required fields and operational completeness."
"P1_CONTROL_DOCUMENT","39_material_research_queue.md","MATERIALS\02_MATERIAL_DATABASE\39_material_research_queue.md","482","","False","False","False","Control document; inspect its required fields and operational completeness."
"P2_CANDIDATE_IDENTITY","10_stone_rocks.md","MATERIALS\02_MATERIAL_DATABASE\10_stone_rocks.md","2134","","True","False","False","Potential material-specific document; verify identity, evidence, uncertainty, and physical behavior."
"P2_CANDIDATE_IDENTITY","11_gemstones_crystals.md","MATERIALS\02_MATERIAL_DATABASE\11_gemstones_crystals.md","1358","","False","False","False","Potential material-specific document; verify identity, evidence, uncertainty, and physical behavior."
"P2_CANDIDATE_IDENTITY","14_clay_bricks_mortar_plaster.md","MATERIALS\02_MATERIAL_DATABASE\14_clay_bricks_mortar_plaster.md","1187","","False","False","False","Potential material-specific document; verify identity, evidence, uncertainty, and physical behavior."
"P2_CANDIDATE_IDENTITY","16_charcoal_ash_soot_particulates.md","MATERIALS\02_MATERIAL_DATABASE\16_charcoal_ash_soot_particulates.md","993","","False","False","False","Potential material-specific document; verify identity, evidence, uncertainty, and physical behavior."
"P2_CANDIDATE_IDENTITY","20_wood_species.md","MATERIALS\02_MATERIAL_DATABASE\20_wood_species.md","1263","","False","False","False","Potential material-specific document; verify identity, evidence, uncertainty, and physical behavior."
"P2_CANDIDATE_IDENTITY","21_bamboo_reeds_grasses.md","MATERIALS\02_MATERIAL_DATABASE\21_bamboo_reeds_grasses.md","614","","True","False","False","Potential material-specific document; verify identity, evidence, uncertainty, and physical behavior."
"P2_CANDIDATE_IDENTITY","31_copper_alloys.md","MATERIALS\02_MATERIAL_DATABASE\31_copper_alloys.md","893","","False","True","False","Potential material-specific document; verify identity, evidence, uncertainty, and physical behavior."
"P2_CANDIDATE_IDENTITY","32_iron_steel.md","MATERIALS\02_MATERIAL_DATABASE\32_iron_steel.md","951","","False","False","False","Potential material-specific document; verify identity, evidence, uncertainty, and physical behavior."
"P2_CANDIDATE_IDENTITY","41_glass_mineral.md","MATERIALS\02_MATERIAL_DATABASE\41_glass_mineral.md","737","","False","False","False","Potential material-specific document; verify identity, evidence, uncertainty, and physical behavior."
"P2_CANDIDATE_IDENTITY","60_leather_hide.md","MATERIALS\02_MATERIAL_DATABASE\60_leather_hide.md","520","","True","False","False","Potential material-specific document; verify identity, evidence, uncertainty, and physical behavior."
"P3_REVIEW","00_database_index.md","MATERIALS\02_MATERIAL_DATABASE\00_database_index.md","4535","","False","True","False","Inspect the document and verify whether it is guidance, a family overview, or an individual material record."
"P3_REVIEW","01_material_record_standard.md","MATERIALS\02_MATERIAL_DATABASE\01_material_record_standard.md","2454","","True","False","False","Inspect the document and verify whether it is guidance, a family overview, or an individual material record."
"P3_REVIEW","02_material_id_rules.md","MATERIALS\02_MATERIAL_DATABASE\02_material_id_rules.md","1407","MAT-000001; MAT-000002; MAT-000003; MAT-000101","False","True","False","Inspect the document and verify whether it is guidance, a family overview, or an individual material record."
"P3_REVIEW","04_initial_research_sources.md","MATERIALS\02_MATERIAL_DATABASE\04_initial_research_sources.md","1477","","False","False","True","Inspect the document and verify whether it is guidance, a family overview, or an individual material record."
"P3_REVIEW","12_earth_soil_mud.md","MATERIALS\02_MATERIAL_DATABASE\12_earth_soil_mud.md","954","","True","False","False","Inspect the document and verify whether it is guidance, a family overview, or an individual material record."
"P3_REVIEW","13_sand_gravel_aggregate.md","MATERIALS\02_MATERIAL_DATABASE\13_sand_gravel_aggregate.md","650","","True","False","False","Inspect the document and verify whether it is guidance, a family overview, or an individual material record."
"P3_REVIEW","15_minerals_earth_ornamental_materials.md","MATERIALS\02_MATERIAL_DATABASE\15_minerals_earth_ornamental_materials.md","1427","","True","False","False","Inspect the document and verify whether it is guidance, a family overview, or an individual material record."
"P3_REVIEW","17_water_and_aqueous_materials.md","MATERIALS\02_MATERIAL_DATABASE\17_water_and_aqueous_materials.md","967","MAT-WATER-BASE","True","False","False","Inspect the document and verify whether it is guidance, a family overview, or an individual material record."
"P3_REVIEW","18_cordage_rope_mats_thatch.md","MATERIALS\02_MATERIAL_DATABASE\18_cordage_rope_mats_thatch.md","733","","False","False","False","Inspect the document and verify whether it is guidance, a family overview, or an individual material record."
"P3_REVIEW","19_writing_record_substrates.md","MATERIALS\02_MATERIAL_DATABASE\19_writing_record_substrates.md","716","","False","False","False","Inspect the document and verify whether it is guidance, a family overview, or an individual material record."
"P3_REVIEW","22_bark_plant_fibres.md","MATERIALS\02_MATERIAL_DATABASE\22_bark_plant_fibres.md","658","","True","False","False","Inspect the document and verify whether it is guidance, a family overview, or an individual material record."
"P3_REVIEW","30_metals_native.md","MATERIALS\02_MATERIAL_DATABASE\30_metals_native.md","1066","","False","False","False","Inspect the document and verify whether it is guidance, a family overview, or an individual material record."
"P3_REVIEW","33_precious_metals.md","MATERIALS\02_MATERIAL_DATABASE\33_precious_metals.md","669","","False","False","False","Inspect the document and verify whether it is guidance, a family overview, or an individual material record."
"P3_REVIEW","34_other_historical_metals.md","MATERIALS\02_MATERIAL_DATABASE\34_other_historical_metals.md","643","","False","False","False","Inspect the document and verify whether it is guidance, a family overview, or an individual material record."
"P3_REVIEW","35_special_historical_materials.md","MATERIALS\02_MATERIAL_DATABASE\35_special_historical_materials.md","821","","False","False","False","Inspect the document and verify whether it is guidance, a family overview, or an individual material record."
"P3_REVIEW","36_material_composites_and_layered_systems.md","MATERIALS\02_MATERIAL_DATABASE\36_material_composites_and_layered_systems.md","895","","False","False","False","Inspect the document and verify whether it is guidance, a family overview, or an individual material record."
"P3_REVIEW","37_material_data_completeness_audit.md","MATERIALS\02_MATERIAL_DATABASE\37_material_data_completeness_audit.md","3366","","False","True","False","Inspect the document and verify whether it is guidance, a family overview, or an individual material record."
"P3_REVIEW","38_material_synonyms_and_translation_control.md","MATERIALS\02_MATERIAL_DATABASE\38_material_synonyms_and_translation_control.md","670","","False","False","False","Inspect the document and verify whether it is guidance, a family overview, or an individual material record."
"P3_REVIEW","40_ceramics_faience_glazes.md","MATERIALS\02_MATERIAL_DATABASE\40_ceramics_faience_glazes.md","791","","False","False","False","Inspect the document and verify whether it is guidance, a family overview, or an individual material record."
"P3_REVIEW","50_textile_fibres.md","MATERIALS\02_MATERIAL_DATABASE\50_textile_fibres.md","757","","False","False","False","Inspect the document and verify whether it is guidance, a family overview, or an individual material record."
"P3_REVIEW","51_yarns_weaves_fabrics.md","MATERIALS\02_MATERIAL_DATABASE\51_yarns_weaves_fabrics.md","785","","False","False","False","Inspect the document and verify whether it is guidance, a family overview, or an individual material record."
"P3_REVIEW","52_textile_finishes.md","MATERIALS\02_MATERIAL_DATABASE\52_textile_finishes.md","438","","False","False","False","Inspect the document and verify whether it is guidance, a family overview, or an individual material record."
"P3_REVIEW","61_bone_horn_ivory.md","MATERIALS\02_MATERIAL_DATABASE\61_bone_horn_ivory.md","520","","False","False","False","Inspect the document and verify whether it is guidance, a family overview, or an individual material record."
"P3_REVIEW","62_shell_conch_nacre.md","MATERIALS\02_MATERIAL_DATABASE\62_shell_conch_nacre.md","508","","False","False","False","Inspect the document and verify whether it is guidance, a family overview, or an individual material record."
"P3_REVIEW","63_feathers_hair_sinew.md","MATERIALS\02_MATERIAL_DATABASE\63_feathers_hair_sinew.md","469","","False","False","False","Inspect the document and verify whether it is guidance, a family overview, or an individual material record."
"P3_REVIEW","70_oils_fats_waxes.md","MATERIALS\02_MATERIAL_DATABASE\70_oils_fats_waxes.md","682","","False","False","False","Inspect the document and verify whether it is guidance, a family overview, or an individual material record."
"P3_REVIEW","71_resins_gums_latex.md","MATERIALS\02_MATERIAL_DATABASE\71_resins_gums_latex.md","436","","True","False","False","Inspect the document and verify whether it is guidance, a family overview, or an individual material record."
"P3_REVIEW","72_adhesives_binders.md","MATERIALS\02_MATERIAL_DATABASE\72_adhesives_binders.md","518","","False","False","False","Inspect the document and verify whether it is guidance, a family overview, or an individual material record."
"P3_REVIEW","80_pigments.md","MATERIALS\02_MATERIAL_DATABASE\80_pigments.md","817","","False","False","False","Inspect the document and verify whether it is guidance, a family overview, or an individual material record."
"P3_REVIEW","81_dyes_mordants.md","MATERIALS\02_MATERIAL_DATABASE\81_dyes_mordants.md","685","","False","False","False","Inspect the document and verify whether it is guidance, a family overview, or an individual material record."
"P3_REVIEW","82_coatings_polishes.md","MATERIALS\02_MATERIAL_DATABASE\82_coatings_polishes.md","508","","False","False","False","Inspect the document and verify whether it is guidance, a family overview, or an individual material record."
"P3_REVIEW","90_plant_materials.md","MATERIALS\02_MATERIAL_DATABASE\90_plant_materials.md","574","","False","False","False","Inspect the document and verify whether it is guidance, a family overview, or an individual material record."
"P3_REVIEW","91_animal_derived_materials.md","MATERIALS\02_MATERIAL_DATABASE\91_animal_derived_materials.md","352","","False","False","False","Inspect the document and verify whether it is guidance, a family overview, or an individual material record."
"P3_REVIEW","92_food_organic_matter.md","MATERIALS\02_MATERIAL_DATABASE\92_food_organic_matter.md","669","","False","False","False","Inspect the document and verify whether it is guidance, a family overview, or an individual material record."
"P3_REVIEW","93_composite_historical_materials.md","MATERIALS\02_MATERIAL_DATABASE\93_composite_historical_materials.md","853","","False","False","False","Inspect the document and verify whether it is guidance, a family overview, or an individual material record."
"P3_REVIEW","99_material_database_scope_and_gaps.md","MATERIALS\02_MATERIAL_DATABASE\99_material_database_scope_and_gaps.md","1446","","False","True","False","Inspect the document and verify whether it is guidance, a family overview, or an individual material record."
