"Animal","View","Filename","Status","Background","Asset_ID","Prompt_Record","Notes"
"Asian Elephant","01_BODY_THREE_QUARTER","ASIAN_ELEPHANT__01_BODY_THREE_QUARTER__V001.png","NOT_GENERATED","NEUTRAL_GREY","","",""
"Asian Elephant","02_BODY_SIDE","ASIAN_ELEPHANT__02_BODY_SIDE__V001.png","NOT_GENERATED","NEUTRAL_GREY","","",""
"Asian Elephant","03_BODY_FRONT","ASIAN_ELEPHANT__03_BODY_FRONT__V001.png","NOT_GENERATED","NEUTRAL_GREY","","",""
"Asian Elephant","04_BODY_REAR","ASIAN_ELEPHANT__04_BODY_REAR__V001.png","NOT_GENERATED","NEUTRAL_GREY","","",""
"Asian Elephant","05_FACE_FRONT","ASIAN_ELEPHANT__05_FACE_FRONT__V001.png","NOT_GENERATED","NEUTRAL_GREY","","",""
"Asian Elephant","06_FACE_SIDE","ASIAN_ELEPHANT__06_FACE_SIDE__V001.png","NOT_GENERATED","NEUTRAL_GREY","","",""
"Asian Elephant","07_SKIN_FUR_FEATHER_DETAIL","ASIAN_ELEPHANT__07_SKIN_FUR_FEATHER_DETAIL__V001.png","NOT_GENERATED","NEUTRAL_GREY","","",""
"Asian Elephant","08_LEGS_FEET_HOOVES_DETAIL","ASIAN_ELEPHANT__08_LEGS_FEET_HOOVES_DETAIL__V001.png","NOT_GENERATED","NEUTRAL_GREY","","",""
"Asian Elephant","09_DISTINCTIVE_FEATURES","ASIAN_ELEPHANT__09_DISTINCTIVE_FEATURES__V001.png","NOT_GENERATED","NEUTRAL_GREY","","",""
"Asian Elephant","10_WALKING_OR_MOVEMENT","ASIAN_ELEPHANT__10_WALKING_OR_MOVEMENT__V001.png","NOT_GENERATED","NEUTRAL_GREY","","",""
"Asian Elephant","11_ALERT_OR_NATURAL_POSE","ASIAN_ELEPHANT__11_ALERT_OR_NATURAL_POSE__V001.png","NOT_GENERATED","NEUTRAL_GREY","","",""
"Asian Elephant","12_SCALE_REFERENCE","ASIAN_ELEPHANT__12_SCALE_REFERENCE__V001.png","NOT_GENERATED","NEUTRAL_GREY","","",""
