"Path","Bytes","SHA256"
"01_CORE\material_data_standard.md","5274","4F2495226A55E62E04EC3F6567B3AA224E5B6FACE0017C13185256B7C97B90FD"
"01_CORE\material_identity.md","3266","520C60A9222680E117A70E3A22E66CE4E4613EFEE1C9006E080120309E56CDB9"
"01_CORE\material_master.md","10189","BC1C03A2CD67781C50337CFF4C23994AF4F2BE96435E94355C3F778A3359C12A"
"01_CORE\material_taxonomy.md","2224","7366A72B15468ADE997CDC488467BC06AB360548E2FD240FEA911DF961135471"
"01_CORE\source_classification.md","6605","AC2FA1E5C8C021EA139FEBE28EBBB74F6DD84404A6942CF57FE1771D4F9356A5"
"02_MATERIAL_DATABASE\00_database_index.md","4535","55926BE7C49FBE9BFF5CC034ECEC24ED7976CBB0A7BB6817ECA650C77DAF311C"
"02_MATERIAL_DATABASE\01_material_record_standard.md","2454","4819942D4CE480E51FE736369CC3DB96EFC31A91984CC87F98A6BFEFA9C480FD"
"02_MATERIAL_DATABASE\02_material_id_rules.md","1407","2BA72875AF6677E63D9525FAD6F8D7DBE57B84DF4BEE270865486B3EA656E278"
"02_MATERIAL_DATABASE\03_source_and_evidence_rules.md","1594","35FF6599B5F5AB5DCE6CB2B06AE9DCC62540E67F386D936898616DF0F0DDE13B"
"02_MATERIAL_DATABASE\04_initial_research_sources.md","1477","23FFB0CC184E06F878B4C9E41C13E53EC5C10057059BD0A4E0D7D63CAF95BA8B"
"02_MATERIAL_DATABASE\10_stone_rocks.md","2134","C0460255CC8D46B224F01AB26FCB955099CE680F322AA372824C0C3C0A2351AD"
"02_MATERIAL_DATABASE\11_gemstones_crystals.md","1358","6B79D04F2CD7E6B3204B72AAD9B7CF6C417398DAF82664DFF6EEFE741CE384A4"
"02_MATERIAL_DATABASE\12_earth_soil_mud.md","954","EA7E0DA16201221186BF62041DFBBDC61DD6BC47D92C100838C78DBF0E010D5A"
"02_MATERIAL_DATABASE\13_sand_gravel_aggregate.md","650","08B661C5E0971385FAC365354BA794180CFCAD215B4D589056278C2C098A6239"
"02_MATERIAL_DATABASE\14_clay_bricks_mortar_plaster.md","1187","BA3361CA192B714841DE382653937FA72015D4D32B60A79EA8ACC3B5A45575E1"
"02_MATERIAL_DATABASE\15_minerals_earth_ornamental_materials.md","1427","6BFC723E4E2BF4236A3BF68BD07D110BDEA0F01B39555A1CF38092569FB86968"
"02_MATERIAL_DATABASE\16_charcoal_ash_soot_particulates.md","993","1A7C8318EC6E162C5380B60356A21E21220C2C8F8DA7ABC9389C0BBA704CFCC8"
"02_MATERIAL_DATABASE\17_water_and_aqueous_materials.md","967","67CFF8F29BE165F6F79D18D6B84CF1ADD68B4155A4C29C78ABBE7003D7F40017"
"02_MATERIAL_DATABASE\18_cordage_rope_mats_thatch.md","733","6AD483BD86DB5695CAE3FFC958548BFD3C5174B05935336F6144F878BC391745"
"02_MATERIAL_DATABASE\19_writing_record_substrates.md","716","95D0E729F69C55D935FF7D68F926F95401D6D4E67C338C39CF7C7910075118FF"
"02_MATERIAL_DATABASE\20_wood_species.md","1263","D4FDA5AD1636D0027A702798B542B60D4280CB850605C7856E367D7BE1D49D0C"
"02_MATERIAL_DATABASE\21_bamboo_reeds_grasses.md","614","47360B6739C5D79561439CE0786B3A7F776F7B133FA75E13547669A65D3928CE"
"02_MATERIAL_DATABASE\22_bark_plant_fibres.md","658","7893F1B80C33354BC55C806A51897988F36F1AB7E3F02E0CA479C56B95572B8C"
"02_MATERIAL_DATABASE\30_metals_native.md","1066","199D31E1B5C7646C17605F10524B8C6303FBEF1D9E557CC381843ED64FB09276"
"02_MATERIAL_DATABASE\31_copper_alloys.md","893","85323A869EEFA8DA143D1DB9012EA5494BE3B5646A6786EFC103D268E238F41D"
"02_MATERIAL_DATABASE\32_iron_steel.md","951","20738B65EFE7F31D9DC85C9601DE70940EE9C6E34ED899771153EC8090188DBB"
"02_MATERIAL_DATABASE\33_precious_metals.md","669","464B8CF4FB9ED97F2BD19E580F0CCE33523917B7C02BE3E60594D2F351EB5603"
"02_MATERIAL_DATABASE\34_other_historical_metals.md","643","73B112D4295057B743B5EBC06C3674C3518E91EC907285A9405CF996C1DB9C68"
"02_MATERIAL_DATABASE\35_special_historical_materials.md","821","8412BA64C1A173F707481BC1201DAD69AECCC7C2EBE91C66551F5DB29331EFAE"
"02_MATERIAL_DATABASE\36_material_composites_and_layered_systems.md","895","7A2DBEFA48A0F6601F3753B1937D43C36C61E7ED75217A6501FEA7390FA58CE3"
"02_MATERIAL_DATABASE\37_material_data_completeness_audit.md","3366","9F042E34AF88A686BF99F0E4783D2E2735926F4DDD1F216608B9AFEC1792744E"
"02_MATERIAL_DATABASE\38_material_synonyms_and_translation_control.md","670","46D648BDFE8CEB32E6F566F7D364AA17A9ADEEE584E08BD94CE53282D5EAFD0C"
"02_MATERIAL_DATABASE\39_material_research_queue.md","482","776EF7FE59E6E17C9E8F1B8BE16CC7F12BB33CB1465F85035C484BDA69A77D89"
"02_MATERIAL_DATABASE\40_ceramics_faience_glazes.md","791","2BA9069CF04D72876B06F270819E37F17BBDDFDCBCFD26E81F039D8490A3D907"
"02_MATERIAL_DATABASE\41_glass_mineral.md","737","D8DD9B6209D01490910C3F2AF1402CCF0849666AB45363FC324925DE517B7947"
"02_MATERIAL_DATABASE\50_textile_fibres.md","757","D5E761F5AEA009C13AC16788ECEC424FFDA4C936D4A3FD7F396AC03D8F1A7803"
"02_MATERIAL_DATABASE\51_yarns_weaves_fabrics.md","785","FFDBA33C3D6943FF3F80EA0B64F00C33022295CC5562FBE922C89727461E8210"
"02_MATERIAL_DATABASE\52_textile_finishes.md","438","838E84B2C6ECA27EEBA3C9EFBC526CF31F2D60C0C3D82AF507C03392B835E455"
"02_MATERIAL_DATABASE\60_leather_hide.md","520","9FF04750960B9DC7E35DF0EB06ECFDEB0A365B5B8809D4123D7506F72414B6BE"
"02_MATERIAL_DATABASE\61_bone_horn_ivory.md","520","D59869A19578C21AB652D1B67E2EC9830E97080BFE121454334E705C210F0F87"
"02_MATERIAL_DATABASE\62_shell_conch_nacre.md","508","D10834A3AC1952E76CFB19E584FDF202134A10420A1ED22E48970E600A0DC9C5"
"02_MATERIAL_DATABASE\63_feathers_hair_sinew.md","469","F0D9F8CD04EA274AD57E579E27002FCFC08B5F8F06B67DC2F45D8F4C3791F930"
"02_MATERIAL_DATABASE\70_oils_fats_waxes.md","682","5027CF4202E0716D8FEA976D18035EB304217F2C5F894816AF0886092FFDAB13"
"02_MATERIAL_DATABASE\71_resins_gums_latex.md","436","D54B75CA40909837FB3146CD74E0AE588823076BE7A53C2D31D50D0817B787FA"
"02_MATERIAL_DATABASE\72_adhesives_binders.md","518","03E3CACA3FA011C5C4DC32EFD4A013BDFE99E1148D76DD5C2FF238B9DA1558F3"
"02_MATERIAL_DATABASE\80_pigments.md","817","D97245AB9F01547459C303C5FDE29D2E9F27AB6282059C33E0192DEA18C7D3BB"
"02_MATERIAL_DATABASE\81_dyes_mordants.md","685","72AA249D24A357C2167AD6C069286982B1B16B0D3B88DBA5A9C91A8C152EAD84"
"02_MATERIAL_DATABASE\82_coatings_polishes.md","508","BD2DF86AE764F5DCC19A713D68896578D71555B1BD8CDE5A0BDFA7CA54377726"
"02_MATERIAL_DATABASE\90_plant_materials.md","574","9D56F25E0F61D46DC060032CEF8F47BF6C7F7FB8CF4EE1030734E70C73B6FEFA"
"02_MATERIAL_DATABASE\91_animal_derived_materials.md","352","621F15DE0E8480C6598665CC43B037E035A7DE2508C2AB3AA6A82E4247644C0B"
"02_MATERIAL_DATABASE\92_food_organic_matter.md","669","AAF7175A114E9EACB15E171F356EEB16DD1398C97938B57C368B1434B4E968BB"
"02_MATERIAL_DATABASE\93_composite_historical_materials.md","853","2EDF2715119EE5C832F8A87D0D4434D15B9B53E16FFBB392F64A0D809E513506"
"02_MATERIAL_DATABASE\99_material_database_scope_and_gaps.md","1446","636E14661A62E6F0676D7D3A8CC518358D8F3CED60FCCC272910B7EF77BA54AB"
"03_PHYSICS\acoustic_physics.md","411","054E64E3C5C62379E3EBE34C93E8240321C069C133FA10F9ADDBF4EB6A06234D"
"03_PHYSICS\bone_horn_shell_physics.md","399","65375EF1110DFED9E48085DD268C37F865C212026AC5BDBB337FF07771C2A1DD"
"03_PHYSICS\ceramic_clay_physics.md","425","3B099AEDD5EC11AD4E3EA9D5BA4760A69CF5181E44E454688E560475E280CFE1"
"03_PHYSICS\combustion_fire.md","666","48CFFF313032402D6CE88C0136182D9CEFE94DF6C1048577B5735DE06F210116"
"03_PHYSICS\deformation.md","365","844EBF88C7E2D7A50108578A22DFB53BEDDE19BC3CF110A52C64B091F8CD8A19"
"03_PHYSICS\dust_particles_sedimentation.md","380","B604B2FDB3B9A9B8EA550E69912FD9A978611D37891273995A505B0FCE7967D3"
"03_PHYSICS\elasticity_plasticity.md","542","E3DA8AFAEAAD71CE1860F9726AC8C558E682D04E86C1B69D3E5F9A6BFA09EA89"
"03_PHYSICS\fluid_mechanics.md","432","374FDDCDE5F4BD041D44B0125D706083E5E978F273E3EDA91FBE120FF1ED579C"
"03_PHYSICS\fluid_properties.md","373","19F038311A2D660DC431C422C709E2A81C45CF08655FFB797916D8393401F1E4"
"03_PHYSICS\friction_contact_adhesion.md","581","EB7C7A428957EB48EDC70E6E01765CFFFB1C6995F5D3E3EE1ED67846574EDEE5"
"03_PHYSICS\glass_mineral_physics.md","399","0C8868B0E0CB2C6DA3980EF6B165B1A1E28CF007D977428FAA53B548D4AF371B"
"03_PHYSICS\heat_transfer.md","409","B320516870ADF8391866FF63AD0EFB96022E486244BD8B195F2E45B7B4D9AF5E"
"03_PHYSICS\humidity_temperature_environment.md","463","E3D4A9ECDBAC437DCDB4FF588AE17AE6888FF89FABB822F1E3C19BFA1EDFC38D"
"03_PHYSICS\impact_momentum_collision.md","459","D63E76F0482622266B4E6553E04DA63B8CA92B0942C1CDEDCE6A758F509588FD"
"03_PHYSICS\leather_hide_physics.md","347","8B06CEBB2EBC89C441F830BDE02F5EFE4A172217E3D47C4D0CD06F46F06C72DB"
"03_PHYSICS\mass_density_volume.md","602","9E3C0B54781CF6DAD088171B42795927EF892C097901877E3B3B75E1E4582BED"
"03_PHYSICS\measurement_methods.md","480","F37E6A8437DB545FCB07933A2477422AAE36773CDDBFE16FD1A6C02C9FAB05F3"
"03_PHYSICS\mechanical_properties.md","501","75FCD9F379FFD6A274BC08DFAC6FBF8525882A575B382169BBFB678A01337631"
"03_PHYSICS\metal_physics.md","459","BFEBC0DC6BCAD5FD7E81FCF9DBFA047D57B442ECC93366856081651DF451F8CF"
"03_PHYSICS\model_validation.md","413","8A5DDDE5AC239D228FB30B25EFB17E17FBEBB5BE78317D8095660984DE63F4FC"
"03_PHYSICS\numerical_methods.md","359","B6AFC811C895E96423239D34B4CAA44BBE6730B7F117ED7FF3293563285D4BF8"
"03_PHYSICS\optical_properties.md","424","2DC027D1D598B39752CFCA91D4E66C2A3ACD4A0527DC3DF193A54F196BFD1BE9"
"03_PHYSICS\organic_material_physics.md","346","3DDE9AC882460D69330C316675FC656E0AEB8127CB3F9C8D750C180EB9D1C7D0"
"03_PHYSICS\phase_change.md","393","4FFC77A758D601E3D55BDC1B0AE6BEC7291C8570E559442F0B7125C82C4914AC"
"03_PHYSICS\physical_models.md","645","5C6450F12F081817818B292874665D433FDA69804AC927EEBAD05139B9C025DE"
"03_PHYSICS\physical_provenance.md","586","425C5D8C36279FE1CE708BF2B1FE70ECE3C5DA45FE05A7D6E0F1C403D0039CA6"
"03_PHYSICS\physics_assumption_registry.md","459","5BAF8EB9C4780AC6BD508C68D424D91F68D64D134E865C87BF15A70CA7B40524"
"03_PHYSICS\physics_change_control.md","458","BB9819F087E9250573E0EF7A2371EEC6B3B3330560F412CDD8CB7A7003720E47"
"03_PHYSICS\physics_completeness_audit.md","1230","437F0D75F9201F35FC6A900E875C3991C6F1464F2CC66A48CE8FA757C2FABE04"
"03_PHYSICS\physics_data_standard.md","1814","A44C390FD8CE2C9D8AC4360200A9C939E104C17712DE7369675BC859EB19BA35"
"03_PHYSICS\physics_failure_modes.md","594","A0F73025981EC9EAE85D6F736146AE56E29B7DC9A926187F73E2BBCE0C767D9A"
"03_PHYSICS\physics_master.md","4997","EE2BA74031976131453EB2650BBE96897290351EFE7A824753058C7110450BB9"
"03_PHYSICS\physics_reference_registry.md","439","FFAD75740D4EB4874226D0DB1019007ACB6D2D1C5D8F0BDBDAEE77214122DE27"
"03_PHYSICS\physics_to_3d_interface.md","310","AD993BA344243B22C965AD0C253C81A583A9011D6B29C5D036E718DA575E74C2"
"03_PHYSICS\physics_to_audio_interface.md","253","BE718A3D5B1A06D54DD85CEEB941575B962F74C5EC80C722CC3E4D658D8BCE76"
"03_PHYSICS\physics_to_behavior_interface.md","282","580C3C9954CBB5E2A58B5D6D3DA759E98165E99FA655DED93AB69C9C0B80F5A1"
"03_PHYSICS\physics_to_lighting_interface.md","328","D38C706AC8F0C2A6ACC9D988EA2B97A8EF4806CA1C9FC72B758991A4E88C4CFB"
"03_PHYSICS\physics_to_simulation_interface.md","400","75DDC16C480D7158D856E31049127F8C6CE31A89AC363B69D759E08B3BABDA59"
"03_PHYSICS\physics_to_states_interface.md","379","A85F677B26CB7685E025A26AE3F4AE9342B2F785ABEB93BF6AAF90E2A0FB44A7"
"03_PHYSICS\physics_to_vfx_interface.md","252","D7EA77347BFD815E936257C880D7CC323BA9F59493B01A5A1963C270917C18CF"
"03_PHYSICS\radiation_absorption_scattering.md","460","D4B79AE7F609DDEC1A3F4063640DA560DD3F28697470DE0D9A70381B6DDFEA84"
"03_PHYSICS\real_world_validation.md","530","C00B1692908C1B851A5C1C8987567D4A7C3CDCDE9B4CB7E7846631A65E00299D"
"03_PHYSICS\scale_and_dimension.md","398","DC9791C7BA324BD265DACA5AB6B2B62E328DEEB963B756372B2F394EDBCEF810"
"03_PHYSICS\simulation_approximation.md","438","42FE967102BCBB6F685A8766B1AD8F6FCD07D8685B1E896F5BE986BAC434205A"
"03_PHYSICS\simulation_models.md","389","F4B14E3D104224AC6FC630FD1BF94D6D09206A6E36D93CFEAD053D44EC309459"
"03_PHYSICS\stone_earth_physics.md","508","0D92D5AD1ED31E165AC581F2BFDA0BFDC5E798E26C971EEDEB91697FFDAE2A87"
"03_PHYSICS\strength_failure_fracture.md","527","DB5773CFB03309E547EDF3D2FB5737E84F38B0C856777B335CA605283E94AA65"
"03_PHYSICS\surface_microphysics.md","363","C303E40BDDF9226E42F823B4B1F19213FEBFB98D60FF6615BAE2AB770343F65A"
"03_PHYSICS\textile_fibre_physics.md","422","A1AC7945F569FE55D0BA358B50206B2B02AE173F14A939CA7B7ACC8B1E0E49A0"
"03_PHYSICS\thermal_properties.md","462","ABFBE983E35081E11D29F3176BD55C7CB0E25BEC2C71CDED273C9A3C61330607"
"03_PHYSICS\uncertainty_and_error.md","938","E2B92FEA39B4AA2C853BAA2DBF90A424F858472828A384AE5CD04958F294250F"
"03_PHYSICS\units_and_dimensions.md","851","CE363DFF859EA8D993555305BF38B9FA47AA2F2C154766B74EC77A5BA57594D5"
"03_PHYSICS\validity_regimes.md","680","2EFE657332134B0683EAB40AE0378FF095D2E15F35E58FF3E733349430981122"
"03_PHYSICS\vibration_resonance.md","429","8589E8E84B2AC0073AA431D8E2784E8747769F52D857E20874D2F27018574400"
"03_PHYSICS\weathering_erosion_physics.md","388","717C9522DB1347B2A7F5132E512711929741A19A4C6DE9EC5177502ECA4CBE27"
"03_PHYSICS\wetting_absorption_permeability.md","526","50E779623FA3664ADCA5566FA649D4D16AB36A0311F3EC4634ED799B8DCDE49B"
"03_PHYSICS\wood_physics.md","414","7E0B2EADA3B9DCC9C8DB947929E20D6022BFAC32A3686570172E4A471E88808B"
"04_SURFACE_STRUCTURE\asset_material_assignment_register.csv","3","F1945CD6C19E56B3C1C78943EF5EC18116907A4CA1EFC40A57D48AB1DB7ADFC5"
"04_SURFACE_STRUCTURE\imperfections.md","1733","94E6A966C73EAFAC78A26BA3F9E846CE146BCBFD5CE28DAA6ADD90C4BB75D288"
"04_SURFACE_STRUCTURE\macro_structure.md","1715","E703176761AAF05CFAFF098736851C503E1220FA7E18371FA2B2A9DC2772D4ED"
"04_SURFACE_STRUCTURE\material_database_and_assignment_gap_report.md","1687","5A45781617239A5FB069C2B2EA14C816929DDCFD4813F3F948660D3FA5F8A500"
"04_SURFACE_STRUCTURE\material_record_inventory.csv","5556","9E125BE9BA0F18EB54DC1D9CDA852F539B05094BF4CA29781CF3F8D0DCAB616D"
"04_SURFACE_STRUCTURE\medium_structure.md","1547","FFF3A537D1AB2BFA004DE9E18327D8702CE6F2C5625C53ADB7AD336E307FBED7"
"04_SURFACE_STRUCTURE\micro_surface.md","1745","64CB2EE157DCFF3E68FC82F524CCB2A0A7BB3A41A2B487E5C78E847B341CA262"
"04_SURFACE_STRUCTURE\multiple_reflection_and_light_transport.md","4434","FFA399FE0B24B4A4CE716F50337CB84EF060066BD263ACB2FFE90CA0CB0B5895"
"04_SURFACE_STRUCTURE\natural_variation.md","1695","E75F7EB4E2173E4A7819BE56E67C8DD0D054649BFCF8AAE67BD5043BA3C70D43"
"04_SURFACE_STRUCTURE\ONE_PASS_AUDIT_20261009_104240\asset_material_assignment_gaps.csv","244","097517C4A56C341144CE9CB9EA8776B5895CFEEE0FD7EB1390AEA541BCC07268"
"04_SURFACE_STRUCTURE\ONE_PASS_AUDIT_20261009_104240\asset_material_assignment_register.csv","3","F1945CD6C19E56B3C1C78943EF5EC18116907A4CA1EFC40A57D48AB1DB7ADFC5"
"04_SURFACE_STRUCTURE\ONE_PASS_AUDIT_20261009_104240\discovered_asset_file_inventory.csv","167","4C6E5C3014C4A3C7221C0904134140E067001755D85C02F14C0BECF1F074C2FB"
"04_SURFACE_STRUCTURE\ONE_PASS_AUDIT_20261009_104240\material_database_and_assignment_gap_report.md","1687","5A45781617239A5FB069C2B2EA14C816929DDCFD4813F3F948660D3FA5F8A500"
"04_SURFACE_STRUCTURE\ONE_PASS_AUDIT_20261009_104240\material_record_inventory.csv","5556","9E125BE9BA0F18EB54DC1D9CDA852F539B05094BF4CA29781CF3F8D0DCAB616D"
"04_SURFACE_STRUCTURE\ONE_PASS_AUDIT_20261009_104240\material_record_inventory_detailed.csv","14500","A2C52B7318DE19C86D4C0F50743296E74F86C9C5B9FE93B079B02254C8E6B16D"
"04_SURFACE_STRUCTURE\ONE_PASS_AUDIT_20261009_104240\ONE_PASS_COMPLETION_AUDIT.md","4772","2ACBCB448381A97AD45D29F52690F5E56186EB53613A7CB61831A5EB1763A4CD"
"04_SURFACE_STRUCTURE\ONE_PASS_AUDIT_20261009_104240\run_summary.json","793","88AB1427DDEB451CDC85A639319E8439C537E2B6F6F266892EE8218C5209F412"
"04_SURFACE_STRUCTURE\ONE_PASS_AUDIT_20261009_104240\surface_material_family_mapping.csv","4101","28089D8031C5C8E17720C5322F7FC7420FFAB1BD1BEAB5677DA11E680F8E67A9"
"04_SURFACE_STRUCTURE\ONE_PASS_AUDIT_20261009_104240\surface_material_research_queue.csv","8535","4BF84D1549224B8828165604FEDD4579A0FEB8E64F58DDC1BB3DECB7C9CE0AF1"
"04_SURFACE_STRUCTURE\ONE_PASS_AUDIT_20261009_104240\surface_release_gate_register.csv","1559","ADB37901D29F221889E4A21C5D36544B9972DA86848BA1A72E5E4F3A8080D50D"
"04_SURFACE_STRUCTURE\ONE_PASS_AUDIT_20261009_104240\surface_renderer_validation_register.csv","5635","B3D3C1AB6582B0AAB6827014D7EF3696C14B0796D616800702AB0630960EA97D"
"04_SURFACE_STRUCTURE\README_REPAIR_PACKAGE.md","1190","A61EFDEDD218A0740D4E10702DF70CDBB728E2FBD4BAD4AAA69388E470052ED1"
"04_SURFACE_STRUCTURE\sub_micro_structure.md","1714","9D5D49F6B0B75B8519FF7ED9A68CA8704A93DB99F72CE365A9D4A4989A46B255"
"04_SURFACE_STRUCTURE\surface_change_and_decision_log.md","1095","C4BA9D6A8D3ADFF60AF750BE3C042B78A4C03CBE0665AE49461CF01F7D6BB8D1"
"04_SURFACE_STRUCTURE\surface_cross_folder_contract.md","1994","F93B77AC0A596128AA26330C05952E9B4E9667E9BF679D0C9A6D10C3BC1A00EF"
"04_SURFACE_STRUCTURE\surface_environment_interaction.md","1441","598F5EBA7774B6F15B18D9589658565A041BAAE02EDBFB9009113330A9F2DC43"
"04_SURFACE_STRUCTURE\surface_evidence_and_research_register.md","1969","3C4CF6CF16738EB78B63891194C3FA09112E0445AFB5ABCBF1EAE3FAA2A6F532"
"04_SURFACE_STRUCTURE\surface_evidence_source_register.md","3293","15421B322AF69BAFFDC17C4066E1F42663607DCF3B54C883B7CAA3F93B7215B5"
"04_SURFACE_STRUCTURE\surface_failure_modes.md","1922","FD2F337E22ABDDF200FF6302053BDA642D837D32E3392C75875A1E9ADF7115F3"
"04_SURFACE_STRUCTURE\surface_final_inventory.md","1236","BE3C5B3F428EFADF919B7D66E83274339A03B8BEC3392E9966811145355ECDD0"
"04_SURFACE_STRUCTURE\surface_implementation_handoff.md","1827","EFC9A96FBE206D0010FCE17EF36044C1DD17F102FF02BE6DEEE19E4E4DA6B1E2"
"04_SURFACE_STRUCTURE\surface_interfaces_and_layers.md","1547","71181AD4FCE11F5C24F789A1EEA3A7FD304541A53BAC58DC49C00CB45A7A96E3"
"04_SURFACE_STRUCTURE\surface_material_family_mapping.csv","4101","28089D8031C5C8E17720C5322F7FC7420FFAB1BD1BEAB5677DA11E680F8E67A9"
"04_SURFACE_STRUCTURE\surface_material_research_queue.csv","8535","4BF84D1549224B8828165604FEDD4579A0FEB8E64F58DDC1BB3DECB7C9CE0AF1"
"04_SURFACE_STRUCTURE\surface_record_standard.md","2210","ED1E341F11EA06025DB07A9CCB16118A16EEEFB2D74A8A263790A667E9E65C4E"
"04_SURFACE_STRUCTURE\surface_release_gate.md","1727","DA057A5B414639A2921E56C64F84F9CCEB0A6BA4FBD2B4A42BD98D5751BC2CA1"
"04_SURFACE_STRUCTURE\surface_renderer_confirmation_note.md","1067","6FB86B3C93D78F991FF192447FC4482B1F49CE56A705695AFE9190BCADF3F5D2"
"04_SURFACE_STRUCTURE\surface_renderer_test_matrix.md","2130","59DA395470DF31C1C18B26076DCF2088C49BD7FD3E02E22E0BB4B0B30BF94CAA"
"04_SURFACE_STRUCTURE\surface_renderer_validation_register.csv","5635","B3D3C1AB6582B0AAB6827014D7EF3696C14B0796D616800702AB0630960EA97D"
"04_SURFACE_STRUCTURE\surface_research_execution_plan.md","5315","01EBED59B74042080CAA7963022F9C613A89D14AB7F03BC66107EAEA292374D1"
"04_SURFACE_STRUCTURE\surface_scale_and_filtering.md","1754","8EFA5B6F1BF97C15C9A329B04185D62ABBC369F8067314A7F6DD0D35823A2962"
"04_SURFACE_STRUCTURE\surface_structure_audit_report.txt","1771","48E13E8CF943CD32542CD1588C0FEEE3F080BE7AA95593D9B6D7C37C4A65247C"
"04_SURFACE_STRUCTURE\surface_structure_completion_discovery.txt","11921","6BB26555D48FDBD0816584F82A3A339E6C62D58317A4D89EAB04A91398DFF741"
"04_SURFACE_STRUCTURE\surface_structure_master.md","5281","11BD0BAD294968E85B215F1272CE95B75EFF41A8E8EA77E036E0AFB71A1D181C"
"04_SURFACE_STRUCTURE\surface_validation_and_qa.md","2537","AFE237B74266D9189AAFFBE4DCE5C1A8D88BB2E1717DF919A98EBBBA6C6F394D"
"05_BEHAVIOR\aging.md","1585","7C523231B2B446C8259DC59BD2FEB2FB98FE21A0A4E3600E6BBCA77BB2E1E1F7"
"05_BEHAVIOR\damage.md","1547","EC36969E1687961698FBE022A579ED380B4A2EC8FE36D7D8768D25B28515A42A"
"05_BEHAVIOR\dust_dirt_mud.md","1572","7C77CCE672380C96F05DB704D64D9F7704E7ABF5399DCD0D8FB55A922B2D43BA"
"05_BEHAVIOR\environmental_response.md","1568","2CC4C33BEA1DE73C97877549E274671B6D50677FBA0CB0231468D6AA973AF361"
"05_BEHAVIOR\repair.md","1528","9A41B5169E8F437723149A8316AC71AF737283E1D9D47937DDE31170B6BEC59B"
"05_BEHAVIOR\water_wetting_absorption.md","1592","9A2A78F40823DD25728F159468BB4A0B9ABFD764104BA4D907D9C7BF420ED2B1"
"05_BEHAVIOR\wear.md","1519","01CE9A652659D145B2A93FA5A5B3E472AE8EF5433B4A4302DAF9F46BD8DF0F18"
"05_BEHAVIOR\weathering.md","1492","D05D32EC622434ABC6F15F174D9980C8EE888D00B23B8C05B4B1F906CA11563E"
"06_STATES\condition_states.md","1582","A8E60BAE8B1C8DAC6103ED5FC0E9A9CEBC924973000CB4A908CF843051CB3007"
"06_STATES\material_state_model.md","1534","05903D0BE509E10C7B192893E4AFF86C76EA689923BF78A46FD8AF63149D168B"
"06_STATES\state_continuity.md","1477","B23C05DB226CE1575A17DF5EE0362AB47933C8FDADB0193E6907D2AF08CDF42F"
"06_STATES\state_transitions.md","1564","6DCF959871A7CA3ACC4EE2A75EA70B64F5764F412F9AE29AA5A0F86A45D485A4"
"06_STATES\thermal_states.md","1529","EB5CF0D1F617BF5A421DF94263ED861B59B20A7C74BB12FE484B70962186916A"
"06_STATES\wet_dry_states.md","1493","D4F845640058AC319835B34241D7EFDBA277D225CD413BE55FE41A58427B8ECA"
"07_HISTORICAL_CANONICAL\canonical_material_usage.md","1574","3FB38756DB8B347DCDEF9450BB01D7EAB355DEC4C25C5E64A43F49E1478BBB5E"
"07_HISTORICAL_CANONICAL\conflicts_uncertainty.md","1577","BCF0F7FE57EACC551359C6E68902F3B56E4C0620077983623ECCA7E56E7204CF"
"07_HISTORICAL_CANONICAL\historical_material_availability.md","1551","99384A28E3F2B911D6465F2CDAD4416D4783D93621129894BEF5441B16298244"
"07_HISTORICAL_CANONICAL\material_evidence.md","1569","33629C8BFB97D24F22555A381BF1F8EE8CDAF39904E28B7A192634CAD3D8E496"
"07_HISTORICAL_CANONICAL\traditional_indian_materials.md","1548","0941A5CD5A3FDBFD76FA51D5709AAD1EA59F7A768460413065A18B712BD34F70"
"07_HISTORICAL_CANONICAL\traditional_manufacturing.md","1563","2A842DFD8AF41024233E141B6FFC1991809A812D4112B9B0954A13075CCF0CDE"
"08_INTERACTION\animal_interaction.md","1529","F5BE0ABCB9CCF1AD6C01948EFD38110A48A1DA34BE1BAFE43BA7EC14FF2D6E04"
"08_INTERACTION\architecture_interaction.md","1509","D05905FA3021460AEE5A3BDC38D70D2B69E2131C9707AAA037E8D98EAD7987AC"
"08_INTERACTION\environment_interaction.md","1475","466063F27EFE77C41041906F79758A43E41ACF6EF3E1B4941E8CE2F23C823257"
"08_INTERACTION\human_interaction.md","1518","62563CDEAC2327D709AE968F421A84952892B91EA0640512EB9D1955921465FA"
"08_INTERACTION\prop_interaction.md","1459","B4CA9C45F7A77AE449FEE75FBFF5BDB3C127F994F0C70F291CAFA4823434970F"
"09_AI_PRODUCTION\artifact_prevention.md","1548","1D5E4F79161212E114C1A87012E1D4E8EB25C2272329B10837FA693E58322C72"
"09_AI_PRODUCTION\candidate_selection.md","1521","ABD297ED03CFA3C05A5639D186F92B1E84D0A586A4913B0FDF064F79410D0E6E"
"09_AI_PRODUCTION\material_generation_validation.md","1578","4FAD21EBB0FC0687B9226FF710230AC7802FBCEBE4984ADCA09DF9805942A6DA"
"09_AI_PRODUCTION\material_prompting.md","1550","01857E30852C0D0ACE22F712EC8E4E1D81247F099742489EFBE656DF8754E764"
"09_AI_PRODUCTION\negative_constraints.md","1575","F95422FE728586594896A2F81A8011F06295C81FE94995AD247AEF8499DF5965"
"09_AI_PRODUCTION\reference_strategy.md","1655","A7F2FBD60010311FADB232A90E98D36F123E8105E10C529C4E684D750640BB02"
"10_CONTINUITY_QA\approval_criteria.md","1516","9EBEA6DB45935B34D0D949FFE4B1D847D2B2651B0A3643016536429585F94B47"
"10_CONTINUITY_QA\cross_episode_consistency.md","1550","50E392FFA77D0DCBAC40F3D47693959A1325465E3714BA661508C46EA5AF7CE2"
"10_CONTINUITY_QA\cross_scene_consistency.md","1460","C2D7F89A9E7212268974A6E2FE6CD9CC2F64A6B7920AFEDF97FE17B8C8E9FF2C"
"10_CONTINUITY_QA\cross_shot_consistency.md","1480","A52B3DD678997B2B40A02C54FE9160783F3E4D56AE10A8BD412BBAF5E3CEE0C6"
"10_CONTINUITY_QA\material_continuity.md","1442","9FE842E6A160418B960A8FB762911E2B8FAF0E7BF83740FE316FAC65F34712AB"
"10_CONTINUITY_QA\realism_qa.md","1540","8F894F54287F27AAA221BB0935EC4D652A6578AADB9564DAD79772A3A1EDA08D"
"10_CONTINUITY_QA\temporal_consistency.md","1474","FFEB459B3FDA2BCBB21C65E3800D3395D25FC8B203496621A45A149BF8F80288"
"11_PRODUCTION_HANDOFF\3d_handoff.md","1525","66BA189B948788A6D8A131E151EE1BA6EEA582FFD6948FDB7DE515ECF2A4060E"
"11_PRODUCTION_HANDOFF\lighting_handoff.md","1559","B9ADD8B045BD52BB9C77A1CD42F1F78BDBD7B5C7B474BAF2CA9A247408CDFCB4"
"11_PRODUCTION_HANDOFF\physics_handoff.md","1468","0C83EA4AE4C85069B3A4A7F200F2D3A30A69583F022C48F298CE7F678882F412"
"11_PRODUCTION_HANDOFF\render_validation.md","1521","8BAF615396B0AD5041204E49C6001439EF180BA39D645A48210AA433D39BF058"
"11_PRODUCTION_HANDOFF\shader_handoff.md","1546","0834EBC59F97A63CC4EFBFAF73A692E61BF42830394F289BDEAAB4E6898C31E3"
"11_PRODUCTION_HANDOFF\texture_handoff.md","1546","85D9FC6AC53155A65DB1ECA2D84CB63C1D120FEC2DB28EF7802F338B2637C4A9"
"11_PRODUCTION_HANDOFF\vfx_handoff.md","1515","88C84DCD2B8C51B4C678805BB8133CF787AD310C10774762A6FF594AC0E95677"
"12_REGISTRY\change_control.md","1495","6074A9F05C4B59B8E223AD67AFDAD0BFD6A9577D9077FAD0CFC7767A5FC63176"
"12_REGISTRY\material_registry.md","1523","5BD7ACE886F1BC544F5FCF95F5E5F9B3E647DFB7D42B9027B2827E2295A48984"
"12_REGISTRY\material_variants.md","1534","3A6C06D4B66B47E19826ADE49A91F848A655B05D4D043563640BE00EC7A50C23"
"12_REGISTRY\material_versions.md","1487","87AFA91E058497A4A7EC08E6F84A4C86DE16EDCDA7839612A486AD589322B5D7"
"README.md","2015","1E6AAA7923FD92FEBE264E640370878E40F93B0EABC86EB8FF8DB3F590CE48A3"
