"File","Terms","Status"
"01_BIOLOGY_AND_15_RESEARCH\alertness.md.migration.md","unknown","REQUIRES_UNKNOWN_REVIEW"
"01_BIOLOGY_AND_15_RESEARCH\alertness_E3B0C44298FC.md.migration.md","unknown","REQUIRES_UNKNOWN_REVIEW"
"01_BIOLOGY_AND_15_RESEARCH\anatomy.md.migration.md","unknown","REQUIRES_UNKNOWN_REVIEW"
"01_BIOLOGY_AND_15_RESEARCH\anatomy_E3B0C44298FC.md.migration.md","unknown","REQUIRES_UNKNOWN_REVIEW"
"01_BIOLOGY_AND_15_RESEARCH\animation_rules.md.migration.md","unknown","REQUIRES_UNKNOWN_REVIEW"
"01_BIOLOGY_AND_15_RESEARCH\animation_rules_E3B0C44298FC.md.migration.md","unknown","REQUIRES_UNKNOWN_REVIEW"
"01_BIOLOGY_AND_15_RESEARCH\appearance.md.migration.md","unknown","REQUIRES_UNKNOWN_REVIEW"
"01_BIOLOGY_AND_15_RESEARCH\appearance_E3B0C44298FC.md.migration.md","unknown","REQUIRES_UNKNOWN_REVIEW"
"01_BIOLOGY_AND_15_RESEARCH\behavior_dna.md.migration.md","unknown","REQUIRES_UNKNOWN_REVIEW"
"01_BIOLOGY_AND_15_RESEARCH\behavior_dna_E3B0C44298FC.md.migration.md","unknown","REQUIRES_UNKNOWN_REVIEW"
"01_BIOLOGY_AND_15_RESEARCH\environmental_response.md.migration.md","unknown","REQUIRES_UNKNOWN_REVIEW"
"01_BIOLOGY_AND_15_RESEARCH\environmental_response_E3B0C44298FC.md.migration.md","unknown","REQUIRES_UNKNOWN_REVIEW"
"01_BIOLOGY_AND_15_RESEARCH\fear_response.md.migration.md","unknown","REQUIRES_UNKNOWN_REVIEW"
"01_BIOLOGY_AND_15_RESEARCH\fear_response_E3B0C44298FC.md.migration.md","unknown","REQUIRES_UNKNOWN_REVIEW"
"01_BIOLOGY_AND_15_RESEARCH\feeding.md.migration.md","unknown","REQUIRES_UNKNOWN_REVIEW"
"01_BIOLOGY_AND_15_RESEARCH\feeding_E3B0C44298FC.md.migration.md","unknown","REQUIRES_UNKNOWN_REVIEW"
"01_BIOLOGY_AND_15_RESEARCH\forbidden_behavior.md.migration.md","unknown","REQUIRES_UNKNOWN_REVIEW"
"01_BIOLOGY_AND_15_RESEARCH\forbidden_behavior_E3B0C44298FC.md.migration.md","unknown","REQUIRES_UNKNOWN_REVIEW"
"01_BIOLOGY_AND_15_RESEARCH\grooming.md.migration.md","unknown","REQUIRES_UNKNOWN_REVIEW"
"01_BIOLOGY_AND_15_RESEARCH\grooming_E3B0C44298FC.md.migration.md","unknown","REQUIRES_UNKNOWN_REVIEW"
"01_BIOLOGY_AND_15_RESEARCH\group_behavior.md.migration.md","unknown","REQUIRES_UNKNOWN_REVIEW"
"01_BIOLOGY_AND_15_RESEARCH\group_behavior_E3B0C44298FC.md.migration.md","unknown","REQUIRES_UNKNOWN_REVIEW"
"01_BIOLOGY_AND_15_RESEARCH\human_interaction.md.migration.md","unknown","REQUIRES_UNKNOWN_REVIEW"
"01_BIOLOGY_AND_15_RESEARCH\human_interaction_E3B0C44298FC.md.migration.md","unknown","REQUIRES_UNKNOWN_REVIEW"
"01_BIOLOGY_AND_15_RESEARCH\individual_variation.md.migration.md","unknown","REQUIRES_UNKNOWN_REVIEW"
"01_BIOLOGY_AND_15_RESEARCH\individual_variation_E3B0C44298FC.md.migration.md","unknown","REQUIRES_UNKNOWN_REVIEW"
"01_BIOLOGY_AND_15_RESEARCH\locomotion.md.migration.md","unknown","REQUIRES_UNKNOWN_REVIEW"
"01_BIOLOGY_AND_15_RESEARCH\locomotion_E3B0C44298FC.md.migration.md","unknown","REQUIRES_UNKNOWN_REVIEW"
"01_BIOLOGY_AND_15_RESEARCH\mother_offspring.md.migration.md","unknown","REQUIRES_UNKNOWN_REVIEW"
"01_BIOLOGY_AND_15_RESEARCH\mother_offspring_E3B0C44298FC.md.migration.md","unknown","REQUIRES_UNKNOWN_REVIEW"
"01_BIOLOGY_AND_15_RESEARCH\physics.md.migration.md","unknown","REQUIRES_UNKNOWN_REVIEW"
"01_BIOLOGY_AND_15_RESEARCH\physics_E3B0C44298FC.md.migration.md","unknown","REQUIRES_UNKNOWN_REVIEW"
"01_BIOLOGY_AND_15_RESEARCH\predator_response.md.migration.md","unknown","REQUIRES_UNKNOWN_REVIEW"
"01_BIOLOGY_AND_15_RESEARCH\predator_response_E3B0C44298FC.md.migration.md","unknown","REQUIRES_UNKNOWN_REVIEW"
"01_BIOLOGY_AND_15_RESEARCH\references.md.migration.md","unknown","REQUIRES_UNKNOWN_REVIEW"
"01_BIOLOGY_AND_15_RESEARCH\references_E3B0C44298FC.md.migration.md","unknown","REQUIRES_UNKNOWN_REVIEW"
"01_BIOLOGY_AND_15_RESEARCH\resting.md.migration.md","unknown","REQUIRES_UNKNOWN_REVIEW"
"01_BIOLOGY_AND_15_RESEARCH\resting_E3B0C44298FC.md.migration.md","unknown","REQUIRES_UNKNOWN_REVIEW"
"01_BIOLOGY_AND_15_RESEARCH\social_behavior.md.migration.md","unknown","REQUIRES_UNKNOWN_REVIEW"
"01_BIOLOGY_AND_15_RESEARCH\social_behavior_E3B0C44298FC.md.migration.md","unknown","REQUIRES_UNKNOWN_REVIEW"
"01_BIOLOGY_AND_15_RESEARCH\sources.md.migration.md","unknown","REQUIRES_UNKNOWN_REVIEW"
"01_BIOLOGY_AND_15_RESEARCH\sources_E3B0C44298FC.md.migration.md","unknown","REQUIRES_UNKNOWN_REVIEW"
"01_BIOLOGY_AND_15_RESEARCH\species_profile.md.migration.md","unknown","REQUIRES_UNKNOWN_REVIEW"
"01_BIOLOGY_AND_15_RESEARCH\species_profile_E3B0C44298FC.md.migration.md","unknown","REQUIRES_UNKNOWN_REVIEW"
"01_BIOLOGY_AND_15_RESEARCH\vocalization.md.migration.md","unknown","REQUIRES_UNKNOWN_REVIEW"
"01_BIOLOGY_AND_15_RESEARCH\vocalization_E3B0C44298FC.md.migration.md","unknown","REQUIRES_UNKNOWN_REVIEW"
"03_BEHAVIOR_AND_20_EPISODE_INTEGRATION\animal_reaction_to_characters.md.migration.md","unknown","REQUIRES_UNKNOWN_REVIEW"
"03_BEHAVIOR_AND_20_EPISODE_INTEGRATION\battle_behavior.md.migration.md","unknown","REQUIRES_UNKNOWN_REVIEW"
"03_BEHAVIOR_AND_20_EPISODE_INTEGRATION\crowd_behavior.md.migration.md","unknown","REQUIRES_UNKNOWN_REVIEW"
"03_BEHAVIOR_AND_20_EPISODE_INTEGRATION\danger_behavior.md.migration.md","unknown","REQUIRES_UNKNOWN_REVIEW"
"03_BEHAVIOR_AND_20_EPISODE_INTEGRATION\death_event_behavior.md.migration.md","unknown","REQUIRES_UNKNOWN_REVIEW"
"03_BEHAVIOR_AND_20_EPISODE_INTEGRATION\divine_presence_behavior.md.migration.md","unknown","REQUIRES_UNKNOWN_REVIEW"
"03_BEHAVIOR_AND_20_EPISODE_INTEGRATION\fire_behavior.md.migration.md","unknown","REQUIRES_UNKNOWN_REVIEW"
"03_BEHAVIOR_AND_20_EPISODE_INTEGRATION\forest_travel_behavior.md.migration.md","unknown","REQUIRES_UNKNOWN_REVIEW"
"03_BEHAVIOR_AND_20_EPISODE_INTEGRATION\human_animal_reaction.md.migration.md","unknown","REQUIRES_UNKNOWN_REVIEW"
"03_BEHAVIOR_AND_20_EPISODE_INTEGRATION\loud_sound_behavior.md.migration.md","unknown","REQUIRES_UNKNOWN_REVIEW"
"03_BEHAVIOR_AND_20_EPISODE_INTEGRATION\normal_background_behavior.md.migration.md","unknown","REQUIRES_UNKNOWN_REVIEW"
"03_BEHAVIOR_AND_20_EPISODE_INTEGRATION\peaceful_scene_behavior.md.migration.md","unknown","REQUIRES_UNKNOWN_REVIEW"
"03_BEHAVIOR_AND_20_EPISODE_INTEGRATION\ritual_behavior.md.migration.md","unknown","REQUIRES_UNKNOWN_REVIEW"
"03_BEHAVIOR_AND_20_EPISODE_INTEGRATION\royal_arrival_behavior.md.migration.md","unknown","REQUIRES_UNKNOWN_REVIEW"
"03_BEHAVIOR_AND_20_EPISODE_INTEGRATION\scene_specific_behavior.md.migration.md","unknown","REQUIRES_UNKNOWN_REVIEW"
"03_BEHAVIOR_AND_20_EPISODE_INTEGRATION\storm_behavior.md.migration.md","unknown","REQUIRES_UNKNOWN_REVIEW"
"03_BEHAVIOR_AND_20_EPISODE_INTEGRATION\supernatural_event_behavior.md.migration.md","unknown","REQUIRES_UNKNOWN_REVIEW"
"03_BEHAVIOR_AND_20_EPISODE_INTEGRATION\wedding_behavior.md.migration.md","unknown","REQUIRES_UNKNOWN_REVIEW"
"03_BEHAVIOR_AND_20_EPISODE_INTEGRATION\yajna_behavior.md.migration.md","unknown","REQUIRES_UNKNOWN_REVIEW"
"05_ECOLOGY\animal_density.md.migration.md","unknown","REQUIRES_UNKNOWN_REVIEW"
"05_ECOLOGY\animal_migration.md.migration.md","unknown","REQUIRES_UNKNOWN_REVIEW"
"05_ECOLOGY\animal_resource_competition.md.migration.md","unknown","REQUIRES_UNKNOWN_REVIEW"
"05_ECOLOGY\ashram_population.md.migration.md","unknown","REQUIRES_UNKNOWN_REVIEW"
"05_ECOLOGY\background_animal_distribution.md.migration.md","unknown","REQUIRES_UNKNOWN_REVIEW"
"05_ECOLOGY\city_population.md.migration.md","unknown","REQUIRES_UNKNOWN_REVIEW"
"05_ECOLOGY\ecology_qa.md.migration.md","unknown","REQUIRES_UNKNOWN_REVIEW"
"05_ECOLOGY\food_chain.md.migration.md","unknown","REQUIRES_UNKNOWN_REVIEW"
"05_ECOLOGY\forest_ecology.md.migration.md","unknown","REQUIRES_UNKNOWN_REVIEW"
"05_ECOLOGY\forest_population.md.migration.md","unknown","REQUIRES_UNKNOWN_REVIEW"
"05_ECOLOGY\garden_population.md.migration.md","unknown","REQUIRES_UNKNOWN_REVIEW"
"05_ECOLOGY\grassland_ecology.md.migration.md","unknown","REQUIRES_UNKNOWN_REVIEW"
"05_ECOLOGY\habitat_population_rules.md.migration.md","unknown","REQUIRES_UNKNOWN_REVIEW"
"05_ECOLOGY\habitat_rules.md.migration.md","unknown","REQUIRES_UNKNOWN_REVIEW"
"05_ECOLOGY\human_settlement_ecology.md.migration.md","unknown","REQUIRES_UNKNOWN_REVIEW"
"05_ECOLOGY\individual_population_rules.md.migration.md","unknown","REQUIRES_UNKNOWN_REVIEW"
"05_ECOLOGY\lake_population.md.migration.md","unknown","REQUIRES_UNKNOWN_REVIEW"
"05_ECOLOGY\mountain_ecology.md.migration.md","unknown","REQUIRES_UNKNOWN_REVIEW"
"05_ECOLOGY\mountain_population.md.migration.md","unknown","REQUIRES_UNKNOWN_REVIEW"
"05_ECOLOGY\palace_population.md.migration.md","unknown","REQUIRES_UNKNOWN_REVIEW"
"05_ECOLOGY\population_qa.md.migration.md","unknown","REQUIRES_UNKNOWN_REVIEW"
"05_ECOLOGY\predator_prey.md.migration.md","unknown","REQUIRES_UNKNOWN_REVIEW"
"05_ECOLOGY\river_ecology.md.migration.md","unknown","REQUIRES_UNKNOWN_REVIEW"
"05_ECOLOGY\river_population.md.migration.md","unknown","REQUIRES_UNKNOWN_REVIEW"
"05_ECOLOGY\road_population.md.migration.md","unknown","REQUIRES_UNKNOWN_REVIEW"
"05_ECOLOGY\royal_court_population.md.migration.md","unknown","REQUIRES_UNKNOWN_REVIEW"
"05_ECOLOGY\seasonal_changes.md.migration.md","unknown","REQUIRES_UNKNOWN_REVIEW"
"05_ECOLOGY\species_registry.md.migration.md","unknown","REQUIRES_UNKNOWN_REVIEW"
"05_ECOLOGY\terrain_interaction.md.migration.md","unknown","REQUIRES_UNKNOWN_REVIEW"
"05_ECOLOGY\time_of_day.md.migration.md","unknown","REQUIRES_UNKNOWN_REVIEW"
"05_ECOLOGY\vegetation_interaction.md.migration.md","unknown","REQUIRES_UNKNOWN_REVIEW"
"05_ECOLOGY\village_ecology.md.migration.md","unknown","REQUIRES_UNKNOWN_REVIEW"
"05_ECOLOGY\village_population.md.migration.md","unknown","REQUIRES_UNKNOWN_REVIEW"
"05_ECOLOGY\water_sources.md.migration.md","unknown","REQUIRES_UNKNOWN_REVIEW"
"05_ECOLOGY\weather_response.md.migration.md","unknown","REQUIRES_UNKNOWN_REVIEW"
"05_ECOLOGY\wedding_population.md.migration.md","unknown","REQUIRES_UNKNOWN_REVIEW"
"05_ECOLOGY\wilderness_population.md.migration.md","unknown","REQUIRES_UNKNOWN_REVIEW"
"05_ECOLOGY\yajna_population.md.migration.md","unknown","REQUIRES_UNKNOWN_REVIEW"
"05_ECOLOGY_AND_03_BEHAVIOR\family_group_system.md.migration.md","unknown","REQUIRES_UNKNOWN_REVIEW"
"05_ECOLOGY_AND_03_BEHAVIOR\flock_system.md.migration.md","unknown","REQUIRES_UNKNOWN_REVIEW"
"05_ECOLOGY_AND_03_BEHAVIOR\group_alert_behavior.md.migration.md","unknown","REQUIRES_UNKNOWN_REVIEW"
"05_ECOLOGY_AND_03_BEHAVIOR\group_feeding.md.migration.md","unknown","REQUIRES_UNKNOWN_REVIEW"
"05_ECOLOGY_AND_03_BEHAVIOR\group_movement.md.migration.md","unknown","REQUIRES_UNKNOWN_REVIEW"
"05_ECOLOGY_AND_03_BEHAVIOR\group_reaction_propagation.md.migration.md","unknown","REQUIRES_UNKNOWN_REVIEW"
"05_ECOLOGY_AND_03_BEHAVIOR\group_resting.md.migration.md","unknown","REQUIRES_UNKNOWN_REVIEW"
"05_ECOLOGY_AND_03_BEHAVIOR\herd_system.md.migration.md","unknown","REQUIRES_UNKNOWN_REVIEW"
"05_ECOLOGY_AND_03_BEHAVIOR\mixed_species_interaction.md.migration.md","unknown","REQUIRES_UNKNOWN_REVIEW"
"05_ECOLOGY_AND_03_BEHAVIOR\mother_offspring_system.md.migration.md","unknown","REQUIRES_UNKNOWN_REVIEW"
"05_ECOLOGY_AND_03_BEHAVIOR\pair_system.md.migration.md","unknown","REQUIRES_UNKNOWN_REVIEW"
"05_ECOLOGY_AND_03_BEHAVIOR\predator_groups.md.migration.md","unknown","REQUIRES_UNKNOWN_REVIEW"
"05_ECOLOGY_AND_03_BEHAVIOR\social_hierarchy.md.migration.md","unknown","REQUIRES_UNKNOWN_REVIEW"
"05_ECOLOGY_AND_03_BEHAVIOR\solitary_animals.md.migration.md","unknown","REQUIRES_UNKNOWN_REVIEW"
"05_ECOLOGY_AND_03_BEHAVIOR\territorial_groups.md.migration.md","unknown","REQUIRES_UNKNOWN_REVIEW"
"05_ECOLOGY_AND_03_BEHAVIOR\troop_system.md.migration.md","unknown","REQUIRES_UNKNOWN_REVIEW"
"11_AUDIO\age_based_sound_variation.md.migration.md","unknown","REQUIRES_UNKNOWN_REVIEW"
"11_AUDIO\aggression_sounds.md.migration.md","unknown","REQUIRES_UNKNOWN_REVIEW"
"11_AUDIO\aggression_to_sound.md.migration.md","unknown","REQUIRES_UNKNOWN_REVIEW"
"11_AUDIO\alarm_calls.md.migration.md","unknown","REQUIRES_UNKNOWN_REVIEW"
"11_AUDIO\alarm_to_sound.md.migration.md","unknown","REQUIRES_UNKNOWN_REVIEW"
"11_AUDIO\amphibian_sound_profiles.md.migration.md","unknown","REQUIRES_UNKNOWN_REVIEW"
"11_AUDIO\animal_audio_continuity.md.migration.md","unknown","REQUIRES_UNKNOWN_REVIEW"
"11_AUDIO\animal_audio_continuity_E3B0C44298FC.md.migration.md","unknown","REQUIRES_UNKNOWN_REVIEW"
"11_AUDIO\animal_audio_directionality.md.migration.md","unknown","REQUIRES_UNKNOWN_REVIEW"
"11_AUDIO\animal_audio_distance.md.migration.md","unknown","REQUIRES_UNKNOWN_REVIEW"
"11_AUDIO\animal_audio_intensity.md.migration.md","unknown","REQUIRES_UNKNOWN_REVIEW"
"11_AUDIO\animal_audio_registry.md.migration.md","unknown","REQUIRES_UNKNOWN_REVIEW"
"11_AUDIO\animal_audio_reverb.md.migration.md","unknown","REQUIRES_UNKNOWN_REVIEW"
"11_AUDIO\animal_audio_system.md.migration.md","unknown","REQUIRES_UNKNOWN_REVIEW"
"11_AUDIO\animal_audio_timing.md.migration.md","unknown","REQUIRES_UNKNOWN_REVIEW"
"11_AUDIO\animal_sound_identity.md.migration.md","unknown","REQUIRES_UNKNOWN_REVIEW"
"11_AUDIO\animal_sound_references.md.migration.md","unknown","REQUIRES_UNKNOWN_REVIEW"
"11_AUDIO\animal_sound_requirements.md.migration.md","unknown","REQUIRES_UNKNOWN_REVIEW"
"11_AUDIO\animal_sound_system.md.migration.md","unknown","REQUIRES_UNKNOWN_REVIEW"
"11_AUDIO\animal_to_audio.md.migration.md","unknown","REQUIRES_UNKNOWN_REVIEW"
"11_AUDIO\animal_to_sound_design.md.migration.md","unknown","REQUIRES_UNKNOWN_REVIEW"
"11_AUDIO\background_sound_layers.md.migration.md","unknown","REQUIRES_UNKNOWN_REVIEW"
"11_AUDIO\behavior_recordings.md.migration.md","unknown","REQUIRES_UNKNOWN_REVIEW"
"11_AUDIO\behavior_to_sound.md.migration.md","unknown","REQUIRES_UNKNOWN_REVIEW"
"11_AUDIO\bird_sound_profiles.md.migration.md","unknown","REQUIRES_UNKNOWN_REVIEW"
"11_AUDIO\calm_sounds.md.migration.md","unknown","REQUIRES_UNKNOWN_REVIEW"
"11_AUDIO\contact_calls.md.migration.md","unknown","REQUIRES_UNKNOWN_REVIEW"
"11_AUDIO\courtship_calls.md.migration.md","unknown","REQUIRES_UNKNOWN_REVIEW"
"11_AUDIO\distress_calls.md.migration.md","unknown","REQUIRES_UNKNOWN_REVIEW"
"11_AUDIO\distress_to_sound.md.migration.md","unknown","REQUIRES_UNKNOWN_REVIEW"
"11_AUDIO\divine_event_animal_response.md.migration.md","unknown","REQUIRES_UNKNOWN_REVIEW"
"11_AUDIO\domestic_recordings.md.migration.md","unknown","REQUIRES_UNKNOWN_REVIEW"
"11_AUDIO\emotion_to_sound.md.migration.md","unknown","REQUIRES_UNKNOWN_REVIEW"
"11_AUDIO\environment_change_to_sound.md.migration.md","unknown","REQUIRES_UNKNOWN_REVIEW"
"11_AUDIO\environment_reactive_sounds.md.migration.md","unknown","REQUIRES_UNKNOWN_REVIEW"
"11_AUDIO\environment_recordings.md.migration.md","unknown","REQUIRES_UNKNOWN_REVIEW"
"11_AUDIO\fear_sounds.md.migration.md","unknown","REQUIRES_UNKNOWN_REVIEW"
"11_AUDIO\fear_to_sound.md.migration.md","unknown","REQUIRES_UNKNOWN_REVIEW"
"11_AUDIO\feeding_sounds.md.migration.md","unknown","REQUIRES_UNKNOWN_REVIEW"
"11_AUDIO\fish_sound_profiles.md.migration.md","unknown","REQUIRES_UNKNOWN_REVIEW"
"11_AUDIO\forest_animal_soundscape.md.migration.md","unknown","REQUIRES_UNKNOWN_REVIEW"
"11_AUDIO\group_behavior_to_sound.md.migration.md","unknown","REQUIRES_UNKNOWN_REVIEW"
"11_AUDIO\group_calls.md.migration.md","unknown","REQUIRES_UNKNOWN_REVIEW"
"11_AUDIO\individual_call_variation.md.migration.md","unknown","REQUIRES_UNKNOWN_REVIEW"
"11_AUDIO\individual_pitch_variation.md.migration.md","unknown","REQUIRES_UNKNOWN_REVIEW"
"11_AUDIO\individual_rhythm_variation.md.migration.md","unknown","REQUIRES_UNKNOWN_REVIEW"
"11_AUDIO\individual_sound_continuity.md.migration.md","unknown","REQUIRES_UNKNOWN_REVIEW"
"11_AUDIO\individual_sound_variation.md.migration.md","unknown","REQUIRES_UNKNOWN_REVIEW"
"11_AUDIO\individual_timbre_variation.md.migration.md","unknown","REQUIRES_UNKNOWN_REVIEW"
"11_AUDIO\individual_voice_identity.md.migration.md","unknown","REQUIRES_UNKNOWN_REVIEW"
"11_AUDIO\individual_volume_variation.md.migration.md","unknown","REQUIRES_UNKNOWN_REVIEW"
"11_AUDIO\insect_sound_profiles.md.migration.md","unknown","REQUIRES_UNKNOWN_REVIEW"
"11_AUDIO\mammal_sound_profiles.md.migration.md","unknown","REQUIRES_UNKNOWN_REVIEW"
"11_AUDIO\mating_calls.md.migration.md","unknown","REQUIRES_UNKNOWN_REVIEW"
"11_AUDIO\mother_offspring_calls.md.migration.md","unknown","REQUIRES_UNKNOWN_REVIEW"
"11_AUDIO\mountain_animal_soundscape.md.migration.md","unknown","REQUIRES_UNKNOWN_REVIEW"
"11_AUDIO\movement_sounds.md.migration.md","unknown","REQUIRES_UNKNOWN_REVIEW"
"11_AUDIO\movement_to_sound.md.migration.md","unknown","REQUIRES_UNKNOWN_REVIEW"
"11_AUDIO\non_vocal_animal_sounds.md.migration.md","unknown","REQUIRES_UNKNOWN_REVIEW"
"11_AUDIO\pain_sounds.md.migration.md","unknown","REQUIRES_UNKNOWN_REVIEW"
"11_AUDIO\palace_animal_soundscape.md.migration.md","unknown","REQUIRES_UNKNOWN_REVIEW"
"11_AUDIO\parent_offspring_calls.md.migration.md","unknown","REQUIRES_UNKNOWN_REVIEW"
"11_AUDIO\parent_offspring_to_sound.md.migration.md","unknown","REQUIRES_UNKNOWN_REVIEW"
"11_AUDIO\reference_provenance.md.migration.md","unknown","REQUIRES_UNKNOWN_REVIEW"
"11_AUDIO\reference_quality.md.migration.md","unknown","REQUIRES_UNKNOWN_REVIEW"
"11_AUDIO\reptile_sound_profiles.md.migration.md","unknown","REQUIRES_UNKNOWN_REVIEW"
"11_AUDIO\river_animal_soundscape.md.migration.md","unknown","REQUIRES_UNKNOWN_REVIEW"
"11_AUDIO\sex_based_sound_variation.md.migration.md","unknown","REQUIRES_UNKNOWN_REVIEW"
"11_AUDIO\social_calls.md.migration.md","unknown","REQUIRES_UNKNOWN_REVIEW"
"11_AUDIO\social_interaction_to_sound.md.migration.md","unknown","REQUIRES_UNKNOWN_REVIEW"
"11_AUDIO\sound_absorption.md.migration.md","unknown","REQUIRES_UNKNOWN_REVIEW"
"11_AUDIO\sound_direction.md.migration.md","unknown","REQUIRES_UNKNOWN_REVIEW"
"11_AUDIO\sound_distance.md.migration.md","unknown","REQUIRES_UNKNOWN_REVIEW"
"11_AUDIO\sound_environment.md.migration.md","unknown","REQUIRES_UNKNOWN_REVIEW"
"11_AUDIO\sound_occlusion.md.migration.md","unknown","REQUIRES_UNKNOWN_REVIEW"
"11_AUDIO\sound_position.md.migration.md","unknown","REQUIRES_UNKNOWN_REVIEW"
"11_AUDIO\sound_reflection.md.migration.md","unknown","REQUIRES_UNKNOWN_REVIEW"
"11_AUDIO\sound_reverberation.md.migration.md","unknown","REQUIRES_UNKNOWN_REVIEW"
"11_AUDIO\species_recordings.md.migration.md","unknown","REQUIRES_UNKNOWN_REVIEW"
"11_AUDIO\species_sound_profile_system.md.migration.md","unknown","REQUIRES_UNKNOWN_REVIEW"
"11_AUDIO\species_sound_profiles.md.migration.md","unknown","REQUIRES_UNKNOWN_REVIEW"
"11_AUDIO\species_vocalizations.md.migration.md","unknown","REQUIRES_UNKNOWN_REVIEW"
"11_AUDIO\territorial_calls.md.migration.md","unknown","REQUIRES_UNKNOWN_REVIEW"
"11_AUDIO\village_animal_soundscape.md.migration.md","unknown","REQUIRES_UNKNOWN_REVIEW"
"11_AUDIO\vocalization_system.md.migration.md","unknown","REQUIRES_UNKNOWN_REVIEW"
"11_AUDIO\warning_calls.md.migration.md","unknown","REQUIRES_UNKNOWN_REVIEW"
"11_AUDIO\warning_sounds.md.migration.md","unknown","REQUIRES_UNKNOWN_REVIEW"
"11_AUDIO\wedding_animal_soundscape.md.migration.md","unknown","REQUIRES_UNKNOWN_REVIEW"
"11_AUDIO\wild_recordings.md.migration.md","unknown","REQUIRES_UNKNOWN_REVIEW"
"11_AUDIO\yajna_animal_soundscape.md.migration.md","unknown","REQUIRES_UNKNOWN_REVIEW"
"15_RESEARCH\behavior_references.md.migration.md","unknown","REQUIRES_UNKNOWN_REVIEW"
"15_RESEARCH\canonical_animal_mentions.md.migration.md","unknown","REQUIRES_UNKNOWN_REVIEW"
"15_RESEARCH\habitat_references.md.migration.md","unknown","REQUIRES_UNKNOWN_REVIEW"
"15_RESEARCH\historical_animal_context.md.migration.md","unknown","REQUIRES_UNKNOWN_REVIEW"
"15_RESEARCH\ramcharitmanas_animal_registry.md.migration.md","unknown","REQUIRES_UNKNOWN_REVIEW"
"15_RESEARCH\secondary_source_animal_registry.md.migration.md","unknown","REQUIRES_UNKNOWN_REVIEW"
"15_RESEARCH\source_conflicts.md.migration.md","unknown","REQUIRES_UNKNOWN_REVIEW"
"15_RESEARCH\traditional_iconography.md.migration.md","unknown","REQUIRES_UNKNOWN_REVIEW"
"15_RESEARCH\visual_references.md.migration.md","unknown","REQUIRES_UNKNOWN_REVIEW"
"15_RESEARCH\zoological_references.md.migration.md","unknown","REQUIRES_UNKNOWN_REVIEW"
