"Path","Extension","Bytes","MaterialTerms","EvidenceTerms","AssetTerms"
"3D\MATERIAL_HANDOFF\material_assignment.md",".md","1366","True","True","True"
"ANIMALS\01_ANIMAL_TRUTH\animal_truth_architectural_closure.md",".md","5861","False","True","True"
"ANIMALS\01_ANIMAL_TRUTH\animal_truth_final_control.md",".md","1847","False","True","True"
"ANIMALS\01_ANIMAL_TRUTH\animal_truth_index.md",".md","3576","True","True","True"
"ANIMALS\01_ANIMAL_TRUTH\CANON_CONNECTION\canon_status.md",".md","1722","False","True","True"
"ANIMALS\01_ANIMAL_TRUTH\DECISIONS\decision_definition.md",".md","1000","False","True","True"
"ANIMALS\01_ANIMAL_TRUTH\EVIDENCE\evidence_registry.md",".md","1403","False","True","True"
"ANIMALS\01_ANIMAL_TRUTH\HANDOFFS\handoff_contract.md",".md","1128","True","False","True"
"ANIMALS\01_ANIMAL_TRUTH\IDENTIFICATION\identification_confidence.md",".md","1289","False","True","True"
"ANIMALS\01_ANIMAL_TRUTH\IDENTIFICATION\identification_conflicts.md",".md","1262","False","True","True"
"ANIMALS\01_ANIMAL_TRUTH\IDENTIFICATION\possible_species.md",".md","1196","False","True","True"
"ANIMALS\01_ANIMAL_TRUTH\IDENTITY_CONTROL\entity_vs_record.md",".md","995","False","True","True"
"ANIMALS\01_ANIMAL_TRUTH\IDENTITY_CONTROL\identity_lock_rules.md",".md","835","False","True","True"
"ANIMALS\01_ANIMAL_TRUTH\INDIVIDUALS\individual_identity.md",".md","1364","True","True","True"
"ANIMALS\01_ANIMAL_TRUTH\SPECIES\species_definition.md",".md","1131","False","True","True"
"ANIMALS\01_ANIMAL_TRUTH\SPECIES\species_identity.md",".md","1120","False","True","True"
"ANIMALS\01_ANIMAL_TRUTH\UNCERTAINTY\confidence_model.md",".md","988","False","True","True"
"ANIMALS\01_ANIMAL_TRUTH\UNCERTAINTY\uncertainty_propagation_matrix.md",".md","1287","False","True","True"
"ANIMALS\02_BIOLOGY\BIOLOGY_DATA_DICTIONARY.md",".md","1646","False","True","True"
"ANIMALS\02_BIOLOGY\biology_definition.md",".md","3257","False","True","True"
"ANIMALS\02_BIOLOGY\BIOLOGY_GLOBAL_RULES.md",".md","2088","False","True","True"
"ANIMALS\02_BIOLOGY\biology_index.md",".md","3708","False","True","True"
"ANIMALS\02_BIOLOGY\BIOLOGY_MASTER_CONTRACT.md",".md","4327","False","True","True"
"ANIMALS\02_BIOLOGY\BIOLOGY_MASTER_RULES.md",".md","7742","False","True","True"
"ANIMALS\02_BIOLOGY\AGE\age_definition.md",".md","2666","False","True","True"
"ANIMALS\02_BIOLOGY\AGE\age_specific_constraints.md",".md","2804","False","True","True"
"ANIMALS\02_BIOLOGY\AGE\aging.md",".md","2712","False","True","True"
"ANIMALS\02_BIOLOGY\AGE\biological_age.md",".md","2764","False","True","True"
"ANIMALS\02_BIOLOGY\AGE\chronological_age.md",".md","2833","False","True","True"
"ANIMALS\02_BIOLOGY\AGE\development.md",".md","2698","False","True","True"
"ANIMALS\02_BIOLOGY\AGE\life_stages.md",".md","2658","False","True","True"
"ANIMALS\02_BIOLOGY\ANATOMY\skin_fur_feathers.md",".md","2859","False","True","True"
"ANIMALS\02_BIOLOGY\CONTROL\anti_hallucination_master.md",".md","2841","False","True","True"
"ANIMALS\02_BIOLOGY\CONTROL\biological_assumption_rules.md",".md","2712","False","True","True"
"ANIMALS\02_BIOLOGY\CONTROL\biological_change_control.md",".md","2717","False","True","True"
"ANIMALS\02_BIOLOGY\CONTROL\biological_claim_rules.md",".md","2690","False","True","True"
"ANIMALS\02_BIOLOGY\CONTROL\biological_conflict_registry.md",".md","2628","False","True","True"
"ANIMALS\02_BIOLOGY\CONTROL\biological_conflict_resolution.md",".md","2782","False","True","True"
"ANIMALS\02_BIOLOGY\CONTROL\biological_unknowns.md",".md","2755","False","True","True"
"ANIMALS\02_BIOLOGY\CONTROL\biological_unknown_registry.md",".md","2673","False","True","True"
"ANIMALS\02_BIOLOGY\CONTROL\BIOLOGY_COMPLETION_AUDIT.md",".md","3005","False","True","True"
"ANIMALS\02_BIOLOGY\CONTROL\BIOLOGY_DATA_DICTIONARY.md",".md","2866","False","True","True"
"ANIMALS\02_BIOLOGY\CONTROL\biology_provenance_rules.md",".md","2735","True","True","True"
"ANIMALS\02_BIOLOGY\CONTROL\GENERATION_GUARD.md",".md","2942","False","True","True"
"ANIMALS\02_BIOLOGY\CONTROL\production_biology_gate.md",".md","3004","False","True","True"
"ANIMALS\02_BIOLOGY\CONTROL\DEPENDENCIES\regression_contract.md",".md","325","False","False","True"
"ANIMALS\02_BIOLOGY\CONTROL\VALIDATORS\biological_compatibility_rules.md",".md","2307","False","False","True"
"ANIMALS\02_BIOLOGY\HANDOFFS\behavior_handoff.md",".md","2691","False","True","True"
"ANIMALS\02_BIOLOGY\HANDOFFS\continuity_handoff.md",".md","2694","False","True","True"
"ANIMALS\02_BIOLOGY\HANDOFFS\domestic_trained_handoff.md",".md","2653","False","True","True"
"ANIMALS\02_BIOLOGY\HANDOFFS\ecology_handoff.md",".md","2639","False","True","True"
"ANIMALS\02_BIOLOGY\HANDOFFS\movement_handoff.md",".md","2695","False","True","True"
"ANIMALS\02_BIOLOGY\HANDOFFS\production_handoff.md",".md","2785","False","True","True"
"ANIMALS\02_BIOLOGY\HANDOFFS\visual_identity_handoff.md",".md","2705","False","True","True"
"ANIMALS\02_BIOLOGY\HEALTH\baseline_health.md",".md","2738","False","True","True"
"ANIMALS\02_BIOLOGY\HEALTH\disability.md",".md","2611","False","True","True"
"ANIMALS\02_BIOLOGY\HEALTH\disease.md",".md","2686","False","True","True"
"ANIMALS\02_BIOLOGY\HEALTH\healing.md",".md","2621","False","True","True"
"ANIMALS\02_BIOLOGY\HEALTH\health_definition.md",".md","2645","False","True","True"
"ANIMALS\02_BIOLOGY\HEALTH\health_states.md",".md","2744","False","True","True"
"ANIMALS\02_BIOLOGY\HEALTH\health_state_continuity.md",".md","2625","False","True","True"
"ANIMALS\02_BIOLOGY\HEALTH\injury.md",".md","2684","False","True","True"
"ANIMALS\02_BIOLOGY\HEALTH\pain_response.md",".md","2692","False","True","True"
"ANIMALS\02_BIOLOGY\HEALTH\parasites.md",".md","2699","False","True","True"
"ANIMALS\02_BIOLOGY\HEALTH\wounds.md",".md","2617","False","True","True"
"ANIMALS\02_BIOLOGY\HISTORICAL_BIOLOGY\ancient_range.md",".md","2797","False","True","True"
"ANIMALS\02_BIOLOGY\HISTORICAL_BIOLOGY\CURRENT_BIOLOGY_SCOPE.md",".md","1100","False","True","True"
"ANIMALS\02_BIOLOGY\HISTORICAL_BIOLOGY\historical_baseline.md",".md","2837","False","True","True"
"ANIMALS\02_BIOLOGY\HISTORICAL_BIOLOGY\historical_breed_uncertainty.md",".md","2737","False","True","True"
"ANIMALS\02_BIOLOGY\HISTORICAL_BIOLOGY\historical_domestication.md",".md","2724","False","True","True"
"ANIMALS\02_BIOLOGY\HISTORICAL_BIOLOGY\historical_ecology_connection.md",".md","2693","False","True","True"
"ANIMALS\02_BIOLOGY\HISTORICAL_BIOLOGY\reconstruction_limits.md",".md","2706","False","True","True"
"ANIMALS\02_BIOLOGY\INDIVIDUAL_BIOLOGICAL_STATE\baseline_state.md",".md","2748","False","True","True"
"ANIMALS\02_BIOLOGY\INDIVIDUAL_BIOLOGICAL_STATE\current_state.md",".md","2672","False","True","True"
"ANIMALS\02_BIOLOGY\INDIVIDUAL_BIOLOGICAL_STATE\individual_age_lock.md",".md","2722","False","True","True"
"ANIMALS\02_BIOLOGY\INDIVIDUAL_BIOLOGICAL_STATE\individual_health_lock.md",".md","2712","False","True","True"
"ANIMALS\02_BIOLOGY\INDIVIDUAL_BIOLOGICAL_STATE\individual_sex_lock.md",".md","2715","False","True","True"
"ANIMALS\02_BIOLOGY\INDIVIDUAL_BIOLOGICAL_STATE\species_fact_override_prevention.md",".md","2840","False","True","True"
"ANIMALS\02_BIOLOGY\INDIVIDUAL_BIOLOGICAL_STATE\state_definition.md",".md","2843","False","True","True"
"ANIMALS\02_BIOLOGY\INDIVIDUAL_BIOLOGICAL_STATE\state_dependencies.md",".md","2835","False","True","True"
"ANIMALS\02_BIOLOGY\INDIVIDUAL_BIOLOGICAL_STATE\state_transition.md",".md","2765","False","True","True"
"ANIMALS\02_BIOLOGY\LEGACY\SENSORY_SYSTEM_20261006_235357\touch.md",".md","2736","False","True","True"
"ANIMALS\02_BIOLOGY\NATURAL_VARIATION\age_variation.md",".md","2606","False","True","True"
"ANIMALS\02_BIOLOGY\NATURAL_VARIATION\environmental_variation.md",".md","2742","False","True","True"
"ANIMALS\02_BIOLOGY\NATURAL_VARIATION\geographic_variation.md",".md","2671","False","True","True"
"ANIMALS\02_BIOLOGY\NATURAL_VARIATION\individual_variation.md",".md","2685","False","True","True"
"ANIMALS\02_BIOLOGY\NATURAL_VARIATION\seasonal_variation.md",".md","2654","False","True","True"
"ANIMALS\02_BIOLOGY\NATURAL_VARIATION\sex_variation.md",".md","2585","False","True","True"
"ANIMALS\02_BIOLOGY\NATURAL_VARIATION\species_variation.md",".md","2651","False","True","True"
"ANIMALS\02_BIOLOGY\NATURAL_VARIATION\variation_definition.md",".md","2687","False","True","True"
"ANIMALS\02_BIOLOGY\NUTRITION\dietary_requirements.md",".md","2736","False","True","True"
"ANIMALS\02_BIOLOGY\NUTRITION\digestion.md",".md","2705","False","True","True"
"ANIMALS\02_BIOLOGY\NUTRITION\feeding_biology.md",".md","2723","False","True","True"
"ANIMALS\02_BIOLOGY\NUTRITION\feeding_constraints.md",".md","2666","False","True","True"
"ANIMALS\02_BIOLOGY\NUTRITION\hunger.md",".md","2639","False","True","True"
"ANIMALS\02_BIOLOGY\NUTRITION\nutritional_state.md",".md","2611","False","True","True"
"ANIMALS\02_BIOLOGY\NUTRITION\thirst.md",".md","2637","False","True","True"
"ANIMALS\02_BIOLOGY\PHYSIOLOGY\circulation.md",".md","2648","False","True","True"
"ANIMALS\02_BIOLOGY\PHYSIOLOGY\energy.md",".md","2645","False","True","True"
"ANIMALS\02_BIOLOGY\PHYSIOLOGY\fatigue.md",".md","2705","False","True","True"
"ANIMALS\02_BIOLOGY\PHYSIOLOGY\hydration.md",".md","2662","False","True","True"
"ANIMALS\02_BIOLOGY\PHYSIOLOGY\metabolism.md",".md","2738","False","True","True"
"ANIMALS\02_BIOLOGY\PHYSIOLOGY\physiological_limits.md",".md","2742","False","True","True"
"ANIMALS\02_BIOLOGY\PHYSIOLOGY\physiological_systems.md",".md","2718","False","True","True"
"ANIMALS\02_BIOLOGY\PHYSIOLOGY\recovery.md",".md","2611","False","True","True"
"ANIMALS\02_BIOLOGY\PHYSIOLOGY\respiration.md",".md","2702","False","True","True"
"ANIMALS\02_BIOLOGY\PHYSIOLOGY\thermoregulation.md",".md","2727","False","True","True"
"ANIMALS\02_BIOLOGY\REPRODUCTION\birth.md",".md","2638","False","True","True"
"ANIMALS\02_BIOLOGY\REPRODUCTION\fertility.md",".md","2626","False","True","True"
"ANIMALS\02_BIOLOGY\REPRODUCTION\gestation.md",".md","2605","False","True","True"
"ANIMALS\02_BIOLOGY\REPRODUCTION\lactation.md",".md","2647","False","True","True"
"ANIMALS\02_BIOLOGY\REPRODUCTION\mating_season.md",".md","2647","False","True","True"
"ANIMALS\02_BIOLOGY\REPRODUCTION\offspring_development.md",".md","2673","False","True","True"
"ANIMALS\02_BIOLOGY\REPRODUCTION\pregnancy.md",".md","2732","False","True","True"
"ANIMALS\02_BIOLOGY\REPRODUCTION\reproductive_biology.md",".md","2768","False","True","True"
"ANIMALS\02_BIOLOGY\REPRODUCTION\reproductive_cycle.md",".md","2736","False","True","True"
"ANIMALS\02_BIOLOGY\RESEARCH\biology_research_registry.md",".md","3150","False","True","True"
"ANIMALS\02_BIOLOGY\RESEARCH\evidence_requirements.md",".md","2748","False","True","True"
"ANIMALS\02_BIOLOGY\RESEARCH\research_conflicts.md",".md","2737","False","True","True"
"ANIMALS\02_BIOLOGY\RESEARCH\research_status.md",".md","2656","False","True","True"
"ANIMALS\02_BIOLOGY\RESEARCH\research_uncertainty.md",".md","2678","False","True","True"
"ANIMALS\02_BIOLOGY\RESEARCH\SPECIES_BIOLOGY_BASELINES.md",".md","11545","True","True","True"
"ANIMALS\02_BIOLOGY\RESEARCH\species_biology_records.md",".md","3230","False","True","True"
"ANIMALS\02_BIOLOGY\RESEARCH\SPECIES_REGISTRY.md",".md","5732","False","True","True"
"ANIMALS\02_BIOLOGY\RESEARCH\SPECIES_STATUS\research_gate.md",".md","1254","False","True","True"
"ANIMALS\02_BIOLOGY\REST_AND_SLEEP\recovery_cycles.md",".md","2608","False","True","True"
"ANIMALS\02_BIOLOGY\REST_AND_SLEEP\rest_requirements.md",".md","2658","False","True","True"
"ANIMALS\02_BIOLOGY\REST_AND_SLEEP\sleep_requirements.md",".md","2699","False","True","True"
"ANIMALS\02_BIOLOGY\REST_AND_SLEEP\sleep_stages.md",".md","2651","False","True","True"
"ANIMALS\02_BIOLOGY\REST_AND_SLEEP\vigilance.md",".md","2721","False","True","True"
"ANIMALS\02_BIOLOGY\SENSES\balance.md",".md","2550","False","True","True"
"ANIMALS\02_BIOLOGY\SENSES\field_of_view.md",".md","2606","False","True","True"
"ANIMALS\02_BIOLOGY\SENSES\hearing.md",".md","2580","False","True","True"
"ANIMALS\02_BIOLOGY\SENSES\proprioception.md",".md","2612","False","True","True"
"ANIMALS\02_BIOLOGY\SENSES\sensory_environment_interaction.md",".md","2800","False","True","True"
"ANIMALS\02_BIOLOGY\SENSES\sensory_limitations.md",".md","2685","False","True","True"
"ANIMALS\02_BIOLOGY\SENSES\sensory_range.md",".md","2598","False","True","True"
"ANIMALS\02_BIOLOGY\SENSES\sensory_system.md",".md","2652","False","True","True"
"ANIMALS\02_BIOLOGY\SENSES\smell.md",".md","2659","False","True","True"
"ANIMALS\02_BIOLOGY\SENSES\taste.md",".md","2533","False","True","True"
"ANIMALS\02_BIOLOGY\SENSES\touch.md",".md","2598","False","True","True"
"ANIMALS\02_BIOLOGY\SENSES\vision.md",".md","2679","False","True","True"
"ANIMALS\02_BIOLOGY\SEX\sexual_dimorphism.md",".md","2636","False","True","True"
"ANIMALS\02_BIOLOGY\SEX\sex_definition.md",".md","2655","False","True","True"
"ANIMALS\02_BIOLOGY\SEX\sex_differences.md",".md","2673","False","True","True"
"ANIMALS\02_BIOLOGY\SEX\sex_specific_anatomy.md",".md","2655","False","True","True"
"ANIMALS\02_BIOLOGY\SEX\sex_specific_behavior_constraints.md",".md","2704","False","True","True"
"ANIMALS\02_BIOLOGY\SEX\sex_specific_physiology.md",".md","2648","False","True","True"
"ANIMALS\03_BEHAVIOR\02_BEHAVIOR_DATABASE\behavior_database_index.md",".md","5977","True","True","True"
"ANIMALS\03_BEHAVIOR\11_RESEARCH_CONTROL\behavior_database_validation.md",".md","5963","False","True","True"
"ANIMALS\04_MOVEMENT\05_TERRAIN_ENVIRONMENT\obstacles_climbing_jumping_and_navigation.md",".md","385","False","False","True"
"ANIMALS\05_ECOLOGY\ECOLOGY_SYSTEM_STATUS.md",".md","1163","False","True","True"
"ANIMALS\05_ECOLOGY\05_WATER_SYSTEMS\river_floodplain_and_wetland_systems.md",".md","366","False","False","True"
"ANIMALS\05_ECOLOGY\12_BACKGROUND_WORLD\natural_variation_and_imperfection.md",".md","505","False","False","True"
"ANIMALS\05_ECOLOGY\13_RESEARCH_CONTROL\carrying_capacity_and_concentration.md",".md","1069","False","True","True"
"ANIMALS\05_ECOLOGY\13_RESEARCH_CONTROL\ecological_causal_chain.md",".md","860","False","False","True"
"ANIMALS\05_ECOLOGY\15_FINAL_HARDENING\03_SPATIAL_TEMPORAL_DEMOGRAPHIC_MODEL.md",".md","2073","False","True","True"
"ANIMALS\05_ECOLOGY\15_FINAL_HARDENING\04_ECOLOGICAL_CAUSALITY_AND_FOODWEB.md",".md","2113","False","True","True"
"ANIMALS\05_ECOLOGY\15_FINAL_HARDENING\05_SCENE_TO_PIXEL_TRACEABILITY.md",".md","2270","False","True","True"
"ANIMALS\05_ECOLOGY\15_FINAL_HARDENING\06_CROSS_SYSTEM_GOVERNANCE.md",".md","2044","False","True","True"
"ANIMALS\05_ECOLOGY\15_FINAL_HARDENING\ecology_production_trace_schema.json",".json","396","False","False","True"
"ANIMALS\06_DOMESTIC_TRAINED\DOMESTIC_TRAINED_SYSTEM_STATUS.md",".md","1446","False","True","True"
"ANIMALS\06_DOMESTIC_TRAINED\01_CORE\domestic_trained_index.md",".md","949","False","True","True"
"ANIMALS\06_DOMESTIC_TRAINED\01_CORE\domestic_trained_ownership_and_boundaries.md",".md","1391","False","False","True"
"ANIMALS\06_DOMESTIC_TRAINED\07_EQUIPMENT\equipment_database.md",".md","7152","True","True","True"
"ANIMALS\06_DOMESTIC_TRAINED\11_CONTINUITY\animal_replacement_and_identity.md",".md","507","False","False","True"
"ANIMALS\06_DOMESTIC_TRAINED\12_RESEARCH_CONTROL\dependency_invalidation.md",".md","424","False","False","True"
"ANIMALS\06_DOMESTIC_TRAINED\13_PRODUCTION_HANDOFF\ai_production_handoff.md",".md","536","False","True","True"
"ANIMALS\06_DOMESTIC_TRAINED\15_FINAL_HARDENING\03_individual_continuity_model.md",".md","401","False","False","True"
"ANIMALS\06_DOMESTIC_TRAINED\15_FINAL_HARDENING\04_equipment_continuity_model.md",".md","279","False","False","True"
"ANIMALS\06_DOMESTIC_TRAINED\15_FINAL_HARDENING\08_cross_system_dependency_graph.md",".md","457","False","False","True"
"ANIMALS\06_DOMESTIC_TRAINED\15_FINAL_HARDENING\09_scene_to_asset_traceability.md",".md","356","False","False","True"
"ANIMALS\06_DOMESTIC_TRAINED\15_FINAL_HARDENING\11_regeneration_drift_control.md",".md","338","False","False","True"
"ANIMALS\06_DOMESTIC_TRAINED\15_FINAL_HARDENING\13_approval_authority.md",".md","325","False","False","True"
"ANIMALS\06_DOMESTIC_TRAINED\15_FINAL_HARDENING\15_final_domestic_trained_audit.md",".md","754","False","False","True"
"ANIMALS\06_DOMESTIC_TRAINED\15_FINAL_HARDENING\17_state_transition_firewall.md",".md","3690","False","True","True"
"ANIMALS\06_DOMESTIC_TRAINED\15_FINAL_HARDENING\19_identity_replacement_firewall.md",".md","5135","False","True","True"
"ANIMALS\06_DOMESTIC_TRAINED\15_FINAL_HARDENING\20_cross_system_authority_matrix.md",".md","6570","True","True","True"
"ANIMALS\06_DOMESTIC_TRAINED\15_FINAL_HARDENING\21_scene_state_firewall.md",".md","4786","False","True","True"
"ANIMALS\06_DOMESTIC_TRAINED\15_FINAL_HARDENING\25_evidence_inference_decision_firewall.md",".md","6548","True","True","True"
"ANIMALS\06_DOMESTIC_TRAINED\15_FINAL_HARDENING\28_production_traceability_firewall.md",".md","1086","False","True","True"
"ANIMALS\06_DOMESTIC_TRAINED\15_FINAL_HARDENING\29_regeneration_drift_firewall.md",".md","1301","False","False","True"
"ANIMALS\06_DOMESTIC_TRAINED\15_FINAL_HARDENING\domestic_trained_production_trace.json",".json","448","False","False","True"
"ANIMALS\07_INTERACTION\INTERACTION_SYSTEM_STATUS.md",".md","1040","False","True","True"
"ANIMALS\07_INTERACTION\01_CORE\interaction_index.md",".md","918","False","True","True"
"ANIMALS\07_INTERACTION\01_CORE\interaction_ownership_and_boundaries.md",".md","1112","False","False","True"
"ANIMALS\07_INTERACTION\15_RESEARCH_CONTROL\approval_and_snapshot_control.md",".md","359","False","False","True"
"ANIMALS\07_INTERACTION\16_PRODUCTION_HANDOFF\ai_production_handoff.md",".md","441","False","False","True"
"ANIMALS\07_INTERACTION\17_FINAL_HARDENING\05_scene_authority_firewall.md",".md","456","False","True","True"
"ANIMALS\07_INTERACTION\17_FINAL_HARDENING\11_production_traceability_firewall.md",".md","364","False","True","True"
"ANIMALS\07_INTERACTION\17_FINAL_HARDENING\12_regeneration_drift_firewall.md",".md","433","False","False","True"
"ANIMALS\07_INTERACTION\17_FINAL_HARDENING\14_dependency_graph.md",".md","280","False","False","True"
"ANIMALS\07_INTERACTION\17_FINAL_HARDENING\27_final_asset_interaction_verification.md",".md","847","True","False","True"
"ANIMALS\07_INTERACTION\17_FINAL_HARDENING\28_interaction_zero_loophole_hardening_index.md",".md","776","False","True","True"
"ANIMALS\07_INTERACTION\17_FINAL_HARDENING\interaction_architecture_manifest.json",".json","2479","False","True","True"
"ANIMALS\07_INTERACTION\17_FINAL_HARDENING\interaction_production_trace.json",".json","253","False","True","True"
"ANIMALS\08_VISUAL_IDENTITY\VISUAL_IDENTITY_SYSTEM_STATUS.md",".md","1051","False","True","True"
"ANIMALS\08_VISUAL_IDENTITY\01_CORE\visual_identity_index.md",".md","550","False","True","True"
"ANIMALS\08_VISUAL_IDENTITY\04_APPEARANCE_STATES\natural_variation_and_imperfection.md",".md","430","False","False","True"
"ANIMALS\08_VISUAL_IDENTITY\05_AGE_AND_LIFE_STAGE\age_progression.md",".md","399","False","False","True"
"ANIMALS\08_VISUAL_IDENTITY\08_HAIR_SKIN_AND_SURFACE\surface_appearance.md",".md","297","False","False","True"
"ANIMALS\08_VISUAL_IDENTITY\10_REFERENCE_AND_RECONSTRUCTION\reference_image_policy.md",".md","326","True","True","True"
"ANIMALS\08_VISUAL_IDENTITY\14_SCENE_AND_SHOT\asset_validation.md",".md","330","False","False","True"
"ANIMALS\08_VISUAL_IDENTITY\17_FINAL_HARDENING\09_production_traceability_firewall.md",".md","233","False","True","True"
"ANIMALS\08_VISUAL_IDENTITY\17_FINAL_HARDENING\10_regeneration_drift_firewall.md",".md","355","False","False","True"
"ANIMALS\08_VISUAL_IDENTITY\17_FINAL_HARDENING\13_dependency_graph.md",".md","326","False","True","True"
"ANIMALS\08_VISUAL_IDENTITY\17_FINAL_HARDENING\14_asset_acceptance_gate.md",".md","309","False","False","True"
"ANIMALS\08_VISUAL_IDENTITY\17_FINAL_HARDENING\16_visual_identity_zero_loophole_index.md",".md","595","False","True","True"
"ANIMALS\08_VISUAL_IDENTITY\17_FINAL_HARDENING\23_ai_bias_beautification_firewall.md",".md","733","False","True","True"
"ANIMALS\08_VISUAL_IDENTITY\17_FINAL_HARDENING\32_cross_scene_snapshot_validation.md",".md","571","False","False","True"
"ANIMALS\08_VISUAL_IDENTITY\17_FINAL_HARDENING\33_asset_trait_audit.md",".md","684","False","True","True"
"ANIMALS\08_VISUAL_IDENTITY\17_FINAL_HARDENING\35_replacement_asset_continuity.md",".md","385","False","False","True"
"ANIMALS\08_VISUAL_IDENTITY\17_FINAL_HARDENING\visual_identity_architecture_manifest.json",".json","1316","False","True","True"
"ANIMALS\09_CONTINUITY\CONTINUITY_SYSTEM_STATUS.md",".md","1360","False","True","True"
"ANIMALS\09_CONTINUITY\01_CORE\continuity_definition.md",".md","862","False","False","True"
"ANIMALS\09_CONTINUITY\01_CORE\continuity_index.md",".md","875","False","True","True"
"ANIMALS\09_CONTINUITY\01_CORE\continuity_ownership_and_boundaries.md",".md","1251","False","False","True"
"ANIMALS\09_CONTINUITY\02_IDENTITY_CONTINUITY\identity_persistence.md",".md","597","False","True","True"
"ANIMALS\09_CONTINUITY\03_STATE_SNAPSHOTS\composite_snapshot_model.md",".md","671","False","False","True"
"ANIMALS\09_CONTINUITY\03_STATE_SNAPSHOTS\snapshot_immutability_and_integrity.md",".md","601","False","False","True"
"ANIMALS\09_CONTINUITY\04_TIMELINE\timeline_model.md",".md","549","False","False","True"
"ANIMALS\09_CONTINUITY\06_EVENT_TRANSITIONS\event_model.md",".md","484","False","True","True"
"ANIMALS\09_CONTINUITY\06_EVENT_TRANSITIONS\state_transition_firewall.md",".md","452","False","True","True"
"ANIMALS\09_CONTINUITY\08_RELATIONSHIP_AND_INTERACTION_CONTINUITY\interaction_continuity.md",".md","447","False","False","True"
"ANIMALS\09_CONTINUITY\09_VISUAL_AND_ASSET_CONTINUITY\asset_continuity_firewall.md",".md","445","False","True","True"
"ANIMALS\09_CONTINUITY\09_VISUAL_AND_ASSET_CONTINUITY\shot_continuity_audit.md",".md","466","False","True","True"
"ANIMALS\09_CONTINUITY\13_DEATH_REPLACEMENT_AND_REAPPEARANCE\reappearance_policy.md",".md","413","False","True","True"
"ANIMALS\09_CONTINUITY\14_RESEARCH_CONTROL\continuity_audit.md",".md","371","False","True","True"
"ANIMALS\09_CONTINUITY\15_PRODUCTION_HANDOFF\ai_production_handoff.md",".md","519","False","False","True"
"ANIMALS\09_CONTINUITY\16_FINAL_HARDENING\03_identity_persistence_firewall.md",".md","306","False","False","True"
"ANIMALS\09_CONTINUITY\16_FINAL_HARDENING\06_event_causality_firewall.md",".md","253","False","False","True"
"ANIMALS\09_CONTINUITY\16_FINAL_HARDENING\07_cross_system_reconciliation_firewall.md",".md","272","False","False","True"
"ANIMALS\09_CONTINUITY\16_FINAL_HARDENING\12_asset_continuity_firewall.md",".md","185","False","False","True"
"ANIMALS\09_CONTINUITY\16_FINAL_HARDENING\16_production_traceability_firewall.md",".md","295","False","True","True"
"ANIMALS\09_CONTINUITY\16_FINAL_HARDENING\20_final_zero_loophole_audit.md",".md","1006","False","False","True"
"ANIMALS\09_CONTINUITY\16_FINAL_HARDENING\26_branch_contamination_firewall.md",".md","416","False","False","True"
"ANIMALS\09_CONTINUITY\16_FINAL_HARDENING\29_orphan_record_firewall.md",".md","368","False","False","True"
"ANIMALS\09_CONTINUITY\16_FINAL_HARDENING\32_closed_state_firewall.md",".md","369","False","False","True"
"ANIMALS\09_CONTINUITY\16_FINAL_HARDENING\36_reverse_audit_firewall.md",".md","478","False","True","True"
"ANIMALS\09_CONTINUITY\16_FINAL_HARDENING\40_final_zero_loophole_audit_v11.md",".md","1805","False","True","True"
"ANIMALS\09_CONTINUITY\16_FINAL_HARDENING\continuity_production_trace.json",".json","1214","False","True","True"
"ANIMALS\10_AI_PRODUCTION\AI_PRODUCTION_SYSTEM_STATUS.md",".md","1270","False","True","True"
"ANIMALS\10_AI_PRODUCTION\01_CORE\ai_production_definition.md",".md","580","False","True","True"
"ANIMALS\10_AI_PRODUCTION\02_PRODUCTION_DATABASE\asset_record_schema.md",".md","445","False","False","True"
"ANIMALS\10_AI_PRODUCTION\02_PRODUCTION_DATABASE\production_database_index.md",".md","412","False","False","True"
"ANIMALS\10_AI_PRODUCTION\02_PRODUCTION_DATABASE\production_record_schema.md",".md","304","False","True","True"
"ANIMALS\10_AI_PRODUCTION\03_PROMPT_ENGINE\prompt_layering_and_priority.md",".md","361","False","False","True"
"ANIMALS\10_AI_PRODUCTION\05_MODEL_AND_GENERATION\generation_configuration.md",".md","385","False","False","True"
"ANIMALS\10_AI_PRODUCTION\05_MODEL_AND_GENERATION\model_change_control.md",".md","399","False","False","True"
"ANIMALS\10_AI_PRODUCTION\05_MODEL_AND_GENERATION\model_registry.md",".md","312","False","False","True"
"ANIMALS\10_AI_PRODUCTION\09_VISUAL_AND_IDENTITY_CONTINUITY\identity_lock.md",".md","311","False","False","True"
"ANIMALS\10_AI_PRODUCTION\14_ASSET_MANAGEMENT\asset_lifecycle.md",".md","279","False","False","True"
"ANIMALS\10_AI_PRODUCTION\14_ASSET_MANAGEMENT\asset_replacement_control.md",".md","267","False","False","True"
"ANIMALS\10_AI_PRODUCTION\15_VALIDATION_AND_QA\biological_behavioral_qa.md",".md","497","False","False","True"
"ANIMALS\10_AI_PRODUCTION\15_VALIDATION_AND_QA\final_shot_acceptance.md",".md","493","False","True","True"
"ANIMALS\10_AI_PRODUCTION\16_REGENERATION_AND_DRIFT_CONTROL\drift_taxonomy.md",".md","351","False","False","True"
"ANIMALS\10_AI_PRODUCTION\16_REGENERATION_AND_DRIFT_CONTROL\regeneration_protocol.md",".md","362","False","False","True"
"ANIMALS\10_AI_PRODUCTION\18_SCENE_AND_SHOT_PRODUCTION\scene_to_shot_pipeline.md",".md","260","False","False","True"
"ANIMALS\10_AI_PRODUCTION\19_RESEARCH_CONTROL\production_approval_control.md",".md","224","False","False","True"
"ANIMALS\10_AI_PRODUCTION\20_PRODUCTION_HANDOFF\final_traceability_chain.md",".md","327","False","True","True"
"ANIMALS\10_AI_PRODUCTION\21_FINAL_HARDENING\01_ai_truth_firewall.md",".md","240","False","False","True"
"ANIMALS\10_AI_PRODUCTION\21_FINAL_HARDENING\06_model_drift_firewall.md",".md","266","False","True","True"
"ANIMALS\10_AI_PRODUCTION\21_FINAL_HARDENING\07_asset_identity_firewall.md",".md","229","False","False","True"
"ANIMALS\10_AI_PRODUCTION\21_FINAL_HARDENING\09_asset_validation_firewall.md",".md","319","False","False","True"
"ANIMALS\10_AI_PRODUCTION\21_FINAL_HARDENING\10_single_source_of_truth.md",".md","284","False","True","True"
"ANIMALS\10_AI_PRODUCTION\21_FINAL_HARDENING\11_production_traceability_firewall.md",".md","237","False","True","True"
"ANIMALS\10_AI_PRODUCTION\21_FINAL_HARDENING\15_final_zero_loophole_audit.md",".md","761","False","True","True"
"ANIMALS\10_AI_PRODUCTION\21_FINAL_HARDENING\16_upstream_snapshot_integrity_firewall.md",".md","637","False","True","True"
"ANIMALS\10_AI_PRODUCTION\21_FINAL_HARDENING\18_reference_authority_matrix.md",".md","725","False","True","True"
"ANIMALS\10_AI_PRODUCTION\21_FINAL_HARDENING\19_model_input_output_contract.md",".md","487","False","False","True"
"ANIMALS\10_AI_PRODUCTION\21_FINAL_HARDENING\20_stochastic_generation_control.md",".md","615","False","True","True"
"ANIMALS\10_AI_PRODUCTION\21_FINAL_HARDENING\21_temporal_frame_continuity_firewall.md",".md","541","False","False","True"
"ANIMALS\10_AI_PRODUCTION\21_FINAL_HARDENING\23_compositing_post_firewall.md",".md","583","False","True","True"
"ANIMALS\10_AI_PRODUCTION\21_FINAL_HARDENING\25_asset_lineage_and_derived_asset_firewall.md",".md","504","False","True","True"
"ANIMALS\10_AI_PRODUCTION\21_FINAL_HARDENING\26_validation_independence_firewall.md",".md","581","False","True","True"
"ANIMALS\10_AI_PRODUCTION\21_FINAL_HARDENING\28_approval_scope_firewall.md",".md","463","False","False","True"
"ANIMALS\10_AI_PRODUCTION\21_FINAL_HARDENING\29_provenance_tamper_firewall.md",".md","335","False","False","True"
"ANIMALS\10_AI_PRODUCTION\21_FINAL_HARDENING\30_forbidden_production_shortcuts.md",".md","892","False","True","True"
"ANIMALS\10_AI_PRODUCTION\21_FINAL_HARDENING\31_multi_asset_scene_consistency.md",".md","499","False","False","True"
"ANIMALS\10_AI_PRODUCTION\21_FINAL_HARDENING\33_seed_reuse_collision_control.md",".md","384","False","False","True"
"ANIMALS\10_AI_PRODUCTION\21_FINAL_HARDENING\34_external_tool_chain_firewall.md",".md","483","False","False","True"
"ANIMALS\10_AI_PRODUCTION\21_FINAL_HARDENING\35_final_zero_loophole_audit_v2.md",".md","789","False","True","True"
"ANIMALS\10_AI_PRODUCTION\21_FINAL_HARDENING\ai_production_architecture_manifest.json",".json","2271","False","True","True"
"ANIMALS\10_AI_PRODUCTION\21_FINAL_HARDENING\ai_production_ownership_registry.json",".json","659","False","False","True"
"ANIMALS\11_AUDIO\03_ANIMAL_VOCALIZATION\individual_acoustic_variation.md",".md","360","False","False","True"
"ANIMALS\11_AUDIO\14_SCENE_AND_SHOT_AUDIO\scene_audio_pipeline.md",".md","313","False","True","True"
"ANIMALS\11_AUDIO\15_AUDIO_VALIDATION_AND_QA\audio_validation_gate.md",".md","371","False","False","True"
"ANIMALS\11_AUDIO\16_RESEARCH_CONTROL\audio_fail_closed_policy.md",".md","434","False","True","True"
"ANIMALS\11_AUDIO\18_ASSET_AND_LINEAGE\audio_asset_lifecycle.md",".md","227","False","False","True"
"ANIMALS\11_AUDIO\18_ASSET_AND_LINEAGE\derived_audio_asset_control.md",".md","247","False","False","True"
"ANIMALS\11_AUDIO\19_HANDOFFS\final_audio_traceability_chain.md",".md","377","False","True","True"
"ANIMALS\11_AUDIO\20_FINAL_HARDENING\07_audio_lineage_firewall.md",".md","114","False","False","True"
"ANIMALS\11_AUDIO\20_FINAL_HARDENING\08_audio_validation_independence.md",".md","136","False","False","True"
"ANIMALS\11_AUDIO\20_FINAL_HARDENING\16_final_zero_loophole_audit.md",".md","515","False","False","True"
"ANIMALS\11_AUDIO\20_FINAL_HARDENING\31_model_audio_identity_firewall.md",".md","347","False","True","True"
"ANIMALS\11_AUDIO\20_FINAL_HARDENING\32_stochastic_audio_control.md",".md","362","False","True","True"
"ANIMALS\11_AUDIO\20_FINAL_HARDENING\36_audio_asset_lineage_firewall.md",".md","342","False","False","True"
"ANIMALS\11_AUDIO\20_FINAL_HARDENING\37_audio_approval_scope_firewall.md",".md","336","True","True","True"
"ANIMALS\11_AUDIO\20_FINAL_HARDENING\41_audio_replacement_and_regeneration_firewall.md",".md","354","False","True","True"
"ANIMALS\11_AUDIO\20_FINAL_HARDENING\47_audio_reverse_audit_firewall.md",".md","306","False","True","True"
"ANIMALS\11_AUDIO\20_FINAL_HARDENING\48_audio_forward_audit_firewall.md",".md","341","False","True","True"
"ANIMALS\11_AUDIO\20_FINAL_HARDENING\49_audio_zero_loophole_control_matrix.md",".md","970","False","True","True"
"ANIMALS\11_AUDIO\20_FINAL_HARDENING\50_audio_final_zero_loophole_audit_v2.md",".md","916","False","True","True"
"ANIMALS\11_AUDIO\20_FINAL_HARDENING\audio_system_manifest.json",".json","1771","False","True","True"
"ANIMALS\12_CINEMATIC_INTEGRATION\21_ASSET_AND_SHOT_LINEAGE\cinematic_asset_lineage.md",".md","385","False","False","True"
"ANIMALS\12_CINEMATIC_INTEGRATION\21_ASSET_AND_SHOT_LINEAGE\shot_approval_scope.md",".md","238","True","False","True"
"ANIMALS\12_CINEMATIC_INTEGRATION\22_FINAL_HANDOFFS\final_cinematic_traceability.md",".md","359","False","True","True"
"ANIMALS\12_CINEMATIC_INTEGRATION\23_FINAL_HARDENING\11_multi_asset_consistency_firewall.md",".md","218","False","False","True"
"ANIMALS\12_CINEMATIC_INTEGRATION\23_FINAL_HARDENING\21_cinematic_reverse_audit.md",".md","300","False","True","True"
"ANIMALS\12_CINEMATIC_INTEGRATION\23_FINAL_HARDENING\22_cinematic_forward_audit.md",".md","287","False","True","True"
"ANIMALS\12_CINEMATIC_INTEGRATION\23_FINAL_HARDENING\23_zero_loophole_control_matrix.md",".md","814","False","True","True"
"ANIMALS\12_CINEMATIC_INTEGRATION\23_FINAL_HARDENING\24_final_zero_loophole_audit_v2.md",".md","582","False","False","True"
"ANIMALS\12_CINEMATIC_INTEGRATION\23_FINAL_HARDENING\cinematic_integration_manifest.json",".json","1525","False","True","True"
"ANIMALS\13_COSTUME_TRACK\01_CORE\costume_definition.md",".md","533","False","False","True"
"ANIMALS\13_COSTUME_TRACK\17_CONTINUITY_AND_STATE_TRANSITIONS\costume_transition_firewall.md",".md","423","False","False","True"
"ANIMALS\13_COSTUME_TRACK\20_VALIDATION_AND_QA\costume_asset_audit.md",".md","326","False","True","True"
"ANIMALS\13_COSTUME_TRACK\20_VALIDATION_AND_QA\costume_validation_gate.md",".md","473","True","False","True"
"ANIMALS\13_COSTUME_TRACK\22_ASSET_AND_COSTUME_LINEAGE\costume_asset_lineage.md",".md","297","False","True","True"
"ANIMALS\13_COSTUME_TRACK\22_ASSET_AND_COSTUME_LINEAGE\replacement_and_regeneration.md",".md","327","False","True","True"
"ANIMALS\13_COSTUME_TRACK\23_FINAL_HARDENING\38_forward_reverse_audit.md",".md","113","False","False","True"
"ANIMALS\13_COSTUME_TRACK\23_FINAL_HARDENING\costume_track_manifest.json",".json","2365","False","True","True"
"ANIMALS\14_BATTLE_HIGH_STRESS\battle_high_stress_manifest.json",".json","1067","False","True","True"
"ANIMALS\14_BATTLE_HIGH_STRESS\BATTLE_HIGH_STRESS_SYSTEM_STATUS.md",".md","926","False","True","True"
"ANIMALS\14_BATTLE_HIGH_STRESS\01_CORE\battle_high_stress_index.md",".md","1162","False","True","True"
"ANIMALS\14_BATTLE_HIGH_STRESS\21_VALIDATION_AND_QA\stress_asset_validation.md",".md","410","False","False","True"
"ANIMALS\14_BATTLE_HIGH_STRESS\21_VALIDATION_AND_QA\stress_validation_gate.md",".md","496","False","False","True"
"ANIMALS\14_BATTLE_HIGH_STRESS\22_ASSET_AND_COSTUME_LINEAGE\replacement_and_regeneration.md",".md","608","False","False","True"
"ANIMALS\14_BATTLE_HIGH_STRESS\22_ASSET_AND_COSTUME_LINEAGE\stress_asset_lineage.md",".md","488","False","True","True"
"ANIMALS\14_BATTLE_HIGH_STRESS\23_FINAL_HARDENING\25_model_output_firewall.md",".md","274","False","False","True"
"ANIMALS\14_BATTLE_HIGH_STRESS\23_FINAL_HARDENING\26_multi_asset_consistency.md",".md","256","False","False","True"
"ANIMALS\14_BATTLE_HIGH_STRESS\23_FINAL_HARDENING\33_provenance_tamper_firewall.md",".md","218","False","True","True"
"ANIMALS\14_BATTLE_HIGH_STRESS\23_FINAL_HARDENING\34_validation_independence_firewall.md",".md","207","False","False","True"
"ANIMALS\14_BATTLE_HIGH_STRESS\23_FINAL_HARDENING\35_approval_scope_firewall.md",".md","193","False","False","True"
"ANIMALS\14_BATTLE_HIGH_STRESS\23_FINAL_HARDENING\37_forward_reverse_audit.md",".md","335","False","True","True"
"ANIMALS\14_BATTLE_HIGH_STRESS\23_FINAL_HARDENING\38_zero_loophole_control_matrix.md",".md","528","False","False","True"
"ANIMALS\16_CONFLICTS_UNKNOWN\23_BLOCKING_ENGINE\severity_matrix.md",".md","438","False","False","True"
"ANIMALS\16_CONFLICTS_UNKNOWN\29_FINAL_HARDENING\35_forbidden_shortcuts.md",".md","336","False","True","True"
"ANIMALS\17_PRODUCTION_HANDOFF\01_CORE\production_handoff_index.md",".md","833","False","False","True"
"ANIMALS\17_PRODUCTION_HANDOFF\19_ASSET_HANDOFF\asset_handoff_rules.md",".md","491","False","False","True"
"ANIMALS\17_PRODUCTION_HANDOFF\21_REJECTION_AND_REWORK\rejection_rules.md",".md","407","False","True","True"
"ANIMALS\17_PRODUCTION_HANDOFF\22_LINEAGE_AND_PROVENANCE\lineage_rules.md",".md","438","False","True","True"
"ANIMALS\17_PRODUCTION_HANDOFF\25_FINAL_OUTPUT_PACKAGE\final_output_package_rules.md",".md","412","True","False","True"
"ANIMALS\17_PRODUCTION_HANDOFF\26_FINAL_HARDENING\14_visual_identity_firewall.md",".md","267","False","True","True"
"ANIMALS\17_PRODUCTION_HANDOFF\26_FINAL_HARDENING\22_multi_asset_consistency.md",".md","259","False","False","True"
"ANIMALS\17_PRODUCTION_HANDOFF\26_FINAL_HARDENING\24_temporal_order_firewall.md",".md","284","False","False","True"
"ANIMALS\17_PRODUCTION_HANDOFF\26_FINAL_HARDENING\29_provenance_tamper_firewall.md",".md","259","False","True","True"
"ANIMALS\17_PRODUCTION_HANDOFF\26_FINAL_HARDENING\31_approval_scope_firewall.md",".md","238","False","False","True"
"ANIMALS\17_PRODUCTION_HANDOFF\26_FINAL_HARDENING\34_reverse_audit_firewall.md",".md","280","False","True","True"
"ANIMALS\17_PRODUCTION_HANDOFF\26_FINAL_HARDENING\35_forward_audit_firewall.md",".md","280","False","False","True"
"ANIMALS\17_PRODUCTION_HANDOFF\26_FINAL_HARDENING\36_zero_loophole_control_matrix.md",".md","621","False","True","True"
"ANIMALS\18_QA_APPROVAL\QA_APPROVAL_SYSTEM_STATUS.md",".md","1093","False","True","True"
"ANIMALS\18_QA_APPROVAL\01_CORE\qa_approval_definition.md",".md","920","False","True","True"
"ANIMALS\18_QA_APPROVAL\02_QA_DATABASE\qa_record_schema.md",".md","421","False","False","True"
"ANIMALS\18_QA_APPROVAL\03_INPUT_VALIDATION\input_completeness.md",".md","429","False","False","True"
"ANIMALS\18_QA_APPROVAL\03_INPUT_VALIDATION\input_contract.md",".md","364","False","True","True"
"ANIMALS\18_QA_APPROVAL\04_SOURCE_AND_SNAPSHOT_QA\source_traceability.md",".md","278","True","True","True"
"ANIMALS\18_QA_APPROVAL\17_AI_PRODUCTION_QA\ai_production_validation.md",".md","329","False","True","True"
"ANIMALS\18_QA_APPROVAL\19_SHOT_QA\shot_validation.md",".md","246","False","False","True"
"ANIMALS\18_QA_APPROVAL\20_ASSET_QA\asset_validation.md",".md","310","False","True","True"
"ANIMALS\18_QA_APPROVAL\22_REJECTION_AND_REWORK\rejection_rules.md",".md","487","False","True","True"
"ANIMALS\18_QA_APPROVAL\23_APPROVAL_CONTROL\approval_invalidation.md",".md","380","True","True","True"
"ANIMALS\18_QA_APPROVAL\23_APPROVAL_CONTROL\approval_scope_firewall.md",".md","383","False","False","True"
"ANIMALS\18_QA_APPROVAL\24_LINEAGE_AND_AUDIT\forward_audit.md",".md","268","False","True","True"
"ANIMALS\18_QA_APPROVAL\24_LINEAGE_AND_AUDIT\reverse_audit.md",".md","311","True","True","True"
"ANIMALS\18_QA_APPROVAL\25_FINAL_OUTPUT_QA\final_output_gate.md",".md","440","False","False","True"
"ANIMALS\18_QA_APPROVAL\27_FINAL_HARDENING\06_identity_scope_firewall.md",".md","100","False","False","True"
"ANIMALS\18_QA_APPROVAL\27_FINAL_HARDENING\23_multi_asset_consistency_firewall.md",".md","114","False","False","True"
"ANIMALS\19_REGISTRY_CONNECTION\02_REGISTRY_DATABASE\registry_record_schema.md",".md","421","False","False","True"
"ANIMALS\19_REGISTRY_CONNECTION\03_ENTITY_REGISTRY\entity_identity_rules.md",".md","351","False","False","True"
"ANIMALS\19_REGISTRY_CONNECTION\10_ASSET_REGISTRY\asset_registry_rules.md",".md","351","False","False","True"
"ANIMALS\19_REGISTRY_CONNECTION\11_IDENTITY_REGISTRY\identity_registry_rules.md",".md","261","False","False","True"
"ANIMALS\19_REGISTRY_CONNECTION\11_IDENTITY_REGISTRY\identity_resolution_rules.md",".md","376","False","True","True"
"ANIMALS\19_REGISTRY_CONNECTION\12_RELATIONSHIP_REGISTRY\relationship_rules.md",".md","377","False","False","True"
"ANIMALS\19_REGISTRY_CONNECTION\15_LINEAGE_REGISTRY\lineage_rules.md",".md","289","False","True","True"
"ANIMALS\19_REGISTRY_CONNECTION\19_QA_APPROVAL_REGISTRY\qa_registry_rules.md",".md","270","False","False","True"
"ANIMALS\19_REGISTRY_CONNECTION\23_AUDIT_AND_INTEGRITY\forward_registry_audit.md",".md","194","False","True","True"
"ANIMALS\19_REGISTRY_CONNECTION\23_AUDIT_AND_INTEGRITY\reverse_registry_audit.md",".md","219","False","True","True"
"ANIMALS\19_REGISTRY_CONNECTION\26_FINAL_HARDENING\03_identity_separation.md",".md","143","False","False","True"
"ANIMALS\20_EPISODE_INTEGRATION\03_EPISODE_IDENTITY\episode_identity_rules.md",".md","416","False","False","True"
"ANIMALS\20_EPISODE_INTEGRATION\20_PRODUCTION_HANDOFF_INTEGRATION\handoff_rules.md",".md","279","False","False","True"
"ANIMALS\20_EPISODE_INTEGRATION\21_QA_INTEGRATION\qa_rules.md",".md","452","False","False","True"
"ANIMALS\20_EPISODE_INTEGRATION\24_EPISODE_REJECTION_REWORK\episode_rework_rules.md",".md","310","False","False","True"
"ANIMALS\20_EPISODE_INTEGRATION\25_EPISODE_LINEAGE_AUDIT\forward_episode_audit.md",".md","185","False","True","True"
"ANIMALS\20_EPISODE_INTEGRATION\25_EPISODE_LINEAGE_AUDIT\reverse_episode_audit.md",".md","163","False","True","True"
"ANIMALS\20_EPISODE_INTEGRATION\28_FINAL_HARDENING\34_rejection_reuse_firewall.md",".md","116","False","False","True"
"ASSET_REGISTRY\INDEX\asset_index.md",".md","703","True","True","True"
"ASSET_REGISTRY\INDEX\asset_location_index.md",".md","291","False","True","True"
"ASSET_REGISTRY\INDEX\asset_status_index.md",".md","366","False","False","True"
"ASSET_REGISTRY\INDEX\asset_usage_index.md",".md","280","True","False","True"
"ASSET_REGISTRY\INDEX\asset_version_index.md",".md","362","True","False","True"
"ASSET_REGISTRY\REPORTS\asset_inventory_report.md",".md","800","True","True","True"
"CHARACTERS\daksha\appearance\age.md",".md","22433","True","True","True"
"CHARACTERS\daksha\appearance\body.md",".md","33018","True","True","True"
"CHARACTERS\daksha\appearance\canonical_marks.md",".md","21161","True","True","True"
"CHARACTERS\daksha\appearance\clothing.md",".md","39039","True","True","True"
"CINEMATOGRAPHY\cinematography_principles.md",".md","2621","True","False","True"
"CINEMATOGRAPHY\cinematography_system_integrity.md",".md","2126","True","True","True"
"CINEMATOGRAPHY\camera\dolly_rules.md",".md","1077","False","False","True"
"CINEMATOGRAPHY\camera\_CAMERA_SYSTEM_CONTRACT.md",".md","8483","False","False","True"
"CINEMATOGRAPHY\grammar\camera_grammar.md",".md","54599","False","True","True"
"CINEMATOGRAPHY\grammar\coverage.md",".md","49976","True","True","True"
"CINEMATOGRAPHY\grammar\cutting_for_camera.md",".md","50536","False","True","True"
"CINEMATOGRAPHY\grammar\eyeline.md",".md","49380","False","True","True"
"CINEMATOGRAPHY\grammar\master_shot.md",".md","48905","False","True","True"
"CINEMATOGRAPHY\grammar\reverse_shot.md",".md","48932","False","True","True"
"CINEMATOGRAPHY\grammar\screen_direction.md",".md","50092","False","True","True"
"CINEMATOGRAPHY\grammar\shot_progression.md",".md","49956","False","True","True"
"CINEMATOGRAPHY\grammar\visual_continuity.md",".md","52722","False","True","True"
"CINEMATOGRAPHY\LENSES\anamorphic_behavior.md",".md","7384","False","True","True"
"CINEMATOGRAPHY\LENSES\chromatic_aberration.md",".md","4422","True","False","True"
"CINEMATOGRAPHY\LENSES\compression.md",".md","4886","False","False","True"
"CINEMATOGRAPHY\LENSES\crop_factor.md",".md","17925","False","True","True"
"CINEMATOGRAPHY\LENSES\depth_of_field.md",".md","20037","True","False","True"
"CINEMATOGRAPHY\LENSES\focus_distance.md",".md","17449","False","False","True"
"CINEMATOGRAPHY\LENSES\focus_transition.md",".md","28312","False","True","True"
"CINEMATOGRAPHY\LENSES\ghosting.md",".md","30009","False","True","True"
"CINEMATOGRAPHY\LENSES\lens_breathing.md",".md","28221","False","True","True"
"CINEMATOGRAPHY\LENSES\lens_continuity.md",".md","31396","False","True","True"
"CINEMATOGRAPHY\LENSES\lens_physics.md",".md","37834","False","True","True"
"CINEMATOGRAPHY\LENSES\lens_selection_rules.md",".md","40842","True","True","True"
"CINEMATOGRAPHY\LENSES\macro.md",".md","34675","True","True","True"
"CINEMATOGRAPHY\LENSES\minimum_focus_distance.md",".md","32605","True","True","True"
"CINEMATOGRAPHY\LENSES\normal_lens.md",".md","40782","True","True","True"
"CINEMATOGRAPHY\LENSES\spatial_compression.md",".md","46437","False","True","True"
"CINEMATOGRAPHY\LENSES\spherical_lens_behavior.md",".md","42814","True","True","True"
"CINEMATOGRAPHY\LENSES\telephoto.md",".md","45427","True","True","True"
"CINEMATOGRAPHY\LENSES\ultra_wide.md",".md","46108","True","True","True"
"CINEMATOGRAPHY\LENSES\vignetting.md",".md","46967","False","True","True"
"CINEMATOGRAPHY\LENSES\wide_angle.md",".md","48226","True","True","True"
"CINEMATOGRAPHY\lighting\bounce_light.md",".md","30985","True","True","True"
"CINEMATOGRAPHY\lighting\divine_lighting.md",".md","32152","True","True","True"
"CINEMATOGRAPHY\lighting\fill_light.md",".md","30752","True","True","True"
"CINEMATOGRAPHY\lighting\lighting_rules.md",".md","32993","True","True","True"
"CINEMATOGRAPHY\lighting\skin_lighting.md",".md","31324","True","True","True"
"CINEMATOGRAPHY\lighting\_LIGHTING_SYSTEM_CONTRACT.md",".md","38309","True","True","True"
"CINEMATOGRAPHY\research\camera_reference.md",".md","1337","False","True","True"
"CINEMATOGRAPHY\research\lens_reference.md",".md","1188","False","True","True"
"CINEMATOGRAPHY\research\_RESEARCH_SYSTEM_CONTRACT.md",".md","4913","True","True","True"
"CINEMATOGRAPHY\shot_design\action_continuity.md",".md","4359","False","False","True"
"CINEMATOGRAPHY\shot_design\action_shots.md",".md","4206","False","False","True"
"CINEMATOGRAPHY\shot_design\blocking_for_shot.md",".md","4674","False","False","True"
"CINEMATOGRAPHY\shot_design\coverage_strategy.md",".md","4741","False","False","True"
"CINEMATOGRAPHY\shot_design\dialogue_shots.md",".md","4341","False","False","True"
"CINEMATOGRAPHY\shot_design\emotional_shots.md",".md","4065","False","False","True"
"CINEMATOGRAPHY\shot_design\environmental_storytelling.md",".md","4350","False","True","True"
"CINEMATOGRAPHY\shot_design\establishing_shots.md",".md","4104","True","False","True"
"CINEMATOGRAPHY\shot_design\hero_shots.md",".md","4101","False","False","True"
"CINEMATOGRAPHY\shot_design\insert_shots.md",".md","3936","True","True","True"
"CINEMATOGRAPHY\shot_design\performance_camera_relationship.md",".md","4400","False","False","True"
"CINEMATOGRAPHY\shot_design\reaction_shots.md",".md","4579","True","False","True"
"CINEMATOGRAPHY\shot_design\reveal_design.md",".md","4379","False","True","True"
"CINEMATOGRAPHY\shot_design\ritual_shots.md",".md","4491","True","True","True"
"CINEMATOGRAPHY\shot_design\sequence_shot_design.md",".md","4504","False","False","True"
"CINEMATOGRAPHY\shot_design\shot_blueprint.md",".md","4584","False","False","True"
"CINEMATOGRAPHY\shot_design\shot_construction.md",".md","4693","False","False","True"
"CINEMATOGRAPHY\shot_design\shot_design_rules.md",".md","5293","False","False","True"
"CINEMATOGRAPHY\shot_design\shot_duration.md",".md","4302","False","False","True"
"CINEMATOGRAPHY\shot_design\shot_economy.md",".md","4374","False","False","True"
"CINEMATOGRAPHY\shot_design\shot_generation_contract.md",".md","4933","False","False","True"
"CINEMATOGRAPHY\shot_design\shot_information.md",".md","4789","False","True","True"
"CINEMATOGRAPHY\shot_design\shot_rhythm.md",".md","4319","False","False","True"
"CINEMATOGRAPHY\shot_design\shot_selection.md",".md","4949","False","False","True"
"CINEMATOGRAPHY\shot_design\shot_state.md",".md","4503","False","False","True"
"CINEMATOGRAPHY\shot_design\shot_timing.md",".md","4282","False","False","True"
"CINEMATOGRAPHY\shot_design\shot_transition_design.md",".md","4365","False","False","True"
"CINEMATOGRAPHY\shot_design\shot_validation.md",".md","5418","False","False","True"
"CINEMATOGRAPHY\shot_design\subjective_shots.md",".md","4603","False","False","True"
"CINEMATOGRAPHY\shot_design\subject_relationships.md",".md","4424","False","False","True"
"CINEMATOGRAPHY\shot_design\symbolic_shots.md",".md","4214","False","False","True"
"CINEMATOGRAPHY\shot_design\transition_shots.md",".md","4036","False","False","True"
"CINEMATOGRAPHY\shot_design\visual_hierarchy.md",".md","4241","False","False","True"
"CINEMATOGRAPHY\shot_design\visual_storytelling.md",".md","4327","True","True","True"
"CINEMATOGRAPHY\shot_design\_SHOT_DESIGN_SYSTEM_CONTRACT.md",".md","8598","True","True","True"
"CONTINUITY\AI_GENERATION\ai_change_history.md",".md","14109","True","True","True"
"CONTINUITY\AI_GENERATION\ai_generation_history.md",".md","21732","True","True","True"
"CONTINUITY\AI_GENERATION\ai_generation_parameters.md",".md","14970","True","True","True"
"CONTINUITY\AI_GENERATION\ai_generation_state.md",".md","21527","True","True","True"
"CONTINUITY\AI_GENERATION\ai_generation_version.md",".md","13019","True","True","True"
"CONTINUITY\AI_GENERATION\ai_identity_anchors.md",".md","19283","True","True","True"
"CONTINUITY\AI_GENERATION\ai_model_version.md",".md","17349","True","True","True"
"CONTINUITY\AI_GENERATION\ai_negative_constraints.md",".md","23208","True","True","True"
"CONTINUITY\AI_GENERATION\ai_previous_output.md",".md","18380","False","True","True"
"CONTINUITY\AI_GENERATION\ai_prompt_constraints.md",".md","20980","True","True","True"
"CONTINUITY\AI_GENERATION\ai_reference_assets.md",".md","24076","True","True","True"
"CONTINUITY\AI_GENERATION\ai_regeneration_history.md",".md","22513","False","True","True"
"CONTINUITY\AI_GENERATION\ai_seed_state.md",".md","24149","True","True","True"
"CONTINUITY\AI_GENERATION\ai_variation_limits.md",".md","25744","True","True","True"
"CONTINUITY\ANIMAL\README.md",".md","1991","False","True","True"
"CONTINUITY\ANIMAL\AI\animal_ai_rules.md",".md","4419","False","True","True"
"CONTINUITY\ANIMAL\AI\animal_artifact_controls.md",".md","2936","True","False","True"
"CONTINUITY\ANIMAL\AI\animal_generation_interface.md",".md","2537","False","True","True"
"CONTINUITY\ANIMAL\AI\animal_generation_qa.md",".md","4264","False","True","True"
"CONTINUITY\ANIMAL\AI\animal_identity_interface.md",".md","2590","False","True","True"
"CONTINUITY\ANIMAL\AI\animal_reference_rules.md",".md","3024","False","True","True"
"CONTINUITY\ANIMAL\ANATOMY\divine_mythological_anatomy.md",".md","1488","False","False","True"
"CONTINUITY\ANIMAL\ANATOMY\injury_anatomy.md",".md","839","False","False","True"
"CONTINUITY\ANIMAL\AUDIO\animal_audio.md",".md","2431","False","True","True"
"CONTINUITY\ANIMAL\AUDIO\audio_identity.md",".md","876","False","False","True"
"CONTINUITY\ANIMAL\AUDIO\communication.md",".md","1044","False","False","True"
"CONTINUITY\ANIMAL\AUDIO\README.md",".md","1708","False","False","True"
"CONTINUITY\ANIMAL\BEHAVIOR\ai_behavior_interface.md",".md","1040","False","False","True"
"CONTINUITY\ANIMAL\BEHAVIOR\alarm_propagation.md",".md","488","False","False","True"
"CONTINUITY\ANIMAL\BEHAVIOR\behavioral_events.md",".md","672","False","False","True"
"CONTINUITY\ANIMAL\BEHAVIOR\behavior_continuity.md",".md","1821","False","True","True"
"CONTINUITY\ANIMAL\BEHAVIOR\behavior_perception_boundary.md",".md","380","False","False","True"
"CONTINUITY\ANIMAL\BEHAVIOR\divine_mythological_behavior.md",".md","740","False","False","True"
"CONTINUITY\ANIMAL\BEHAVIOR\perception_behavior.md",".md","711","False","False","True"
"CONTINUITY\ANIMAL\BEHAVIOR\README.md",".md","2252","False","False","True"
"CONTINUITY\ANIMAL\BEHAVIOR\transformation_behavior.md",".md","612","False","True","True"
"CONTINUITY\ANIMAL\COGNITION\ai_cognition_interface.md",".md","1077","False","False","True"
"CONTINUITY\ANIMAL\COGNITION\attention_shift.md",".md","510","False","False","True"
"CONTINUITY\ANIMAL\COGNITION\cognition_continuity.md",".md","1518","False","True","True"
"CONTINUITY\ANIMAL\COGNITION\cognitive_events.md",".md","523","False","False","True"
"CONTINUITY\ANIMAL\COGNITION\communication_cognition.md",".md","620","False","False","True"
"CONTINUITY\ANIMAL\COGNITION\conditioning.md",".md","585","False","False","True"
"CONTINUITY\ANIMAL\COGNITION\divine_mythological_cognition.md",".md","821","False","True","True"
"CONTINUITY\ANIMAL\COGNITION\README.md",".md","2511","False","False","True"
"CONTINUITY\ANIMAL\COGNITION\transformation_cognition.md",".md","473","False","False","True"
"CONTINUITY\ANIMAL\CORE\ai_boundary.md",".md","1049","False","False","True"
"CONTINUITY\ANIMAL\CORE\animal_master_model.md",".md","1188","False","False","True"
"CONTINUITY\ANIMAL\CORE\identity_hierarchy.md",".md","832","False","False","True"
"CONTINUITY\ANIMAL\CORE\lifecycle.md",".md","745","False","False","True"
"CONTINUITY\ANIMAL\CORE\README.md",".md","3911","False","True","True"
"CONTINUITY\ANIMAL\CORE\state_architecture.md",".md","759","False","False","True"
"CONTINUITY\ANIMAL\CORE\transformation_coordination.md",".md","682","False","False","True"
"CONTINUITY\ANIMAL\ECOLOGY\ai_ecology_interface.md",".md","994","False","False","True"
"CONTINUITY\ANIMAL\ECOLOGY\divine_mythological_ecology.md",".md","848","False","False","True"
"CONTINUITY\ANIMAL\ECOLOGY\ecological_consequences.md",".md","552","False","False","True"
"CONTINUITY\ANIMAL\ECOLOGY\ecological_hierarchy.md",".md","778","False","False","True"
"CONTINUITY\ANIMAL\ECOLOGY\ecology_core.md",".md","1573","False","False","True"
"CONTINUITY\ANIMAL\ECOLOGY\README.md",".md","2940","False","False","True"
"CONTINUITY\ANIMAL\ECOLOGY\reproduction_population_dynamics.md",".md","543","False","False","True"
"CONTINUITY\ANIMAL\ECOLOGY\seasonal_ecology.md",".md","506","False","False","True"
"CONTINUITY\ANIMAL\ENVIRONMENT\README.md",".md","2088","True","True","True"
"CONTINUITY\ANIMAL\ENVIRONMENT\CORE\divine_mythological_environment.md",".md","620","False","False","True"
"CONTINUITY\ANIMAL\ENVIRONMENT\CORE\environment_core.md",".md","1363","True","False","True"
"CONTINUITY\ANIMAL\ENVIRONMENT\CORE\environment_master_model.md",".md","706","True","False","True"
"CONTINUITY\ANIMAL\EQUIPMENT\README.md",".md","2225","True","False","True"
"CONTINUITY\ANIMAL\EQUIPMENT\CORE\equipment_core.md",".md","1032","False","False","True"
"CONTINUITY\ANIMAL\EQUIPMENT\CORE\master_model.md",".md","549","True","True","True"
"CONTINUITY\ANIMAL\EQUIPMENT\DIVINE_MYTHOLOGICAL\divine_equipment.md",".md","390","True","False","True"
"CONTINUITY\ANIMAL\EVENT\AI\animal_event_ai_interface.md",".md","318","False","True","True"
"CONTINUITY\ANIMAL\EVENT\COGNITION\learning_consequences.md",".md","253","False","False","True"
"CONTINUITY\ANIMAL\EVENT\CORE\animal_event_core.md",".md","1548","False","False","True"
"CONTINUITY\ANIMAL\EVENT\CORE\animal_event_master_model.md",".md","799","False","False","True"
"CONTINUITY\ANIMAL\GROUP\CORE\group_core.md",".md","997","False","False","True"
"CONTINUITY\ANIMAL\GROUP\CORE\group_master_model.md",".md","444","False","False","True"
"CONTINUITY\ANIMAL\HUMAN_INTERACTION\README.md",".md","1299","False","False","True"
"CONTINUITY\ANIMAL\HUMAN_INTERACTION\CONSEQUENCE\consequence_model.md",".md","260","False","False","True"
"CONTINUITY\ANIMAL\HUMAN_INTERACTION\CORE\human_animal_interaction.md",".md","1193","False","False","True"
"CONTINUITY\ANIMAL\HUMAN_INTERACTION\CORE\interaction_model.md",".md","634","False","False","True"
"CONTINUITY\ANIMAL\HUMAN_INTERACTION\GROUP_INTERACTION\group_response.md",".md","224","False","False","True"
"CONTINUITY\ANIMAL\INDIVIDUAL\README.md",".md","2133","False","False","True"
"CONTINUITY\ANIMAL\INDIVIDUAL\AI_IDENTITY\model_change_validation.md",".md","279","False","False","True"
"CONTINUITY\ANIMAL\INDIVIDUAL\CORE\individual_core.md",".md","963","False","False","True"
"CONTINUITY\ANIMAL\INDIVIDUAL\CORE\individual_master_model.md",".md","570","False","False","True"
"CONTINUITY\ANIMAL\INDIVIDUAL\DIVINE_MYTHOLOGICAL\divine_individual.md",".md","211","False","False","True"
"CONTINUITY\ANIMAL\INDIVIDUAL\INJURY\injury_persistence.md",".md","275","False","False","True"
"CONTINUITY\ANIMAL\INTERACTION\README.md",".md","1262","False","False","True"
"CONTINUITY\ANIMAL\INTERACTION\CORE\causal_model.md",".md","425","False","False","True"
"CONTINUITY\ANIMAL\INTERACTION\CORE\interaction_core.md",".md","776","False","False","True"
"CONTINUITY\ANIMAL\INTERACTION\DIVINE_MYTHOLOGICAL\interaction_model.md",".md","183","False","False","True"
"CONTINUITY\ANIMAL\INTERACTION\SOCIAL\group_signal_propagation.md",".md","200","False","False","True"
"CONTINUITY\ANIMAL\LIGHTING\README.md",".md","1581","True","True","True"
"CONTINUITY\ANIMAL\LIGHTING\AI\animal_lighting_ai_interface.md",".md","341","True","True","True"
"CONTINUITY\ANIMAL\LIGHTING\ANATOMY_LIGHTING\anatomical_light_response.md",".md","269","False","False","True"
"CONTINUITY\ANIMAL\LIGHTING\CORE\animal_lighting_core.md",".md","1167","True","True","True"
"CONTINUITY\ANIMAL\LIGHTING\CORE\master_model.md",".md","501","True","False","True"
"CONTINUITY\ANIMAL\LIGHTING\DIVINE_MYTHOLOGICAL\divine_mythological_lighting.md",".md","370","False","False","True"
"CONTINUITY\ANIMAL\LIGHTING\INTENSITY\light_intensity.md",".md","262","True","False","True"
"CONTINUITY\ANIMAL\LIGHTING\MATERIAL\material_response.md",".md","295","True","False","True"
"CONTINUITY\ANIMAL\LOCOMOTION\README.md",".md","1595","False","False","True"
"CONTINUITY\ANIMAL\LOCOMOTION\CORE\continuity_model.md",".md","341","False","False","True"
"CONTINUITY\ANIMAL\LOCOMOTION\CORE\locomotion_core.md",".md","842","False","False","True"
"CONTINUITY\ANIMAL\LOCOMOTION\CORE\movement_state_model.md",".md","379","False","False","True"
"CONTINUITY\ANIMAL\LOCOMOTION\DIVINE_MYTHOLOGICAL\divine_locomotion.md",".md","179","False","False","True"
"CONTINUITY\ANIMAL\PERCEPTION\README.md",".md","1704","False","False","True"
"CONTINUITY\ANIMAL\PERCEPTION\CORE\perception_core.md",".md","721","False","False","True"
"CONTINUITY\ANIMAL\PERCEPTION\DIVINE_MYTHOLOGICAL\divine_perception.md",".md","182","False","False","True"
"CONTINUITY\ANIMAL\PERCEPTION\GROUP_PERCEPTION\group_perception.md",".md","212","False","False","True"
"CONTINUITY\ANIMAL\PERCEPTION\PERSISTENCE\loss_and_reacquisition.md",".md","193","False","False","True"
"CONTINUITY\ANIMAL\PERCEPTION\SPATIAL_PERCEPTION\depth_perception.md",".md","218","False","False","True"
"CONTINUITY\ANIMAL\PERFORMANCE\README.md",".md","1829","False","True","True"
"CONTINUITY\ANIMAL\PERFORMANCE\CORE\performance_core.md",".md","857","False","False","True"
"CONTINUITY\ANIMAL\PHYSIOLOGY\README.md",".md","1881","False","False","True"
"CONTINUITY\ANIMAL\PHYSIOLOGY\CORE\causal_model.md",".md","295","False","False","True"
"CONTINUITY\ANIMAL\PHYSIOLOGY\CORE\homeostasis_model.md",".md","281","False","False","True"
"CONTINUITY\ANIMAL\PHYSIOLOGY\CORE\physiological_state_model.md",".md","368","False","False","True"
"CONTINUITY\ANIMAL\PHYSIOLOGY\CORE\physiology_core.md",".md","1041","False","False","True"
"CONTINUITY\ANIMAL\PHYSIOLOGY\DIVINE_MYTHOLOGICAL\divine_physiology.md",".md","181","False","False","True"
"CONTINUITY\ANIMAL\POPULATION\README.md",".md","1680","False","True","True"
"CONTINUITY\ANIMAL\POPULATION\CORE\population_core.md",".md","1198","False","False","True"
"CONTINUITY\ANIMAL\POPULATION\CORE\population_state_model.md",".md","323","False","True","True"
"CONTINUITY\ANIMAL\POPULATION\DIVINE_MYTHOLOGICAL\divine_population.md",".md","200","False","False","True"
"CONTINUITY\ANIMAL\QA\README.md",".md","1433","False","True","True"
"CONTINUITY\ANIMAL\QA\AI_GENERATION\ai_generation_qa.md",".md","317","False","True","True"
"CONTINUITY\ANIMAL\QA\AUDIT\qa_audit.md",".md","184","False","True","True"
"CONTINUITY\ANIMAL\QA\CORE\qa_boundary.md",".md","402","False","False","True"
"CONTINUITY\ANIMAL\QA\CORE\qa_core.md",".md","995","True","True","True"
"CONTINUITY\ANIMAL\QA\REGISTRY\qa_registry.md",".md","196","False","False","True"
"CONTINUITY\ANIMAL\REGISTRY\README.md",".md","1612","False","True","True"
"CONTINUITY\ANIMAL\REGISTRY\AI_GENERATION\ai_output_registry.md",".md","211","False","True","True"
"CONTINUITY\ANIMAL\REGISTRY\AI_GENERATION\generation_version_registry.md",".md","181","False","False","True"
"CONTINUITY\ANIMAL\REGISTRY\CORE\registry_core.md",".md","817","False","True","True"
"CONTINUITY\ANIMAL\REGISTRY\CORE\registry_entity_model.md",".md","428","False","True","True"
"CONTINUITY\ANIMAL\REGISTRY\CORE\registry_status_model.md",".md","212","False","False","True"
"CONTINUITY\ANIMAL\REGISTRY\IDENTITY\identity_aliases.md",".md","209","False","False","True"
"CONTINUITY\ANIMAL\REGISTRY\PROVENANCE\asset_lineage.md",".md","174","False","True","True"
"CONTINUITY\ANIMAL\REGISTRY\PROVENANCE\provenance_registry.md",".md","223","False","True","True"
"CONTINUITY\ANIMAL\REGISTRY\QA\error_registry.md",".md","174","False","False","True"
"CONTINUITY\ANIMAL\REGISTRY\QA\qa_registry.md",".md","151","False","False","True"
"CONTINUITY\ANIMAL\REGISTRY\VOCALIZATION\vocalization_registry.md",".md","157","False","True","True"
"CONTINUITY\ANIMAL\SPECIES\README.md",".md","1954","False","True","True"
"CONTINUITY\ANIMAL\SPECIES\CORE\species_core.md",".md","1433","False","False","True"
"CONTINUITY\ANIMAL\SPECIES\CORE\species_state_model.md",".md","413","False","True","True"
"CONTINUITY\ANIMAL\SPECIES\DIVINE_MYTHOLOGICAL\species_model.md",".md","267","False","False","True"
"CONTINUITY\ANIMAL\STATE\README.md",".md","1486","False","False","True"
"CONTINUITY\ANIMAL\STATE\CORE\state_core.md",".md","882","False","False","True"
"CONTINUITY\ANIMAL\STATE\REGISTRY\state_dependency_registry.md",".md","167","False","False","True"
"CONTINUITY\ANIMAL\TRANSFORMATION\README.md",".md","1737","False","True","True"
"CONTINUITY\ANIMAL\TRANSFORMATION\AI\transformation_regeneration.md",".md","230","False","False","True"
"CONTINUITY\ANIMAL\TRANSFORMATION\CORE\transformation_core.md",".md","1161","False","True","True"
"CONTINUITY\ANIMAL\TRANSFORMATION\CORE\transformation_principles.md",".md","601","False","False","True"
"CONTINUITY\ANIMAL\TRANSFORMATION\TRANSITION\transition_model.md",".md","248","False","False","True"
"CONTINUITY\ANIMAL\VOCALIZATION\README.md",".md","1715","False","False","True"
"CONTINUITY\ANIMAL\VOCALIZATION\AI\ai_generation_history.md",".md","154","False","True","True"
"CONTINUITY\ANIMAL\VOCALIZATION\COMMUNICATION\communication_model.md",".md","272","False","False","True"
"CONTINUITY\ANIMAL\VOCALIZATION\CORE\vocalization_core.md",".md","635","False","False","True"
"CONTINUITY\ANIMAL\VOCALIZATION\REGENERATION\vocal_regeneration.md",".md","223","False","False","True"
"CONTINUITY\AUDIO\AUDIO_CONTINUITY_CONTRACT.md",".md","5265","False","True","True"
"CONTINUITY\AUDIO\README.md",".md","2391","True","True","True"
"CONTINUITY\AUDIO\README_LOOPHOLE_CLOSURE.md",".md","2763","False","True","True"
"CONTINUITY\AUDIO\AI\ai_audio_generation.md",".md","369","False","False","True"
"CONTINUITY\AUDIO\AI\ai_generation_history.md",".md","195","False","False","True"
"CONTINUITY\AUDIO\CORE\audio_continuity_core.md",".md","740","False","True","True"
"CONTINUITY\AUDIO\LANGUAGE\LANGUAGE_CONTINUITY_CONTRACT.md",".md","2596","False","True","True"
"CONTINUITY\AUDIO\QA\audio_qa.md",".md","246","False","True","True"
"CONTINUITY\AUDIO\VOICE_HISTORY\voice_history.md",".md","168","False","False","True"
"CONTINUITY\AUDIO\VOICE_IDENTITY\voice_identity.md",".md","221","False","True","True"
"CONTINUITY\AUDIO\VOICE_LOCK\voice_lock.md",".md","221","False","True","True"
"CONTINUITY\AUDIO\VOICE_PROFILE\voice_profile.md",".md","137","True","False","True"
"CONTINUITY\AUDIO\VOICE_TEXTURE\voice_texture.md",".md","139","True","False","True"
"CONTINUITY\AUDIO\VOICE_TIMBRE\voice_timbre.md",".md","141","True","False","True"
"CONTINUITY\CAMERA\CAMERA_CONTINUITY_CONTRACT.md",".md","4559","False","True","True"
"CONTINUITY\CAMERA\CAMERA_HARDENED_CONTINUITY_CONTRACT.md",".md","4747","False","True","True"
"CONTINUITY\CAMERA\README_HARDENED.md",".md","1602","False","False","True"
"CONTINUITY\EVENT\README.md",".md","2121","False","False","True"
"CONTINUITY\EVENT\CORE\event_core.md",".md","1085","False","False","True"
"CONTINUITY\EVENT\CORE\event_master_model.md",".md","664","False","False","True"
"CONTINUITY\EVENT\PRODUCTION_EVENT\ai_production_events.md",".md","267","False","True","True"
"CONTINUITY\EVENT\PRODUCTION_EVENT\production_event.md",".md","280","False","False","True"
"LANGUAGE\01_CORE\LANGUAGE_REGISTRY.md",".md","26551","True","True","True"
"LANGUAGE\02_LANGUAGE_RULES\AWADHI.md",".md","26967","True","True","True"
"LANGUAGE\02_LANGUAGE_RULES\PRONUNCIATION.md",".md","32360","True","True","True"
"LANGUAGE\02_LANGUAGE_RULES\SANSKRIT.md",".md","33879","True","True","True"
"LANGUAGE\03_CHARACTER_LANGUAGE\CHARACTER_LANGUAGE.md",".md","17152","True","True","True"
"LANGUAGE\03_EPISODES\EPISODE_01\EPISODE_LANGUAGE.md",".md","42734","True","True","True"
"LANGUAGE\03_EPISODES\EPISODE_01\RELATIONSHIPS\RELATIONSHIP_LANGUAGE.md",".md","44840","True","True","True"
"LANGUAGE\05_SCRIPT\DIALOGUE.md",".md","15751","True","True","True"
"LANGUAGE\06_TERMINOLOGY\TERMINOLOGY.md",".md","66107","True","True","True"
"LANGUAGE\07_CONTINUITY\LANGUAGE_CONTINUITY.md",".md","47642","True","True","True"
"LANGUAGE\08_QA\LANGUAGE_QA.md",".md","64219","True","True","True"
"LANGUAGE\09_INTEGRATION\HANDOFF.md",".md","24560","True","True","True"
"LANGUAGE\09_INTEGRATION\RAG.md",".md","31899","True","True","True"
"LOCATIONS\README.md",".md","1532","False","False","True"
"LOCATIONS\CORE\location_state_system.md",".md","907","True","False","True"
"MASTER_REGISTRY\CORE\registry_qa.md",".md","939","False","True","True"
"MASTER_REGISTRY\CORE\unique_id_system.md",".md","619","False","False","True"
"MATERIALS\PRODUCTION_COMPLETION_CHECKLIST.md",".md","1972","True","True","True"
"MATERIALS\README.md",".md","6746","True","True","True"
"MATERIALS\01_CORE\completion_standard.md",".md","952","True","True","True"
"MATERIALS\01_CORE\material_data_standard.md",".md","6213","True","True","True"
"MATERIALS\01_CORE\material_identity.md",".md","6595","True","True","True"
"MATERIALS\01_CORE\material_master.md",".md","14880","True","True","True"
"MATERIALS\01_CORE\material_record_requirements.md",".md","795","True","True","True"
"MATERIALS\01_CORE\material_taxonomy.md",".md","2926","True","True","True"
"MATERIALS\01_CORE\source_classification.md",".md","9855","True","True","True"
"MATERIALS\02_MATERIAL_DATABASE\10_stone_rocks.md",".md","2134","True","True","True"
"MATERIALS\02_MATERIAL_DATABASE\13_sand_gravel_aggregate.md",".md","650","True","False","True"
"MATERIALS\02_MATERIAL_DATABASE\31_copper_alloys.md",".md","893","True","True","True"
"MATERIALS\02_MATERIAL_DATABASE\36_material_composites_and_layered_systems.md",".md","895","True","True","True"
"MATERIALS\03_PHYSICS\combustion_fire.md",".md","666","True","False","True"
"MATERIALS\03_PHYSICS\elasticity_plasticity.md",".md","542","True","True","True"
"MATERIALS\03_PHYSICS\fluid_mechanics.md",".md","432","False","False","True"
"MATERIALS\03_PHYSICS\model_validation.md",".md","413","False","False","True"
"MATERIALS\03_PHYSICS\numerical_methods.md",".md","359","False","False","True"
"MATERIALS\03_PHYSICS\organic_material_physics.md",".md","346","True","False","True"
"MATERIALS\03_PHYSICS\physical_models.md",".md","645","False","False","True"
"MATERIALS\03_PHYSICS\physical_provenance.md",".md","586","False","True","True"
"MATERIALS\03_PHYSICS\physics_change_control.md",".md","458","True","True","True"
"MATERIALS\03_PHYSICS\physics_completeness_audit.md",".md","1230","True","True","True"
"MATERIALS\03_PHYSICS\physics_data_standard.md",".md","1814","True","True","True"
"MATERIALS\03_PHYSICS\physics_failure_modes.md",".md","594","True","False","True"
"MATERIALS\03_PHYSICS\physics_master.md",".md","4997","True","True","True"
"MATERIALS\03_PHYSICS\physics_reference_registry.md",".md","439","True","True","True"
"MATERIALS\03_PHYSICS\physics_to_3d_interface.md",".md","310","True","True","True"
"MATERIALS\03_PHYSICS\physics_to_lighting_interface.md",".md","328","True","False","True"
"MATERIALS\03_PHYSICS\real_world_validation.md",".md","530","False","False","True"
"MATERIALS\03_PHYSICS\scale_and_dimension.md",".md","398","False","False","True"
"MATERIALS\03_PHYSICS\simulation_approximation.md",".md","438","False","False","True"
"MATERIALS\03_PHYSICS\simulation_models.md",".md","389","False","False","True"
"MATERIALS\03_PHYSICS\strength_failure_fracture.md",".md","527","False","False","True"
"MATERIALS\03_PHYSICS\surface_microphysics.md",".md","363","True","False","True"
"MATERIALS\03_PHYSICS\uncertainty_and_error.md",".md","938","True","False","True"
"MATERIALS\03_PHYSICS\validity_regimes.md",".md","680","True","False","True"
"MATERIALS\03_PHYSICS\weathering_erosion_physics.md",".md","388","True","False","True"
"MATERIALS\03_PHYSICS\wood_physics.md",".md","414","True","False","True"
"MATERIALS\04_SURFACE_STRUCTURE\asset_material_assignment_register.csv",".csv","155","False","False","True"
"MATERIALS\04_SURFACE_STRUCTURE\material_database_and_assignment_gap_report.md",".md","1687","True","True","True"
"MATERIALS\04_SURFACE_STRUCTURE\medium_structure.md",".md","1547","False","True","True"
"MATERIALS\04_SURFACE_STRUCTURE\micro_surface.md",".md","1745","True","True","True"
"MATERIALS\04_SURFACE_STRUCTURE\multiple_reflection_and_light_transport.md",".md","4434","True","True","True"
"MATERIALS\04_SURFACE_STRUCTURE\README_REPAIR_PACKAGE.md",".md","1190","True","True","True"
"MATERIALS\04_SURFACE_STRUCTURE\sub_micro_structure.md",".md","1714","True","True","True"
"MATERIALS\04_SURFACE_STRUCTURE\surface_change_and_decision_log.md",".md","1095","True","True","True"
"MATERIALS\04_SURFACE_STRUCTURE\surface_cross_folder_contract.md",".md","1994","True","True","True"
"MATERIALS\04_SURFACE_STRUCTURE\surface_evidence_and_research_register.md",".md","1969","True","True","True"
"MATERIALS\04_SURFACE_STRUCTURE\surface_evidence_source_register.md",".md","3293","True","True","True"
"MATERIALS\04_SURFACE_STRUCTURE\surface_failure_modes.md",".md","1922","True","True","True"
"MATERIALS\04_SURFACE_STRUCTURE\surface_implementation_handoff.md",".md","1827","True","True","True"
"MATERIALS\04_SURFACE_STRUCTURE\surface_interfaces_and_layers.md",".md","1547","True","True","True"
"MATERIALS\04_SURFACE_STRUCTURE\surface_material_family_mapping.csv",".csv","4101","True","True","True"
"MATERIALS\04_SURFACE_STRUCTURE\surface_material_research_queue.csv",".csv","8535","True","True","True"
"MATERIALS\04_SURFACE_STRUCTURE\surface_record_standard.md",".md","2210","True","True","True"
"MATERIALS\04_SURFACE_STRUCTURE\surface_release_gate.md",".md","1727","True","True","True"
"MATERIALS\04_SURFACE_STRUCTURE\surface_renderer_test_matrix.md",".md","2130","True","True","True"
"MATERIALS\04_SURFACE_STRUCTURE\surface_renderer_validation_register.csv",".csv","5635","True","True","True"
"MATERIALS\04_SURFACE_STRUCTURE\surface_research_execution_plan.md",".md","5315","True","True","True"
"MATERIALS\04_SURFACE_STRUCTURE\surface_scale_and_filtering.md",".md","1754","True","False","True"
"MATERIALS\04_SURFACE_STRUCTURE\surface_structure_master.md",".md","5281","True","True","True"
"MATERIALS\04_SURFACE_STRUCTURE\surface_validation_and_qa.md",".md","2537","True","True","True"
"MATERIALS\04_SURFACE_STRUCTURE\ONE_PASS_AUDIT_20261009_104240\asset_material_assignment_gaps.csv",".csv","244","False","True","True"
"MATERIALS\04_SURFACE_STRUCTURE\ONE_PASS_AUDIT_20261009_104240\material_database_and_assignment_gap_report.md",".md","1687","True","True","True"
"MATERIALS\04_SURFACE_STRUCTURE\ONE_PASS_AUDIT_20261009_104240\ONE_PASS_COMPLETION_AUDIT.md",".md","4772","True","True","True"
"MATERIALS\04_SURFACE_STRUCTURE\ONE_PASS_AUDIT_20261009_104240\surface_material_family_mapping.csv",".csv","4101","True","True","True"
"MATERIALS\04_SURFACE_STRUCTURE\ONE_PASS_AUDIT_20261009_104240\surface_material_research_queue.csv",".csv","8535","True","True","True"
"MATERIALS\04_SURFACE_STRUCTURE\ONE_PASS_AUDIT_20261009_104240\surface_release_gate_register.csv",".csv","1559","True","True","True"
"MATERIALS\04_SURFACE_STRUCTURE\ONE_PASS_AUDIT_20261009_104240\surface_renderer_validation_register.csv",".csv","5635","True","True","True"
"MATERIALS\05_BEHAVIOR\aging.md",".md","1585","True","True","True"
"MATERIALS\05_BEHAVIOR\dust_dirt_mud.md",".md","1572","True","True","True"
"MATERIALS\05_BEHAVIOR\repair.md",".md","1528","True","True","True"
"MATERIALS\06_STATES\material_state_model.md",".md","4089","True","True","True"
"MATERIALS\07_CONTINUITY\material_continuity_rules.md",".md","1021","True","True","True"
"MATERIALS\08_ASSET_ASSIGNMENTS\asset_assignments.csv",".csv","172","False","False","True"
"MATERIALS\08_ASSET_ASSIGNMENTS\asset_assignment_rules.md",".md","613","True","True","True"
"MATERIALS\09_AI_PRODUCTION\artifact_prevention.md",".md","1548","True","True","True"
"MATERIALS\09_AI_PRODUCTION\material_generation_validation.md",".md","1578","True","True","True"
"MATERIALS\09_AI_PRODUCTION\negative_constraints.md",".md","1575","True","True","True"
"MATERIALS\09_REGISTRY\material_master_registry.csv",".csv","237","False","False","True"
"MATERIALS\10_CONTINUITY_QA\cross_episode_consistency.md",".md","1550","True","True","True"
"MATERIALS\10_CONTINUITY_QA\material_continuity.md",".md","2511","True","True","True"
"MATERIALS\10_CONTINUITY_QA\realism_qa.md",".md","5550","True","True","True"
"MATERIALS\10_CONTINUITY_QA\renderer_test_results.csv",".csv","221","False","False","True"
"MATERIALS\11_EVIDENCE\evidence_ledger.csv",".csv","234","False","True","True"
"MATERIALS\11_PRODUCTION_HANDOFF\3d_handoff.md",".md","1525","True","True","True"
"MATERIALS\11_PRODUCTION_HANDOFF\shader_handoff.md",".md","1546","True","True","True"
"MATERIALS\11_PRODUCTION_HANDOFF\texture_handoff.md",".md","1546","True","True","True"
"MATERIALS\12_REGISTRY\material_evidence_ledger.csv",".csv","227","False","False","True"
"MATERIALS\12_REGISTRY\material_master_registry.csv",".csv","252","False","False","True"
"MATERIALS\12_REGISTRY\material_registry.md",".md","2287","True","True","True"
"MOTIONS\CORE\motion_system.md",".md","1175","False","False","True"
"MOTIONS\MOTION_CAPTURE\mocap_policy.md",".md","636","False","True","True"
"NATURE\README.md",".md","1457","False","True","True"
"NATURE\CORE\nature_system.md",".md","1509","True","True","True"
"NATURE\SKY\sky_system.md",".md","372","False","False","True"
"NATURE\SOIL\soil_system.md",".md","163","False","False","True"
"NATURE\WATER_SYSTEMS\water_cycle_system.md",".md","230","False","True","True"
"PERFORMANCE_LIBRARY\CORE\performance_asset_identity.md",".md","513","False","True","True"
"PERFORMANCE_LIBRARY\CORE\performance_asset_lifecycle.md",".md","298","False","True","True"
"PERFORMANCE_LIBRARY\CORE\performance_library_policy.md",".md","352","True","True","True"
"PERFORMANCE_LIBRARY\CORE\performance_library_system.md",".md","1077","True","True","True"
"PERFORMANCE_LIBRARY\CORE\performance_state.md",".md","283","False","False","True"
"PERFORMANCE_LIBRARY\REGISTRIES\performance_registry.md",".md","323","False","True","True"
"PERFORMANCE_LIBRARY\RETARGETING\CHARACTER_RIGS\character_rig_retargeting.md",".md","318","False","True","True"
"PERFORMANCE_LIBRARY\SOURCES\AI_GENERATED\ai_performance_policy.md",".md","345","True","True","True"
"PERFORMANCE_LIBRARY\SOURCES\MOTION_CAPTURE\mocap_source_registry.md",".md","269","False","True","True"
"PERFORMANCE_LIBRARY\SOURCES\VIDEO_PERFORMANCE\video_source_policy.md",".md","259","False","True","True"
"PROMPTS\README.md",".md","1756","True","True","True"
"PROMPTS\CORE\prompt_policy.md",".md","540","False","False","True"
"PROMPTS\CORE\prompt_qa.md",".md","516","False","True","True"
"PROMPTS\CORE\prompt_system.md",".md","1081","True","True","True"
"PROMPTS\CORE\prompt_versioning.md",".md","329","False","True","True"
"PROMPTS\EPISODE_01\PERFORMANCES\performance_prompts.md",".md","228","False","True","True"
"PROMPTS\EPISODE_01\SHOTS\shot_prompt_registry.md",".md","268","False","True","True"
"PROMPTS\MODEL_FORMATS\IMAGE_MODELS\image_model_formats.md",".md","305","False","True","True"
"PROMPTS\MODEL_FORMATS\LLM_MODELS\llm_model_formats.md",".md","222","False","False","True"
"PROMPTS\MODEL_FORMATS\VIDEO_MODELS\video_model_formats.md",".md","215","False","True","True"
"PROMPTS\MODEL_FORMATS\VOICE_MODELS\voice_model_formats.md",".md","204","False","True","True"
"PROMPTS\PROMPT_TYPES\VIDEO\video_prompts.md",".md","379","False","False","True"
"PROMPTS\PROMPT_TYPES\VOICE\voice_prompts.md",".md","300","False","False","True"
"PROMPTS\REFERENCES\prompt_references.md",".md","305","False","True","True"
"PROMPTS\REGISTRIES\prompt_registry.md",".md","274","False","True","True"
"PROMPTS\VALIDATION\PROMPT_VALIDATION\prompt_validation.md",".md","348","False","True","True"
"PROMPTS\VERSIONING\prompt_versioning.md",".md","211","False","True","True"
"PROPS\MATERIAL_HANDOFF\material_assignment.md",".md","1366","True","True","True"
"TEXTURES\architecture.md",".md","73","False","True","True"
"TEXTURES\cloth.md",".md","66","True","True","True"
"TEXTURES\ground.md",".md","67","False","True","True"
"TEXTURES\hair.md",".md","65","False","True","True"
"TEXTURES\nature.md",".md","67","False","True","True"
"TEXTURES\ornaments.md",".md","70","False","True","True"
"TEXTURES\props.md",".md","66","False","True","True"
"TEXTURES\README.md",".md","67","False","True","True"
"TEXTURES\skin.md",".md","65","False","True","True"
"TEXTURES\texture_reference_index.md",".md","84","False","True","True"
"TEXTURES\water.md",".md","66","False","True","True"
"_PROJECT_AUDIT\duplicate_files.csv",".csv","740344","True","True","True"
"_PROJECT_AUDIT\duplicate_folders.csv",".csv","98151","False","True","True"
"_PROJECT_AUDIT\FINAL_PROJECT_STRUCTURE_AUDIT.txt",".txt","844788","True","True","True"
