"FileName","FullPath","Bytes","HasMaterialId","HasIdentityHeading","HasEvidenceLanguage","HasExplicitStatus","HasUnknownMarker"
"00_database_index.md","C:\Users\hpcnd\OneDrive\Desktop\Ramayana\RAMAYAN\MATERIALS\02_MATERIAL_DATABASE\00_database_index.md","4535","False","False","True","False","True"
"01_material_record_standard.md","C:\Users\hpcnd\OneDrive\Desktop\Ramayana\RAMAYAN\MATERIALS\02_MATERIAL_DATABASE\01_material_record_standard.md","2454","False","True","True","False","False"
"02_material_id_rules.md","C:\Users\hpcnd\OneDrive\Desktop\Ramayana\RAMAYAN\MATERIALS\02_MATERIAL_DATABASE\02_material_id_rules.md","1407","True","False","True","False","True"
"03_source_and_evidence_rules.md","C:\Users\hpcnd\OneDrive\Desktop\Ramayana\RAMAYAN\MATERIALS\02_MATERIAL_DATABASE\03_source_and_evidence_rules.md","2748","False","False","True","False","True"
"04_initial_research_sources.md","C:\Users\hpcnd\OneDrive\Desktop\Ramayana\RAMAYAN\MATERIALS\02_MATERIAL_DATABASE\04_initial_research_sources.md","1477","False","False","True","False","False"
"10_stone_rocks.md","C:\Users\hpcnd\OneDrive\Desktop\Ramayana\RAMAYAN\MATERIALS\02_MATERIAL_DATABASE\10_stone_rocks.md","2134","False","True","True","False","False"
"11_gemstones_crystals.md","C:\Users\hpcnd\OneDrive\Desktop\Ramayana\RAMAYAN\MATERIALS\02_MATERIAL_DATABASE\11_gemstones_crystals.md","1358","False","False","True","False","False"
"12_earth_soil_mud.md","C:\Users\hpcnd\OneDrive\Desktop\Ramayana\RAMAYAN\MATERIALS\02_MATERIAL_DATABASE\12_earth_soil_mud.md","954","False","True","False","False","False"
"13_sand_gravel_aggregate.md","C:\Users\hpcnd\OneDrive\Desktop\Ramayana\RAMAYAN\MATERIALS\02_MATERIAL_DATABASE\13_sand_gravel_aggregate.md","650","False","True","False","False","False"
"14_clay_bricks_mortar_plaster.md","C:\Users\hpcnd\OneDrive\Desktop\Ramayana\RAMAYAN\MATERIALS\02_MATERIAL_DATABASE\14_clay_bricks_mortar_plaster.md","1187","False","False","True","False","False"
"15_minerals_earth_ornamental_materials.md","C:\Users\hpcnd\OneDrive\Desktop\Ramayana\RAMAYAN\MATERIALS\02_MATERIAL_DATABASE\15_minerals_earth_ornamental_materials.md","1427","False","True","True","False","False"
"16_charcoal_ash_soot_particulates.md","C:\Users\hpcnd\OneDrive\Desktop\Ramayana\RAMAYAN\MATERIALS\02_MATERIAL_DATABASE\16_charcoal_ash_soot_particulates.md","993","False","False","False","False","False"
"17_water_and_aqueous_materials.md","C:\Users\hpcnd\OneDrive\Desktop\Ramayana\RAMAYAN\MATERIALS\02_MATERIAL_DATABASE\17_water_and_aqueous_materials.md","967","True","True","False","False","False"
"18_cordage_rope_mats_thatch.md","C:\Users\hpcnd\OneDrive\Desktop\Ramayana\RAMAYAN\MATERIALS\02_MATERIAL_DATABASE\18_cordage_rope_mats_thatch.md","733","False","False","True","False","False"
"19_writing_record_substrates.md","C:\Users\hpcnd\OneDrive\Desktop\Ramayana\RAMAYAN\MATERIALS\02_MATERIAL_DATABASE\19_writing_record_substrates.md","716","False","False","False","False","False"
"20_wood_species.md","C:\Users\hpcnd\OneDrive\Desktop\Ramayana\RAMAYAN\MATERIALS\02_MATERIAL_DATABASE\20_wood_species.md","1263","False","False","False","False","False"
"21_bamboo_reeds_grasses.md","C:\Users\hpcnd\OneDrive\Desktop\Ramayana\RAMAYAN\MATERIALS\02_MATERIAL_DATABASE\21_bamboo_reeds_grasses.md","614","False","True","True","False","False"
"22_bark_plant_fibres.md","C:\Users\hpcnd\OneDrive\Desktop\Ramayana\RAMAYAN\MATERIALS\02_MATERIAL_DATABASE\22_bark_plant_fibres.md","658","False","True","True","False","False"
"30_metals_native.md","C:\Users\hpcnd\OneDrive\Desktop\Ramayana\RAMAYAN\MATERIALS\02_MATERIAL_DATABASE\30_metals_native.md","1066","False","False","True","False","False"
"31_copper_alloys.md","C:\Users\hpcnd\OneDrive\Desktop\Ramayana\RAMAYAN\MATERIALS\02_MATERIAL_DATABASE\31_copper_alloys.md","893","False","False","True","False","True"
"32_iron_steel.md","C:\Users\hpcnd\OneDrive\Desktop\Ramayana\RAMAYAN\MATERIALS\02_MATERIAL_DATABASE\32_iron_steel.md","951","False","False","True","False","False"
"33_precious_metals.md","C:\Users\hpcnd\OneDrive\Desktop\Ramayana\RAMAYAN\MATERIALS\02_MATERIAL_DATABASE\33_precious_metals.md","669","False","False","True","False","False"
"34_other_historical_metals.md","C:\Users\hpcnd\OneDrive\Desktop\Ramayana\RAMAYAN\MATERIALS\02_MATERIAL_DATABASE\34_other_historical_metals.md","643","False","False","True","False","False"
"35_special_historical_materials.md","C:\Users\hpcnd\OneDrive\Desktop\Ramayana\RAMAYAN\MATERIALS\02_MATERIAL_DATABASE\35_special_historical_materials.md","821","False","False","True","False","False"
"36_material_composites_and_layered_systems.md","C:\Users\hpcnd\OneDrive\Desktop\Ramayana\RAMAYAN\MATERIALS\02_MATERIAL_DATABASE\36_material_composites_and_layered_systems.md","895","False","False","True","False","False"
"37_material_data_completeness_audit.md","C:\Users\hpcnd\OneDrive\Desktop\Ramayana\RAMAYAN\MATERIALS\02_MATERIAL_DATABASE\37_material_data_completeness_audit.md","3366","False","False","True","False","True"
"38_material_synonyms_and_translation_control.md","C:\Users\hpcnd\OneDrive\Desktop\Ramayana\RAMAYAN\MATERIALS\02_MATERIAL_DATABASE\38_material_synonyms_and_translation_control.md","670","False","False","True","False","False"
"39_material_research_queue.md","C:\Users\hpcnd\OneDrive\Desktop\Ramayana\RAMAYAN\MATERIALS\02_MATERIAL_DATABASE\39_material_research_queue.md","482","False","False","True","False","True"
"40_ceramics_faience_glazes.md","C:\Users\hpcnd\OneDrive\Desktop\Ramayana\RAMAYAN\MATERIALS\02_MATERIAL_DATABASE\40_ceramics_faience_glazes.md","791","False","False","True","False","False"
"41_glass_mineral.md","C:\Users\hpcnd\OneDrive\Desktop\Ramayana\RAMAYAN\MATERIALS\02_MATERIAL_DATABASE\41_glass_mineral.md","737","False","False","True","False","False"
"50_textile_fibres.md","C:\Users\hpcnd\OneDrive\Desktop\Ramayana\RAMAYAN\MATERIALS\02_MATERIAL_DATABASE\50_textile_fibres.md","757","False","False","False","False","False"
"51_yarns_weaves_fabrics.md","C:\Users\hpcnd\OneDrive\Desktop\Ramayana\RAMAYAN\MATERIALS\02_MATERIAL_DATABASE\51_yarns_weaves_fabrics.md","785","False","False","True","False","False"
"52_textile_finishes.md","C:\Users\hpcnd\OneDrive\Desktop\Ramayana\RAMAYAN\MATERIALS\02_MATERIAL_DATABASE\52_textile_finishes.md","438","False","False","False","False","False"
"60_leather_hide.md","C:\Users\hpcnd\OneDrive\Desktop\Ramayana\RAMAYAN\MATERIALS\02_MATERIAL_DATABASE\60_leather_hide.md","520","False","True","True","False","False"
"61_bone_horn_ivory.md","C:\Users\hpcnd\OneDrive\Desktop\Ramayana\RAMAYAN\MATERIALS\02_MATERIAL_DATABASE\61_bone_horn_ivory.md","520","False","False","False","False","False"
"62_shell_conch_nacre.md","C:\Users\hpcnd\OneDrive\Desktop\Ramayana\RAMAYAN\MATERIALS\02_MATERIAL_DATABASE\62_shell_conch_nacre.md","508","False","False","False","False","False"
"63_feathers_hair_sinew.md","C:\Users\hpcnd\OneDrive\Desktop\Ramayana\RAMAYAN\MATERIALS\02_MATERIAL_DATABASE\63_feathers_hair_sinew.md","469","False","False","False","False","False"
"70_oils_fats_waxes.md","C:\Users\hpcnd\OneDrive\Desktop\Ramayana\RAMAYAN\MATERIALS\02_MATERIAL_DATABASE\70_oils_fats_waxes.md","682","False","False","True","False","False"
"71_resins_gums_latex.md","C:\Users\hpcnd\OneDrive\Desktop\Ramayana\RAMAYAN\MATERIALS\02_MATERIAL_DATABASE\71_resins_gums_latex.md","436","False","True","False","False","False"
"72_adhesives_binders.md","C:\Users\hpcnd\OneDrive\Desktop\Ramayana\RAMAYAN\MATERIALS\02_MATERIAL_DATABASE\72_adhesives_binders.md","518","False","False","False","False","False"
"80_pigments.md","C:\Users\hpcnd\OneDrive\Desktop\Ramayana\RAMAYAN\MATERIALS\02_MATERIAL_DATABASE\80_pigments.md","817","False","False","True","False","False"
"81_dyes_mordants.md","C:\Users\hpcnd\OneDrive\Desktop\Ramayana\RAMAYAN\MATERIALS\02_MATERIAL_DATABASE\81_dyes_mordants.md","685","False","False","True","False","False"
"82_coatings_polishes.md","C:\Users\hpcnd\OneDrive\Desktop\Ramayana\RAMAYAN\MATERIALS\02_MATERIAL_DATABASE\82_coatings_polishes.md","508","False","False","False","False","False"
"90_plant_materials.md","C:\Users\hpcnd\OneDrive\Desktop\Ramayana\RAMAYAN\MATERIALS\02_MATERIAL_DATABASE\90_plant_materials.md","574","False","False","False","False","False"
"91_animal_derived_materials.md","C:\Users\hpcnd\OneDrive\Desktop\Ramayana\RAMAYAN\MATERIALS\02_MATERIAL_DATABASE\91_animal_derived_materials.md","352","False","False","False","False","False"
"92_food_organic_matter.md","C:\Users\hpcnd\OneDrive\Desktop\Ramayana\RAMAYAN\MATERIALS\02_MATERIAL_DATABASE\92_food_organic_matter.md","669","False","False","False","False","False"
"93_composite_historical_materials.md","C:\Users\hpcnd\OneDrive\Desktop\Ramayana\RAMAYAN\MATERIALS\02_MATERIAL_DATABASE\93_composite_historical_materials.md","853","False","False","True","False","False"
"99_material_database_scope_and_gaps.md","C:\Users\hpcnd\OneDrive\Desktop\Ramayana\RAMAYAN\MATERIALS\02_MATERIAL_DATABASE\99_material_database_scope_and_gaps.md","1446","False","False","True","False","True"
