"ResearchID","Priority","MaterialFamilyID","Question","Status","SourceReference","MeasurementMethod","Uncertainty","Owner","Reviewer","NextAction","ClosureEvidence"
"SRQ-0001 ",,"GENERAL ",,"OPEN ",,,,,,"Locate material-specific primary literature, standards, collection/specimen documentation or traceable measurements.","NOT PROVIDED    "
"SRQ-0002 ",,"GENERAL ",,"OPEN ",,,,,,"Record sampling scale, instrument/method, units, number/location of measurements and uncertainty; do not invent dimensions.","NOT PROVIDED    "
"SRQ-0003 ",,"GENERAL ",,"OPEN ",,,,,,"Use measured material data where available; distinguish physical evidence from artistic reconstruction.","NOT PROVIDED    "
"SRQ-0004 ",,"GENERAL ",,"OPEN ",,,,,,"Document layer order, adhesion/interface evidence and whether layering is observed, sourced or hypothesized.","NOT PROVIDED    "
"SRQ-0005 ",,"GENERAL ",,"OPEN ",,,,,,"Compare generated statistics against traceable references or mark the result ARTISTIC_RECONSTRUCTION with rationale.","NOT PROVIDED    "
"SRQ-0006 ",,"FAM-SURF-001 ",,"OPEN ",,,,,,"Identify asset/material assignment first; then gather material-specific metrology or literature.","NOT PROVIDED    "
"SRQ-0007 ",,"FAM-SURF-002 ",,"OPEN ",,,,,,"Identify sediment and state; collect particle-size or specimen evidence.","NOT PROVIDED    "
"SRQ-0008 ",,"FAM-SURF-003 ",,"OPEN ",,,,,,"Link to asset and species/anatomy evidence; otherwise retain FAMILY_LEVEL_ONLY or MULTIPLE_POSSIBILITIES.","NOT PROVIDED    "
"SRQ-0009 ",,"FAM-SURF-004 ",,"OPEN ",,,,,,"Identify metal/alloy and finish before assigning optical or geometric parameters.","NOT PROVIDED    "
"SRQ-0010 ",,"FAM-SURF-005 ",,"OPEN ",,,,,,"Identify body and finish as separate records; document layer topology if present.","NOT PROVIDED    "
"SRQ-0011 ",,"FAM-SURF-006 ",,"OPEN ",,,,,,"Identify garment/prop and textile construction before setting yarn/weave scales.","NOT PROVIDED    "
"SRQ-0012 ",,"FAM-SURF-007 ",,"OPEN ",,,,,,"Split this triage task into material-specific records when the asset inventory is available.","NOT PROVIDED    "
"SRQ-0013 ",,"FAM-SURF-008 ",,"OPEN ",,,,,,"Identify residue and substrate; distinguish loose particulate, stain, and adhered coating.","NOT PROVIDED    "
