"Term","LegacyDocument","CurrentDocumentsContainingTerm"
"accessories","CORE\material_system.md","0"
"aged","CORE\material_state_system.md","0"
"appearing","README.md","0"
"atmospheric","CORE\material_system.md","0"
"burnt","CORE\material_state_system.md","0"
"chipped","CORE\material_state_system.md","0"
"clothing","CORE\material_system.md","0"
"combinations","CORE\material_system.md","0"
"compositing","CORE\material_system.md","0"
"compositing","README.md","0"
"corrected","CORE\material_lock_system.md","0"
"correctly","CORE\material_qa.md","0"
"cracked","CORE\material_state_system.md","0"
"daylight","CORE\material_system.md","0"
"destroyed","CORE\material_state_system.md","0"
"direct_source","CORE\material_evidence_rules.md","0"
"elapsed","CORE\material_state_system.md","0"
"events","CORE\material_state_system.md","0"
"feasibility","CORE\material_selection_rules.md","0"
"filmmaking","CORE\material_evidence_rules.md","0"
"function","CORE\material_selection_rules.md","0"
"generations","README.md","0"
"governs","README.md","0"
"grading","README.md","0"
"heat-damaged","CORE\material_system.md","0"
"historical_research","CORE\material_evidence_rules.md","0"
"iconography","CORE\material_evidence_rules.md","0"
"immersion","CORE\material_state_system.md","0"
"implemented","CORE\material_system.md","0"
"integrated","CORE\material_system.md","0"
"layouts","README.md","0"
"logic","CORE\material_selection_rules.md","0"
"moonlight","CORE\material_system.md","0"
"muddy","CORE\material_state_system.md","0"
"normal_use","CORE\material_state_system.md","0"
"passage","CORE\material_state_system.md","0"
"persistence","CORE\material_state_system.md","0"
"persists","CORE\material_qa.md","0"
"physical-material","CORE\material_system.md","0"
"physical-material","README.md","0"
"plastic-looking","CORE\material_qa.md","0"
"randomly","CORE\material_state_system.md","0"
"reasons","CORE\material_evidence_rules.md","0"
"recognizable","README.md","0"
"reflectivity","CORE\material_qa.md","0"
"reset","CORE\material_state_system.md","0"
"respond","CORE\material_system.md","0"
"restored","CORE\material_state_system.md","0"
"satin","CORE\material_lock_system.md","0"
"scratched","CORE\material_state_system.md","0"
"scratched","CORE\material_system.md","0"
"sized","CORE\material_qa.md","0"
"sooted","CORE\material_state_system.md","0"
"sss","CORE\material_qa.md","0"
"stained","CORE\material_state_system.md","0"
"story","CORE\material_lock_system.md","0"
"story","CORE\material_state_system.md","0"
"synthetic","CORE\material_lock_system.md","0"
"synthetic","CORE\material_selection_rules.md","0"
"synthetic-looking","CORE\material_qa.md","0"
"technical_reconstruction","CORE\material_evidence_rules.md","0"
"things","README.md","0"
"tracked","CORE\material_qa.md","0"
"traditional_source","CORE\material_evidence_rules.md","0"
"transparency","CORE\material_qa.md","0"
"travel","CORE\material_state_system.md","0"
"water_damaged","CORE\material_state_system.md","0"
